word	ipa	thai	stress	arpabet
a	ə	อะ	0	AH
abandon	əˈbæn.dən	อะ-แบน-เดิน	1	AH B AE N D AH N
ability	əˈbɪl.ə.ti	อะ-บิล-เลอะ-ที	1	AH B IH L AH T IY
able	ˈeɪ.bəl	เอ-เบิล	0	EY B AH L
abolish	əˈbɑː.lɪʃ	อะ-บา-ลิช	1	AH B AA L IH SH
abortion	əˈbɔːr.ʃən	อะ-บอร์-เชิน	1	AH B AO R SH AH N
about	əˈbaʊt	อะ-เบาท์	1	AH B AW T
above	əˈbʌv	อะ-บัฟ	1	AH B AH V
abroad	əˈbrɔːd	อะ-บรอด	1	AH B R AO D
absence	ˈæb.səns	แอบ-เซินส์	0	AE B S AH N S
absent	ˈæb.sənt	แอบ-เซินท์	0	AE B S AH N T
absolute	ˈæb.səˌluːt	แอบ-เซอะ-ลูท	0	AE B S AH L UW T
absolutely	ˌæb.səˈluːt.li	แอบ-เซอะ-ลูท-ลี	2	AE B S AH L UW T L IY
absorb	əbˈzɔːrb	เอิบ-ซอร์บ์	1	AH B Z AO R B
abstract	æbˈstrækt	แอบ-สแตรคท์	1	AE B S T R AE K T
absurd	əbˈsɝːd	เอิบ-เซิร์ด	1	AH B S ER D
abundance	əˈbʌn.dəns	อะ-บัน-เดินส์	1	AH B AH N D AH N S
abuse	əˈbjuːs	อะ-บิวส์	1	AH B Y UW S
academic	ˌæk.əˈdem.ɪk	แอค-เคอะ-เด็ม-มิค	2	AE K AH D EH M IH K
academy	əˈkæd.ə.mi	อะ-แคด-เดอะ-มี	1	AH K AE D AH M IY
accelerate	ækˈsel.ɚˌeɪt	แอค-เซ็ล-เลอร์-เอท	1	AE K S EH L ER EY T
accept	ækˈsept	แอค-เซ็ปท์	1	AE K S EH P T
acceptable	ækˈsep.tə.bəl	แอค-เซ็ป-เทอะ-เบิล	1	AE K S EH P T AH B AH L
acceptance	ækˈsep.təns	แอค-เซ็ป-เทินส์	1	AE K S EH P T AH N S
access	ˈækˌses	แอค-เซ็ส	0	AE K S EH S
accessible	ækˈses.ə.bəl	แอค-เซ็ส-เซอะ-เบิล	1	AE K S EH S AH B AH L
accident	ˈæk.sə.dənt	แอค-เซอะ-เดินท์	0	AE K S AH D AH N T
accidentally	ˌæk.səˈden.tə.li	แอค-เซอะ-เด็น-เทอะ-ลี	2	AE K S AH D EH N T AH L IY
acclaim	əˈkleɪm	อะ-เคลม	1	AH K L EY M
accommodate	əˈkɑː.məˌdeɪt	อะ-คา-เมอะ-เดท	1	AH K AA M AH D EY T
accommodation	əˌkɑː.məˈdeɪ.ʃən	อะ-คา-เมอะ-เด-เชิน	3	AH K AA M AH D EY SH AH N
accompany	əˈkʌm.pə.ni	อะ-คัม-เพอะ-นี	1	AH K AH M P AH N IY
accomplish	əˈkɑːm.plɪʃ	อะ-คาม-พลิช	1	AH K AA M P L IH SH
accomplishment	əˈkɑːm.plɪʃ.mənt	อะ-คาม-พลิช-เมินท์	1	AH K AA M P L IH SH M AH N T
accordance	əˈkɔːr.dəns	อะ-คอร์-เดินส์	1	AH K AO R D AH N S
according	əˈkɔːr.dɪŋ	อะ-คอร์-ดิง	1	AH K AO R D IH NG
accordingly	əˈkɔːr.dɪŋ.li	อะ-คอร์-ดิง-ลี	1	AH K AO R D IH NG L IY
account	əˈkaʊnt	อะ-เคาน์ท์	1	AH K AW N T
accountability	əˈkaʊn.təˌbɪl.ɪ.ti	อะ-เคาน์-เทอะ-บิล-ลิ-ที	1	AH K AW N T AH B IH L IH T IY
accountable	əˈkaʊn.tə.bəl	อะ-เคาน์-เทอะ-เบิล	1	AH K AW N T AH B AH L
accountant	əˈkaʊn.tənt	อะ-เคาน์-เทินท์	1	AH K AW N T AH N T
accumulate	əˈkjuː.mjəˌleɪt	อะ-คิว-เมอะ-เลท	1	AH K Y UW M Y AH L EY T
accumulation	əˌkjuː.mjəˈleɪ.ʃən	อะ-คิว-เมอะ-เล-เชิน	3	AH K Y UW M Y AH L EY SH AH N
accuracy	ˈæk.jɚ.ə.si	แอค-เยอร์-อะ-ซี	0	AE K Y ER AH S IY
accurate	ˈæk.jɚ.ət	แอค-เยอร์-เอิท	0	AE K Y ER AH T
accusation	ˌæk.jəˈzeɪ.ʃən	แอค-เยอะ-เซ-เชิน	2	AE K Y AH Z EY SH AH N
accuse	əˈkjuːz	อะ-คิวซ์	1	AH K Y UW Z
accused	əˈkjuːzd	อะ-คิวซ์ด์	1	AH K Y UW Z D
achieve	əˈtʃiːv	อะ-ชีฟ	1	AH CH IY V
achievement	əˈtʃiːv.mənt	อะ-ชีฟ-เมินท์	1	AH CH IY V M AH N T
acid	ˈæs.əd	แอส-เซิด	0	AE S AH D
acknowledge	ækˈnɑː.lɪdʒ	แอค-นา-ลิจ	1	AE K N AA L IH JH
acquire	əˈkwaɪ.ɚ	อะ-ไคว-เออร์	1	AH K W AY ER
acquisition	ˌæk.wəˈzɪʃ.ən	แอค-เวอะ-ซิช-เชิน	2	AE K W AH Z IH SH AH N
across	əˈkrɔːs	อะ-ครอส	1	AH K R AO S
act	ækt	แอคท์	0	AE K T
acted	ˈæk.tɪd	แอค-ทิด	0	AE K T IH D
action	ˈæk.ʃən	แอค-เชิน	0	AE K SH AH N
activate	ˈæk.təˌveɪt	แอค-เทอะ-เวท	0	AE K T AH V EY T
activation	ˌæk.təˈveɪ.ʃən	แอค-เทอะ-เว-เชิน	2	AE K T AH V EY SH AH N
active	ˈæk.tɪv	แอค-ทิฟ	0	AE K T IH V
activist	ˈæk.tə.vəst	แอค-เทอะ-เวิสท์	0	AE K T AH V AH S T
activity	ækˈtɪv.ə.ti	แอค-ทิฟ-เวอะ-ที	1	AE K T IH V AH T IY
actor	ˈæk.tɚ	แอค-เทอร์	0	AE K T ER
actress	ˈæk.trəs	แอค-เทริส	0	AE K T R AH S
actual	ˈæk.tʃə.wəl	แอค-เชอะ-เวิล	0	AE K CH AH W AH L
actually	ˈækˌtʃuː.ə.li	แอค-ชู-อะ-ลี	0	AE K CH UW AH L IY
acute	əˈkjuːt	อะ-คิวท์	1	AH K Y UW T
ad	æd	แอด	0	AE D
adapt	əˈdæpt	อะ-แดปท์	1	AH D AE P T
adaptation	ˌæd.əpˈteɪ.ʃən	แอด-เดิป-เท-เชิน	2	AE D AH P T EY SH AH N
add	æd	แอด	0	AE D
addiction	əˈdɪk.ʃən	อะ-ดิค-เชิน	1	AH D IH K SH AH N
addition	əˈdɪʃ.ən	อะ-ดิช-เชิน	1	AH D IH SH AH N
additional	əˈdɪʃ.ə.nəl	อะ-ดิช-เชอะ-เนิล	1	AH D IH SH AH N AH L
additionally	əˈdɪʃ.əˌnʌl.i	อะ-ดิช-เชอะ-นัล-ลี	1	AH D IH SH AH N AH L IY
address	ˈædˌres	แอด-เร็ส	0	AE D R EH S
addressed	əˈdrest	อะ-เดร็สท์	1	AH D R EH S T
adequate	ˈæd.ə.kwət	แอด-เดอะ-เควิท	0	AE D AH K W AH T
adequately	ˈæd.ə.kwət.li	แอด-เดอะ-เควิท-ลี	0	AE D AH K W AH T L IY
adjacent	əˈdʒeɪ.sənt	อะ-เจ-เซินท์	1	AH JH EY S AH N T
adjust	əˈdʒʌst	อะ-จัสท์	1	AH JH AH S T
adjustment	əˈdʒʌst.mənt	อะ-จัสท์-เมินท์	1	AH JH AH S T M AH N T
administer	ədˈmɪn.ə.stɚ	เอิด-มิน-เนอะ-สเตอร์	1	AH D M IH N AH S T ER
administration	ædˌmɪn.ɪˈstreɪ.ʃən	แอด-มิน-นิ-สเตร-เชิน	3	AE D M IH N IH S T R EY SH AH N
administrative	ədˈmɪn.əˌstreɪ.tɪv	เอิด-มิน-เนอะ-สเตร-ทิฟ	1	AH D M IH N AH S T R EY T IH V
administrator	ədˈmɪn.əˌstreɪ.tɚ	เอิด-มิน-เนอะ-สเตร-เทอร์	1	AH D M IH N AH S T R EY T ER
admire	ædˈmaɪr	แอด-ไมร์	1	AE D M AY R
admission	ædˈmɪʃ.ən	แอด-มิช-เชิน	1	AE D M IH SH AH N
admit	ədˈmɪt	เอิด-มิท	1	AH D M IH T
admitted	ədˈmɪt.ɪd	เอิด-มิท-ทิด	1	AH D M IH T IH D
adolescent	ˌæd.əˈles.ənt	แอด-เดอะ-เล็ส-เซินท์	2	AE D AH L EH S AH N T
adopt	əˈdɑːpt	อะ-ดาปท์	1	AH D AA P T
adoption	əˈdɑːp.ʃən	อะ-ดาป-เชิน	1	AH D AA P SH AH N
adult	əˈdʌlt	อะ-ดัลท์	1	AH D AH L T
advance	ədˈvæns	เอิด-แวนส์	1	AH D V AE N S
advanced	ədˈvænst	เอิด-แวนส์ท์	1	AH D V AE N S T
advantage	ædˈvæn.tɪdʒ	แอด-แวน-ทิจ	1	AE D V AE N T IH JH
adventure	ædˈven.tʃɚ	แอด-เว็น-เชอร์	1	AE D V EH N CH ER
adverse	ædˈvɝːs	แอด-เวิร์ส	1	AE D V ER S
advertise	ˈæd.vɚˌtaɪz	แอด-เวอร์-ไทซ์	0	AE D V ER T AY Z
advertisement	ædˈvɝː.təz.mənt	แอด-เวอร์-เทิซ-เมินท์	1	AE D V ER T AH Z M AH N T
advertising	ˈæd.vɚˌtaɪ.zɪŋ	แอด-เวอร์-ไท-ซิง	0	AE D V ER T AY Z IH NG
advice	ædˈvaɪs	แอด-ไวส์	1	AE D V AY S
advise	ædˈvaɪz	แอด-ไวซ์	1	AE D V AY Z
advocate	ˈæd.və.kət	แอด-เวอะ-เคิท	0	AE D V AH K AH T
aesthetic	esˈθet.ɪk	เอ็ส-เธ็ท-ทิค	1	EH S TH EH T IH K
affair	əˈfer	อะ-แฟร์	1	AH F EH R
affect	əˈfekt	อะ-เฟ็คท์	1	AH F EH K T
affection	əˈfek.ʃən	อะ-เฟ็ค-เชิน	1	AH F EH K SH AH N
affects	əˈfekts	อะ-เฟ็คท์ส์	1	AH F EH K T S
afford	əˈfɔːrd	อะ-ฟอร์ด์	1	AH F AO R D
affordable	əˈfɔːr.də.bəl	อะ-ฟอร์-เดอะ-เบิล	1	AH F AO R D AH B AH L
afraid	əˈfreɪd	อะ-เฟรด	1	AH F R EY D
after	ˈæf.tɚ	แอฟ-เทอร์	0	AE F T ER
aftermath	ˈæf.tɚˌmæθ	แอฟ-เทอร์-แมธ	0	AE F T ER M AE TH
afternoon	ˌæf.tɚˈnuːn	แอฟ-เทอร์-นูน	2	AE F T ER N UW N
afterwards	ˈæf.tɚ.wɚdz	แอฟ-เทอร์-เวิร์ดซ์	0	AE F T ER W ER D Z
again	əˈɡen	อะ-เก็น	1	AH G EH N
against	əˈɡenst	อะ-เก็นส์ท์	1	AH G EH N S T
age	eɪdʒ	เอจ	0	EY JH
aged	eɪdʒd	เอจด์	0	EY JH D
agency	ˈeɪ.dʒən.si	เอ-เจิน-ซี	0	EY JH AH N S IY
agenda	əˈdʒen.də	อะ-เจ็น-เดอะ	1	AH JH EH N D AH
agent	ˈeɪ.dʒənt	เอ-เจินท์	0	EY JH AH N T
aggression	əˈɡreʃ.ən	อะ-เกร็ช-เชิน	1	AH G R EH SH AH N
aggressive	əˈɡres.ɪv	อะ-เกร็ส-ซิฟ	1	AH G R EH S IH V
ago	əˈɡoʊ	อะ-โก	1	AH G OW
agree	əˈɡriː	อะ-กรี	1	AH G R IY
agreement	əˈɡriː.mənt	อะ-กรี-เมินท์	1	AH G R IY M AH N T
agricultural	ˌæɡ.rəˈkʌl.tʃɚ.əl	แอก-เรอะ-คัล-เชอร์-เอิล	2	AE G R AH K AH L CH ER AH L
agriculture	ˈæɡ.rɪˌkʌl.tʃɚ	แอก-ริ-คัล-เชอร์	0	AE G R IH K AH L CH ER
ah	ɑː	อา	0	AA
ahead	əˈhed	อะ-เฮ็ด	1	AH HH EH D
aid	eɪd	เอด	0	EY D
aide	eɪd	เอด	0	EY D
aids	eɪdz	เอดซ์	0	EY D Z
aim	eɪm	เอม	0	EY M
air	er	แอร์	0	EH R
aircraft	ˈerˌkræft	แอร์-แครฟท์	0	EH R K R AE F T
airline	ˈerˌlaɪn	แอร์-ไลน์	0	EH R L AY N
airport	ˈerˌpɔːrt	แอร์-พอร์ท์	0	EH R P AO R T
airway	ˈerˌweɪ	แอร์-เว	0	EH R W EY
alarm	əˈlɑːrm	อะ-ลาร์ม์	1	AH L AA R M
album	ˈæl.bəm	แอล-เบิม	0	AE L B AH M
alcohol	ˈæl.kəˌhɑːl	แอล-เคอะ-ฮาล	0	AE L K AH HH AA L
alcoholic	ˌæl.kəˈhɑː.lɪk	แอล-เคอะ-ฮา-ลิค	2	AE L K AH HH AA L IH K
alien	ˈeɪ.li.ən	เอ-ลี-เอิน	0	EY L IY AH N
align	əˈlaɪn	อะ-ไลน์	1	AH L AY N
alignment	əˈlaɪn.mənt	อะ-ไลน์-เมินท์	1	AH L AY N M AH N T
alike	əˈlaɪk	อะ-ไลค์	1	AH L AY K
alive	əˈlaɪv	อะ-ไลฟ์	1	AH L AY V
all	ɔːl	ออล	0	AO L
allegation	ˌæl.əˈɡeɪ.ʃən	แอล-เลอะ-เก-เชิน	2	AE L AH G EY SH AH N
allege	əˈledʒ	อะ-เล็จ	1	AH L EH JH
allegedly	əˈledʒ.əd.li	อะ-เล็จ-เจิด-ลี	1	AH L EH JH AH D L IY
alliance	əˈlaɪ.əns	อะ-ไล-เอินส์	1	AH L AY AH N S
allocate	ˈæl.əˌkeɪt	แอล-เลอะ-เคท	0	AE L AH K EY T
allocation	ˌæl.əˈkeɪ.ʃən	แอล-เลอะ-เค-เชิน	2	AE L AH K EY SH AH N
allow	əˈlaʊ	อะ-เลา	1	AH L AW
allowance	əˈlaʊ.əns	อะ-เลา-เอินส์	1	AH L AW AH N S
ally	ˈæl.aɪ	แอล-ไล	0	AE L AY
almost	ˈɔːlˌmoʊst	ออล-โมสท์	0	AO L M OW S T
alone	əˈloʊn	อะ-โลน	1	AH L OW N
along	əˈlɔːŋ	อะ-ลอง	1	AH L AO NG
alongside	əˈlɔːŋˈsaɪd	อะ-ลอง-ไซด์	1	AH L AO NG S AY D
already	ɔːlˈred.i	ออล-เร็ด-ดี	1	AO L R EH D IY
also	ˈɔːl.soʊ	ออล-โซ	0	AO L S OW
alter	ˈɔːl.tɚ	ออล-เทอร์	0	AO L T ER
alternative	ɔːlˈtɝː.nə.tɪv	ออล-เทอร์-เนอะ-ทิฟ	1	AO L T ER N AH T IH V
although	ˌɔːlˈðoʊ	ออล-โธ	1	AO L DH OW
altogether	ˌɔːl.təˈɡeð.ɚ	ออล-เทอะ-เก็ธ-เธอร์	2	AO L T AH G EH DH ER
aluminium	əˈluː.mɪ.nəm	อะ-ลู-มิ-เนิม	1	AH L UW M IH N AH M
always	ˈɔːlˌweɪz	ออล-เวซ	0	AO L W EY Z
am	æm	แอม	0	AE M
amateur	ˈæm.əˌtɝː	แอม-เมอะ-เทอร์	0	AE M AH T ER
amazed	əˈmeɪzd	อะ-เมซด์	1	AH M EY Z D
amazing	əˈmeɪ.zɪŋ	อะ-เม-ซิง	1	AH M EY Z IH NG
ambassador	æmˈbæs.ə.dɚ	แอม-แบส-เซอะ-เดอร์	1	AE M B AE S AH D ER
ambition	æmˈbɪʃ.ən	แอม-บิช-เชิน	1	AE M B IH SH AH N
ambitious	æmˈbɪʃ.əs	แอม-บิช-เชิส	1	AE M B IH SH AH S
amend	əˈmend	อะ-เม็นด์	1	AH M EH N D
amendment	əˈmend.mənt	อะ-เม็นด์-เมินท์	1	AH M EH N D M AH N T
amid	əˈmɪd	อะ-มิด	1	AH M IH D
among	əˈmʌŋ	อะ-มัง	1	AH M AH NG
amount	əˈmaʊnt	อะ-เมาน์ท์	1	AH M AW N T
an	æn	แอน	0	AE N
analogy	əˈnæl.ə.dʒi	อะ-แนล-เลอะ-จี	1	AH N AE L AH JH IY
analyse	ˈæn.əˌlaɪz	แอน-เนอะ-ไลซ์	0	AE N AH L AY Z
analysis	əˈnæl.ə.səs	อะ-แนล-เลอะ-เซิส	1	AH N AE L AH S AH S
analyst	ˈæn.ə.lɪst	แอน-เนอะ-ลิสท์	0	AE N AH L IH S T
ancestor	ˈænˌses.tɚ	แอน-เซ็ส-เทอร์	0	AE N S EH S T ER
anchor	ˈæŋ.kɚ	แอง-เคอร์	0	AE NG K ER
ancient	ˈeɪn.tʃənt	เอน-เชินท์	0	EY N CH AH N T
and	ənd	เอินด์	0	AH N D
angel	ˈeɪn.dʒəl	เอน-เจิล	0	EY N JH AH L
anger	ˈæŋ.ɡɚ	แอง-เกอร์	0	AE NG G ER
angle	ˈæŋ.ɡəl	แอง-เกิล	0	AE NG G AH L
angry	ˈæŋ.ɡri	แอง-กรี	0	AE NG G R IY
animal	ˈæn.ə.məl	แอน-เนอะ-เมิล	0	AE N AH M AH L
animation	ˌæn.əˈmeɪ.ʃən	แอน-เนอะ-เม-เชิน	2	AE N AH M EY SH AH N
ankle	ˈæŋ.kəl	แอง-เคิล	0	AE NG K AH L
anniversary	ˌæn.əˈvɝː.sɚ.i	แอน-เนอะ-เวอร์-เซอร์-อี	2	AE N AH V ER S ER IY
announce	əˈnaʊns	อะ-เนาน์ส์	1	AH N AW N S
announced	əˈnaʊnst	อะ-เนาน์ส์ท์	1	AH N AW N S T
announcement	əˈnaʊn.smənt	อะ-เนาน์-สเมินท์	1	AH N AW N S M AH N T
annoy	əˈnɔɪ	อะ-นอย	1	AH N OY
annoyed	əˈnɔɪd	อะ-นอยด์	1	AH N OY D
annoying	əˈnɔɪ.ɪŋ	อะ-นอย-อิง	1	AH N OY IH NG
annual	ˈæn.ju.əl	แอน-ยู-เอิล	0	AE N Y UW AH L
anonymous	əˈnɑː.nə.məs	อะ-นา-เนอะ-เมิส	1	AH N AA N AH M AH S
another	əˈnʌð.ɚ	อะ-นัธ-เธอร์	1	AH N AH DH ER
answer	ˈæn.sɚ	แอน-เซอร์	0	AE N S ER
answerable	ˈæn.sɚ.ə.bəl	แอน-เซอร์-อะ-เบิล	0	AE N S ER AH B AH L
anticipate	ænˈtɪs.əˌpeɪt	แอน-ทิส-เซอะ-เพท	1	AE N T IH S AH P EY T
anticipated	ænˈtɪs.əˌpeɪ.tɪd	แอน-ทิส-เซอะ-เพ-ทิด	1	AE N T IH S AH P EY T IH D
anxiety	æŋˈzaɪ.ə.ti	แอง-ไซ-อะ-ที	1	AE NG Z AY AH T IY
anxious	ˈæŋk.ʃəs	แองค์-เชิส	0	AE NG K SH AH S
any	ˈen.i	เอ็น-นี	0	EH N IY
anybody	ˈen.i.bə.di	เอ็น-นี-เบอะ-ดี	0	EH N IY B AH D IY
anyone	ˈen.iˌwʌn	เอ็น-นี-วัน	0	EH N IY W AH N
anything	ˈen.iˌθɪŋ	เอ็น-นี-ธิง	0	EH N IY TH IH NG
anyway	ˈen.iˌweɪ	เอ็น-นี-เว	0	EH N IY W EY
anywhere	ˈen.iˌwer	เอ็น-นี-แวร์	0	EH N IY W EH R
apart	əˈpɑːrt	อะ-พาร์ท์	1	AH P AA R T
apartment	əˈpɑːrt.mənt	อะ-พาร์ท์-เมินท์	1	AH P AA R T M AH N T
apologize	əˈpɑː.ləˌdʒaɪz	อะ-พา-เลอะ-ไจซ์	1	AH P AA L AH JH AY Z
apology	əˈpɑː.lə.dʒi	อะ-พา-เลอะ-จี	1	AH P AA L AH JH IY
app	æp	แอป	0	AE P
appalling	əˈpɔː.lɪŋ	อะ-พอ-ลิง	1	AH P AO L IH NG
apparatus	ˌæp.ɚˈæt.əs	แอป-เพอร์-แอท-เทิส	2	AE P ER AE T AH S
apparent	əˈper.ənt	อะ-เพ-เรินท์	1	AH P EH R AH N T
apparently	əˈper.ənt.li	อะ-เพ-เรินท์-ลี	1	AH P EH R AH N T L IY
appeal	əˈpiːl	อะ-พีล	1	AH P IY L
appealing	əˈpiː.lɪŋ	อะ-พี-ลิง	1	AH P IY L IH NG
appear	əˈpɪr	อะ-เพียร์	1	AH P IH R
appearance	əˈpɪr.əns	อะ-พิ-เรินส์	1	AH P IH R AH N S
appetite	ˈæp.əˌtaɪt	แอป-เพอะ-ไทท์	0	AE P AH T AY T
applaud	əˈplɔːd	อะ-พลอด	1	AH P L AO D
apple	ˈæp.əl	แอป-เพิล	0	AE P AH L
applicable	ˈæp.lə.kə.bəl	แอป-เลอะ-เคอะ-เบิล	0	AE P L AH K AH B AH L
applicant	ˈæp.lɪ.kənt	แอป-ลิ-เคินท์	0	AE P L IH K AH N T
application	ˌæp.ləˈkeɪ.ʃən	แอป-เลอะ-เค-เชิน	2	AE P L AH K EY SH AH N
apply	əˈplaɪ	อะ-ไพล	1	AH P L AY
appoint	əˈpɔɪnt	อะ-พอยน์ท์	1	AH P OY N T
appointment	əˈpɔɪnt.mənt	อะ-พอยน์ท์-เมินท์	1	AH P OY N T M AH N T
appreciate	əˈpriː.ʃiˌeɪt	อะ-พรี-ชี-เอท	1	AH P R IY SH IY EY T
appreciated	əˈpriː.ʃiˌeɪ.tɪd	อะ-พรี-ชี-เอ-ทิด	1	AH P R IY SH IY EY T IH D
appreciation	əˌpriː.ʃiˈeɪ.ʃən	อะ-พรี-ชี-เอ-เชิน	3	AH P R IY SH IY EY SH AH N
apprentice	əˈpren.təs	อะ-เพร็น-เทิส	1	AH P R EH N T AH S
approach	əˈproʊtʃ	อะ-โพรช	1	AH P R OW CH
appropriate	əˈproʊ.pri.ət	อะ-โพร-พรี-เอิท	1	AH P R OW P R IY AH T
appropriately	əˈproʊ.pri.ɪt.li	อะ-โพร-พรี-อิท-ลี	1	AH P R OW P R IY IH T L IY
approval	əˈpruː.vəl	อะ-พรู-เวิล	1	AH P R UW V AH L
approve	əˈpruːv	อะ-พรูฟ	1	AH P R UW V
approximate	əˈprɑːk.sə.mət	อะ-พราค-เซอะ-เมิท	1	AH P R AA K S AH M AH T
approximately	əˈprɑːk.sə.mət.li	อะ-พราค-เซอะ-เมิท-ลี	1	AH P R AA K S AH M AH T L IY
april	ˈeɪ.prəl	เอ-เพริล	0	EY P R AH L
arbitrary	ˈɑːr.bəˌtrer.i	อาร์-เบอะ-เทร-รี	0	AA R B AH T R EH R IY
arc	ɑːrk	อาร์ค์	0	AA R K
architect	ˈɑːr.kəˌtekt	อาร์-เคอะ-เท็คท์	0	AA R K AH T EH K T
architecture	ˈɑːr.kəˌtek.tʃɚ	อาร์-เคอะ-เท็ค-เชอร์	0	AA R K AH T EH K CH ER
archive	ˈɑːrˌkaɪv	อาร์-ไคฟ์	0	AA R K AY V
are	ɑːr	อาร์	0	AA R
area	ˈer.i.ə	เอ-รี-อะ	0	EH R IY AH
arena	ɚˈiː.nə	เออร์-อี-เนอะ	1	ER IY N AH
arguably	ˈɑːr.ɡju.ə.bli	อาร์-กิว-อะ-บลี	0	AA R G Y UW AH B L IY
argue	ˈɑːr.ɡju	อาร์-กิว	0	AA R G Y UW
argument	ˈɑːr.ɡjə.mənt	อาร์-เกอะ-เมินท์	0	AA R G Y AH M AH N T
arise	ɚˈaɪz	เออร์-ไอซ์	1	ER AY Z
arm	ɑːrm	อาร์ม์	0	AA R M
armed	ɑːrmd	อาร์ม์ด์	0	AA R M D
arms	ɑːrmz	อาร์ม์ซ์	0	AA R M Z
army	ˈɑːr.mi	อาร์-มี	0	AA R M IY
around	ɚˈaʊnd	เออร์-เอาน์ด์	1	ER AW N D
arrange	ɚˈeɪndʒ	เออร์-เอนจ์	1	ER EY N JH
arrangement	ɚˈeɪndʒ.mənt	เออร์-เอนจ์-เมินท์	1	ER EY N JH M AH N T
arrangements	ɚˈeɪndʒ.mənts	เออร์-เอนจ์-เมินท์ส์	1	ER EY N JH M AH N T S
array	ɚˈeɪ	เออร์-เอ	1	ER EY
arrest	ɚˈest	เออร์-เอ็สท์	1	ER EH S T
arrival	ɚˈaɪ.vəl	เออร์-ไอ-เวิล	1	ER AY V AH L
arrive	ɚˈaɪv	เออร์-ไอฟ์	1	ER AY V
arrived	ɚˈaɪvd	เออร์-ไอฟ์ด์	1	ER AY V D
arrow	ˈær.oʊ	แอ-โร	0	AE R OW
art	ɑːrt	อาร์ท์	0	AA R T
article	ˈɑːr.tə.kəl	อาร์-เทอะ-เคิล	0	AA R T AH K AH L
articulate	ɑːrˈtɪk.jəˌleɪt	อาร์-ทิค-เยอะ-เลท	1	AA R T IH K Y AH L EY T
articulated	ɑːrˈtɪk.jəˌleɪ.tɪd	อาร์-ทิค-เยอะ-เล-ทิด	1	AA R T IH K Y AH L EY T IH D
artificial	ˌɑːr.təˈfɪʃ.əl	อาร์-เทอะ-ฟิช-เชิล	2	AA R T AH F IH SH AH L
artist	ˈɑːr.təst	อาร์-เทิสท์	0	AA R T AH S T
artistic	ɑːrˈtɪs.tɪk	อาร์-ทิส-ทิค	1	AA R T IH S T IH K
artwork	ˈɑːrˌtwɝːk	อาร์-เทวิร์ค	0	AA R T W ER K
as	æz	แอซ	0	AE Z
ash	æʃ	แอช	0	AE SH
ashamed	əˈʃeɪmd	อะ-เชมด์	1	AH SH EY M D
aside	əˈsaɪd	อะ-ไซด์	1	AH S AY D
ask	æsk	แอสค์	0	AE S K
asleep	əˈsliːp	อะ-สลีป	1	AH S L IY P
aspect	ˈæsˌpekt	แอส-เพ็คท์	0	AE S P EH K T
aspiration	ˌæs.pɚˈeɪ.ʃən	แอส-เพอร์-เอ-เชิน	2	AE S P ER EY SH AH N
aspire	əˈspaɪr	อะ-สไปร์	1	AH S P AY R
assault	əˈsɔːlt	อะ-ซอลท์	1	AH S AO L T
assemble	əˈsem.bəl	อะ-เซ็ม-เบิล	1	AH S EH M B AH L
assembly	əˈsem.bli	อะ-เซ็ม-บลี	1	AH S EH M B L IY
assert	əˈsɝːt	อะ-เซิร์ท	1	AH S ER T
assertion	əˈsɝː.ʃən	อะ-เซอร์-เชิน	1	AH S ER SH AH N
assess	əˈses	อะ-เซ็ส	1	AH S EH S
assessment	əˈses.mənt	อะ-เซ็ส-เมินท์	1	AH S EH S M AH N T
asset	ˈæsˌet	แอส-เซ็ท	0	AE S EH T
assign	əˈsaɪn	อะ-ไซน์	1	AH S AY N
assignment	əˈsaɪn.mənt	อะ-ไซน์-เมินท์	1	AH S AY N M AH N T
assist	əˈsɪst	อะ-ซิสท์	1	AH S IH S T
assistance	əˈsɪs.təns	อะ-ซิส-เทินส์	1	AH S IH S T AH N S
assistant	əˈsɪs.tənt	อะ-ซิส-เทินท์	1	AH S IH S T AH N T
associate	əˈsoʊ.si.ət	อะ-โซ-ซี-เอิท	1	AH S OW S IY AH T
associated	əˈsoʊ.siˌeɪ.tɪd	อะ-โซ-ซี-เอ-ทิด	1	AH S OW S IY EY T IH D
association	əˌsoʊ.siˈeɪ.ʃən	อะ-โซ-ซี-เอ-เชิน	3	AH S OW S IY EY SH AH N
assume	əˈsuːm	อะ-ซูม	1	AH S UW M
assumption	əˈsʌmp.ʃən	อะ-ซัมป์-เชิน	1	AH S AH M P SH AH N
assumptions	əˈsʌmp.ʃənz	อะ-ซัมป์-เชินซ์	1	AH S AH M P SH AH N Z
assurance	əˈʃʊr.əns	อะ-ชุ-เรินส์	1	AH SH UH R AH N S
assure	əˈʃʊr	อะ-ชัวร์	1	AH SH UH R
astonishing	əˈstɑː.nɪ.ʃɪŋ	อะ-สตา-นิ-ชิง	1	AH S T AA N IH SH IH NG
asylum	əˈsaɪ.ləm	อะ-ไซ-เลิม	1	AH S AY L AH M
at	æt	แอท	0	AE T
athlete	ˈæθˌliːt	แอธ-ลีท	0	AE TH L IY T
athletic	æθˈlet.ɪk	แอธ-เล็ท-ทิค	1	AE TH L EH T IH K
atmosphere	ˈæt.məˌsfɪr	แอท-เมอะ-สเฟียร์	0	AE T M AH S F IH R
attach	əˈtætʃ	อะ-แทช	1	AH T AE CH
attack	əˈtæk	อะ-แทค	1	AH T AE K
attain	əˈteɪn	อะ-เทน	1	AH T EY N
attempt	əˈtempt	อะ-เท็มป์ท์	1	AH T EH M P T
attend	əˈtend	อะ-เท็นด์	1	AH T EH N D
attendance	əˈten.dəns	อะ-เท็น-เดินส์	1	AH T EH N D AH N S
attending	əˈten.dɪŋ	อะ-เท็น-ดิง	1	AH T EH N D IH NG
attention	əˈten.ʃən	อะ-เท็น-เชิน	1	AH T EH N SH AH N
attic	ˈæt.ɪk	แอท-ทิค	0	AE T IH K
attitude	ˈæt.əˌtuːd	แอท-เทอะ-ทูด	0	AE T AH T UW D
attorney	əˈtɝː.ni	อะ-เทอร์-นี	1	AH T ER N IY
attract	əˈtrækt	อะ-แทรคท์	1	AH T R AE K T
attraction	əˈtræk.ʃən	อะ-แทรค-เชิน	1	AH T R AE K SH AH N
attractive	əˈtræk.tɪv	อะ-แทรค-ทิฟ	1	AH T R AE K T IH V
attribute	ˈæt.rəˌbjuːt	แอท-เรอะ-บิวท์	0	AE T R AH B Y UW T
audience	ˈɑː.di.əns	อา-ดี-เอินส์	0	AA D IY AH N S
audit	ˈɔː.dɪt	ออ-ดิท	0	AO D IH T
august	ˈɑː.ɡəst	อา-เกิสท์	0	AA G AH S T
aunt	ænt	แอนท์	0	AE N T
authentic	əˈθen.tɪk	อะ-เธ็น-ทิค	1	AH TH EH N T IH K
author	ˈɔː.θɚ	ออ-เธอร์	0	AO TH ER
authority	əˈθɔː.rə.ti	อะ-ธอ-เรอะ-ที	1	AH TH AO R AH T IY
authorize	ˈɔː.θɚˌaɪz	ออ-เธอร์-ไอซ์	0	AO TH ER AY Z
automation	ɔː.təˈmeɪ.ʃən	ออ-เทอะ-เม-เชิน	2	AO T AH M EY SH AH N
autonomy	ɔːˈtɑː.nə.mi	ออ-ทา-เนอะ-มี	1	AO T AA N AH M IY
autumn	ˈɔː.təm	ออ-เทิม	0	AO T AH M
availability	əˌveɪ.ləˈbɪl.ə.ti	อะ-เว-เลอะ-บิล-เลอะ-ที	3	AH V EY L AH B IH L AH T IY
available	əˈveɪ.lə.bəl	อะ-เว-เลอะ-เบิล	1	AH V EY L AH B AH L
average	ˈæv.ɚ.ɪdʒ	แอฟ-เวอร์-อิจ	0	AE V ER IH JH
avoid	əˈvɔɪd	อะ-วอยด์	1	AH V OY D
await	əˈweɪt	อะ-เวท	1	AH W EY T
award	əˈwɔːrd	อะ-วอร์ด์	1	AH W AO R D
aware	əˈwer	อะ-แวร์	1	AH W EH R
awareness	əˈwer.nəs	อะ-แวร์-เนิส	1	AH W EH R N AH S
away	əˈweɪ	อะ-เว	1	AH W EY
awesome	ˈɑː.səm	อา-เซิม	0	AA S AH M
awful	ˈɑː.fəl	อา-เฟิล	0	AA F AH L
awkward	ˈɑː.kwɚd	อา-เควิร์ด	0	AA K W ER D
baby	ˈbeɪ.bi	เบ-บี	0	B EY B IY
back	bæk	แบค	0	B AE K
background	ˈbækˌɡraʊnd	แบค-เกราน์ด์	0	B AE K G R AW N D
backing	ˈbæk.ɪŋ	แบค-คิง	0	B AE K IH NG
backlash	ˈbækˌlæʃ	แบค-แลช	0	B AE K L AE SH
backup	ˈbækˌʌp	แบค-คัป	0	B AE K AH P
backwards	ˈbæk.wɚdz	แบค-เวิร์ดซ์	0	B AE K W ER D Z
bacteria	bækˈtɪr.i.ə	แบค-ทิ-รี-อะ	1	B AE K T IH R IY AH
bad	bæd	แบด	0	B AE D
badly	ˈbæd.li	แบด-ลี	0	B AE D L IY
bag	bæɡ	แบก	0	B AE G
bags	bæɡz	แบกซ์	0	B AE G Z
bail	beɪl	เบล	0	B EY L
bake	beɪk	เบค	0	B EY K
balance	ˈbæl.əns	แบล-เลินส์	0	B AE L AH N S
ball	bɔːl	บอล	0	B AO L
ballet	bæˈleɪ	แบ-เล	1	B AE L EY
ballot	ˈbæl.ət	แบล-เลิท	0	B AE L AH T
ban	bæn	แบน	0	B AE N
banana	bəˈnæn.ə	เบอะ-แนน-เนอะ	1	B AH N AE N AH
band	bænd	แบนด์	0	B AE N D
bank	bæŋk	แบงค์	0	B AE NG K
bankruptcy	ˈbæŋ.krəp.si	แบง-เคริป-ซี	0	B AE NG K R AH P S IY
banner	ˈbæn.ɚ	แบน-เนอร์	0	B AE N ER
bar	bɑːr	บาร์	0	B AA R
bare	ber	แบร์	0	B EH R
barely	ˈber.li	แบร์-ลี	0	B EH R L IY
bargain	ˈbɑːr.ɡən	บาร์-เกิน	0	B AA R G AH N
barrel	ˈbær.əl	แบ-เริล	0	B AE R AH L
barrier	ˈbær.i.ɚ	แบ-รี-เออร์	0	B AE R IY ER
base	beɪs	เบส	0	B EY S
baseball	ˈbeɪsˈbɔːl	เบส-บอล	0	B EY S B AO L
based	beɪst	เบสท์	0	B EY S T
baseline	ˈbeɪˌslaɪn	เบ-สไลน์	0	B EY S L AY N
basement	ˈbeɪ.smənt	เบ-สเมินท์	0	B EY S M AH N T
basic	ˈbeɪ.sɪk	เบ-ซิค	0	B EY S IH K
basically	ˈbeɪ.sɪ.kli	เบ-ซิ-คลี	0	B EY S IH K L IY
basis	ˈbeɪ.səs	เบ-เซิส	0	B EY S AH S
basketball	ˈbæs.kətˌbɔːl	แบส-เคิท-บอล	0	B AE S K AH T B AO L
batch	bætʃ	แบช	0	B AE CH
bath	bæθ	แบธ	0	B AE TH
bathroom	ˈbæθˌruːm	แบธ-รูม	0	B AE TH R UW M
battery	ˈbæt.ɚ.i	แบท-เทอร์-อี	0	B AE T ER IY
battle	ˈbæt.əl	แบท-เทิล	0	B AE T AH L
be	biː	บี	0	B IY
beach	biːtʃ	บีช	0	B IY CH
beam	biːm	บีม	0	B IY M
bean	biːn	บีน	0	B IY N
bear	ber	แบร์	0	B EH R
bearing	ˈber.ɪŋ	เบ-ริง	0	B EH R IH NG
beat	biːt	บีท	0	B IY T
beautiful	ˈbjuː.tə.fəl	บิว-เทอะ-เฟิล	0	B Y UW T AH F AH L
beauty	ˈbjuː.ti	บิว-ที	0	B Y UW T IY
because	bɪˈkɔːz	บิ-คอซ	1	B IH K AO Z
become	bɪˈkʌm	บิ-คัม	1	B IH K AH M
bed	bed	เบ็ด	0	B EH D
bedroom	ˈbedˌruːm	เบ็ด-รูม	0	B EH D R UW M
bee	biː	บี	0	B IY
beef	biːf	บีฟ	0	B IY F
been	bɪn	บิน	0	B IH N
beer	bɪr	เบียร์	0	B IH R
before	bɪˈfɔːr	บิ-ฟอร์	1	B IH F AO R
beg	beɡ	เบ็ก	0	B EH G
begin	bɪˈɡɪn	บิ-กิน	1	B IH G IH N
beginning	bɪˈɡɪn.ɪŋ	บิ-กิน-นิง	1	B IH G IH N IH NG
begun	bɪˈɡʌn	บิ-กัน	1	B IH G AH N
behalf	bɪˈhæf	บิ-แฮฟ	1	B IH HH AE F
behave	bɪˈheɪv	บิ-เฮฟ	1	B IH HH EY V
behaviour	bɪˈheɪ.vjɚ	บิ-เฮ-เวอร์	1	B IH HH EY V Y ER
behind	bɪˈhaɪnd	บิ-ไฮน์ด์	1	B IH HH AY N D
being	ˈbiː.ɪŋ	บี-อิง	0	B IY IH NG
belief	bɪˈliːf	บิ-ลีฟ	1	B IH L IY F
believe	bɪˈliːv	บิ-ลีฟ	1	B IH L IY V
bell	bel	เบ็ล	0	B EH L
belong	bɪˈlɔːŋ	บิ-ลอง	1	B IH L AO NG
beloved	bɪˈlʌvd	บิ-ลัฟด์	1	B IH L AH V D
below	bɪˈloʊ	บิ-โล	1	B IH L OW
belt	belt	เบ็ลท์	0	B EH L T
bench	bentʃ	เบ็นช์	0	B EH N CH
benchmark	ˈbentʃˌmɑːrk	เบ็นช์-มาร์ค์	0	B EH N CH M AA R K
bend	bend	เบ็นด์	0	B EH N D
beneath	bɪˈniːθ	บิ-นีธ	1	B IH N IY TH
beneficial	ˌben.əˈfɪʃ.əl	เบ็น-เนอะ-ฟิช-เชิล	2	B EH N AH F IH SH AH L
beneficiary	ˌben.əˈfɪʃ.iˌer.i	เบ็น-เนอะ-ฟิช-ชี-เอ-รี	2	B EH N AH F IH SH IY EH R IY
benefit	ˈben.ə.fɪt	เบ็น-เนอะ-ฟิท	0	B EH N AH F IH T
bent	bent	เบ็นท์	0	B EH N T
best	best	เบ็สท์	0	B EH S T
bet	bet	เบ็ท	0	B EH T
betray	bɪˈtreɪ	บิ-เทร	1	B IH T R EY
better	ˈbet.ɚ	เบ็ท-เทอร์	0	B EH T ER
between	bɪˈtwiːn	บิ-ทวีน	1	B IH T W IY N
beyond	bɪˈɑːnd	บิ-อานด์	1	B IH AA N D
bias	ˈbaɪ.əs	ไบ-เอิส	0	B AY AH S
biased	ˈbaɪ.əst	ไบ-เอิสท์	0	B AY AH S T
bicycle	ˈbaɪ.sɪ.kəl	ไบ-ซิ-เคิล	0	B AY S IH K AH L
bid	bɪd	บิด	0	B IH D
big	bɪɡ	บิก	0	B IH G
bike	baɪk	ไบค์	0	B AY K
bill	bɪl	บิล	0	B IH L
billion	ˈbɪl.jən	บิล-เยิน	0	B IH L Y AH N
bin	bɪn	บิน	0	B IH N
biography	baɪˈɑː.ɡrə.fi	ไบ-อา-เกรอะ-ฟี	1	B AY AA G R AH F IY
biology	baɪˈɑː.lə.dʒi	ไบ-อา-เลอะ-จี	1	B AY AA L AH JH IY
bird	bɝːd	เบิร์ด	0	B ER D
birds	bɝːdz	เบิร์ดซ์	0	B ER D Z
birth	bɝːθ	เบิร์ธ	0	B ER TH
birthday	ˈbɝːθˌdeɪ	เบิร์ธ-เด	0	B ER TH D EY
biscuit	ˈbɪs.kət	บิส-เคิท	0	B IH S K AH T
bit	bɪt	บิท	0	B IH T
bite	baɪt	ไบท์	0	B AY T
bitter	ˈbɪt.ɚ	บิท-เทอร์	0	B IH T ER
bizarre	bəˈzɑːr	เบอะ-ซาร์	1	B AH Z AA R
black	blæk	แบลค	0	B L AE K
blade	bleɪd	เบลด	0	B L EY D
blame	bleɪm	เบลม	0	B L EY M
blank	blæŋk	แบลงค์	0	B L AE NG K
blast	blæst	แบลสท์	0	B L AE S T
bleed	bliːd	บลีด	0	B L IY D
blend	blend	เบล็นด์	0	B L EH N D
bless	bles	เบล็ส	0	B L EH S
blessing	ˈbles.ɪŋ	เบล็ส-ซิง	0	B L EH S IH NG
blind	blaɪnd	ไบลน์ด์	0	B L AY N D
block	blɑːk	บลาค	0	B L AA K
blog	blɔːɡ	บลอก	0	B L AO G
blonde	blɑːnd	บลานด์	0	B L AA N D
blood	blʌd	บลัด	0	B L AH D
blow	bloʊ	โบล	0	B L OW
blue	bluː	บลู	0	B L UW
board	bɔːrd	บอร์ด์	0	B AO R D
boarding	ˈbɔːr.dɪŋ	บอร์-ดิง	0	B AO R D IH NG
boat	boʊt	โบท	0	B OW T
body	ˈbɑː.di	บา-ดี	0	B AA D IY
boil	bɔɪl	บอยล์	0	B OY L
boils	bɔɪlz	บอยล์ซ์	0	B OY L Z
bold	boʊld	โบลด์	0	B OW L D
bomb	bɑːm	บาม	0	B AA M
bombing	ˈbɑː.mɪŋ	บา-มิง	0	B AA M IH NG
bond	bɑːnd	บานด์	0	B AA N D
bone	boʊn	โบน	0	B OW N
bonus	ˈboʊ.nəs	โบ-เนิส	0	B OW N AH S
book	bʊk	บุค	0	B UH K
boom	buːm	บูม	0	B UW M
boost	buːst	บูสท์	0	B UW S T
boot	buːt	บูท	0	B UW T
border	ˈbɔːr.dɚ	บอร์-เดอร์	0	B AO R D ER
bored	bɔːrd	บอร์ด์	0	B AO R D
boring	ˈbɔː.rɪŋ	บอ-ริง	0	B AO R IH NG
born	bɔːrn	บอร์น์	0	B AO R N
borrow	ˈbɑːˌroʊ	บา-โร	0	B AA R OW
boss	bɑːs	บาส	0	B AA S
both	boʊθ	โบธ	0	B OW TH
bother	ˈbɑː.ðɚ	บา-เธอร์	0	B AA DH ER
bottle	ˈbɑː.təl	บา-เทิล	0	B AA T AH L
bottom	ˈbɑː.təm	บา-เทิม	0	B AA T AH M
bought	bɑːt	บาท	0	B AA T
boundary	ˈbaʊn.dɚ.i	เบาน์-เดอร์-อี	0	B AW N D ER IY
bow	baʊ	เบา	0	B AW
bowl	boʊl	โบล	0	B OW L
box	bɑːks	บาคส์	0	B AA K S
boy	bɔɪ	บอย	0	B OY
boyfriend	ˈbɔɪˌfrend	บอย-เฟร็นด์	0	B OY F R EH N D
brain	breɪn	เบรน	0	B R EY N
branch	bræntʃ	แบรนช์	0	B R AE N CH
branches	ˈbræn.tʃəz	แบรน-เชิซ	0	B R AE N CH AH Z
brand	brænd	แบรนด์	0	B R AE N D
brave	breɪv	เบรฟ	0	B R EY V
breach	briːtʃ	บรีช	0	B R IY CH
bread	bred	เบร็ด	0	B R EH D
break	breɪk	เบรค	0	B R EY K
breakdown	ˈbreɪkˌdaʊn	เบรค-เดาน์	0	B R EY K D AW N
breakfast	ˈbrek.fəst	เบร็ค-เฟิสท์	0	B R EH K F AH S T
breakthrough	ˈbreɪkˌθruː	เบรค-ธรู	0	B R EY K TH R UW
breast	brest	เบร็สท์	0	B R EH S T
breath	breθ	เบร็ธ	0	B R EH TH
breathe	briːð	บรีธ	0	B R IY DH
breathing	ˈbriː.ðɪŋ	บรี-ธิง	0	B R IY DH IH NG
breed	briːd	บรีด	0	B R IY D
bribe	braɪb	ไบรบ์	0	B R AY B
brick	brɪk	บริค	0	B R IH K
bride	braɪd	ไบรด์	0	B R AY D
bridge	brɪdʒ	บริจ	0	B R IH JH
brief	briːf	บรีฟ	0	B R IY F
briefly	ˈbriː.fli	บรี-ฟลี	0	B R IY F L IY
bright	braɪt	ไบรท์	0	B R AY T
brilliant	ˈbrɪl.jənt	บริล-เยินท์	0	B R IH L Y AH N T
bring	brɪŋ	บริง	0	B R IH NG
broad	brɔːd	บรอด	0	B R AO D
broadcast	ˈbrɔːdˌkæst	บรอด-แคสท์	0	B R AO D K AE S T
broke	broʊk	โบรค	0	B R OW K
broken	ˈbroʊ.kən	โบร-เคิน	0	B R OW K AH N
brother	ˈbrʌð.ɚ	บรัธ-เธอร์	0	B R AH DH ER
brown	braʊn	เบราน์	0	B R AW N
brush	brʌʃ	บรัช	0	B R AH SH
brutal	ˈbruː.təl	บรู-เทิล	0	B R UW T AH L
bubble	ˈbʌb.əl	บับ-เบิล	0	B AH B AH L
budget	ˈbʌdʒ.ɪt	บัจ-จิท	0	B AH JH IH T
build	bɪld	บิลด์	0	B IH L D
building	ˈbɪl.dɪŋ	บิล-ดิง	0	B IH L D IH NG
bulk	bʌlk	บัลค์	0	B AH L K
bullet	ˈbʊl.ət	บุล-เลิท	0	B UH L AH T
bunch	bʌntʃ	บันช์	0	B AH N CH
burden	ˈbɝː.dən	เบอร์-เดิน	0	B ER D AH N
bureaucracy	bjʊˈrɑː.krə.si	บิว-รา-เครอะ-ซี	1	B Y UH R AA K R AH S IY
burial	ˈber.i.əl	เบ-รี-เอิล	0	B EH R IY AH L
burn	bɝːn	เบิร์น	0	B ER N
burst	bɝːst	เบิร์สท์	0	B ER S T
bury	ˈber.i	เบ-รี	0	B EH R IY
bus	bʌs	บัส	0	B AH S
bush	bʊʃ	บุช	0	B UH SH
business	ˈbɪz.nəs	บิซ-เนิส	0	B IH Z N AH S
businessman	ˈbɪz.nəˌsmæn	บิซ-เนอะ-สแมน	0	B IH Z N AH S M AE N
busy	ˈbɪz.i	บิซ-ซี	0	B IH Z IY
but	bʌt	บัท	0	B AH T
butter	ˈbʌt.ɚ	บัท-เทอร์	0	B AH T ER
button	ˈbʌt.ən	บัท-เทิน	0	B AH T AH N
buy	baɪ	ไบ	0	B AY
buyer	ˈbaɪ.ɚ	ไบ-เออร์	0	B AY ER
by	baɪ	ไบ	0	B AY
bye	baɪ	ไบ	0	B AY
cabinet	ˈkæb.ə.nət	แคบ-เบอะ-เนิท	0	K AE B AH N AH T
cable	ˈkeɪ.bəl	เค-เบิล	0	K EY B AH L
cafe	kəˈfeɪ	เคอะ-เฟ	1	K AH F EY
cake	keɪk	เคค	0	K EY K
calculate	ˈkæl.kjəˌleɪt	แคล-เคอะ-เลท	0	K AE L K Y AH L EY T
calculation	ˌkæl.kjəˈleɪ.ʃən	แคล-เคอะ-เล-เชิน	2	K AE L K Y AH L EY SH AH N
call	kɔːl	คอล	0	K AO L
calm	kɑːm	คาม	0	K AA M
came	keɪm	เคม	0	K EY M
camera	ˈkæm.ɚ.ə	แคม-เมอร์-อะ	0	K AE M ER AH
camp	kæmp	แคมป์	0	K AE M P
campaign	kæmˈpeɪn	แคม-เพน	1	K AE M P EY N
campaigning	kæmˈpeɪ.nɪŋ	แคม-เพ-นิง	1	K AE M P EY N IH NG
camping	ˈkæm.pɪŋ	แคม-พิง	0	K AE M P IH NG
campus	ˈkæm.pəs	แคม-เพิส	0	K AE M P AH S
can	kæn	แคน	0	K AE N
canal	kəˈnæl	เคอะ-แนล	1	K AH N AE L
cancel	ˈkæn.səl	แคน-เซิล	0	K AE N S AH L
cancer	ˈkæn.sɚ	แคน-เซอร์	0	K AE N S ER
candidate	ˈkæn.də.deɪt	แคน-เดอะ-เดท	0	K AE N D AH D EY T
candidates	ˈkæn.də.deɪts	แคน-เดอะ-เดทส์	0	K AE N D AH D EY T S
candle	ˈkæn.dəl	แคน-เดิล	0	K AE N D AH L
cannot	ˈkæn.ɑːt	แคน-นาท	0	K AE N AA T
canvas	ˈkæn.vəs	แคน-เวิส	0	K AE N V AH S
cap	kæp	แคป	0	K AE P
capability	ˌkeɪ.pəˈbɪl.ə.ti	เค-เพอะ-บิล-เลอะ-ที	2	K EY P AH B IH L AH T IY
capable	ˈkeɪ.pə.bəl	เค-เพอะ-เบิล	0	K EY P AH B AH L
capacity	kəˈpæs.ə.ti	เคอะ-แพส-เซอะ-ที	1	K AH P AE S AH T IY
capital	ˈkæp.ə.təl	แคป-เพอะ-เทิล	0	K AE P AH T AH L
capitalism	ˈkæp.ɪ.təˌlɪz.əm	แคป-พิ-เทอะ-ลิซ-เซิม	0	K AE P IH T AH L IH Z AH M
capitalist	ˈkæp.ə.tə.lɪst	แคป-เพอะ-เทอะ-ลิสท์	0	K AE P AH T AH L IH S T
captain	ˈkæp.tən	แคป-เทิน	0	K AE P T AH N
capture	ˈkæp.tʃɚ	แคป-เชอร์	0	K AE P CH ER
car	kɑːr	คาร์	0	K AA R
card	kɑːrd	คาร์ด์	0	K AA R D
care	ker	แคร์	0	K EH R
career	kɚˈɪr	เคอร์-เอียร์	1	K ER IH R
careful	ˈker.fəl	แคร์-เฟิล	0	K EH R F AH L
carefully	ˈker.fə.li	แคร์-เฟอะ-ลี	0	K EH R F AH L IY
careless	ˈker.ləs	แคร์-เลิส	0	K EH R L AH S
cargo	ˈkɑːrˌɡoʊ	คาร์-โก	0	K AA R G OW
carpet	ˈkɑːr.pət	คาร์-เพิท	0	K AA R P AH T
carriage	ˈkær.ɪdʒ	แค-ริจ	0	K AE R IH JH
carrot	ˈkær.ət	แค-เริท	0	K AE R AH T
carry	ˈkær.i	แค-รี	0	K AE R IY
cartoon	kɑːrˈtuːn	คาร์-ทูน	1	K AA R T UW N
carve	kɑːrv	คาร์ฟ์	0	K AA R V
case	keɪs	เคส	0	K EY S
cash	kæʃ	แคช	0	K AE SH
cast	kæst	แคสท์	0	K AE S T
castle	ˈkæs.əl	แคส-เซิล	0	K AE S AH L
casualty	ˈkæʒ.ə.wəl.ti	แคช-เชอะ-เวิล-ที	0	K AE ZH AH W AH L T IY
cat	kæt	แคท	0	K AE T
catalogue	ˈkæt.əˌlɔːɡ	แคท-เทอะ-ลอก	0	K AE T AH L AO G
catch	kætʃ	แคช	0	K AE CH
category	ˈkæt.əˌɡɔː.ri	แคท-เทอะ-กอ-รี	0	K AE T AH G AO R IY
cater	ˈkeɪ.tɚ	เค-เทอร์	0	K EY T ER
cattle	ˈkæt.əl	แคท-เทิล	0	K AE T AH L
cause	kɑːz	คาซ	0	K AA Z
caution	ˈkɑː.ʃən	คา-เชิน	0	K AA SH AH N
cautious	ˈkɔː.ʃəs	คอ-เชิส	0	K AO SH AH S
cd	ˌsiːˈdiː	ซี-ดี	1	S IY D IY
cease	siːs	ซีส	0	S IY S
ceasefire	ˈsiːˈsfaɪ.ɚ	ซี-สไฟ-เออร์	0	S IY S F AY ER
ceiling	ˈsiː.lɪŋ	ซี-ลิง	0	S IY L IH NG
celebrate	ˈsel.əˌbreɪt	เซ็ล-เลอะ-เบรท	0	S EH L AH B R EY T
celebrated	ˈsel.əˌbreɪ.tɪd	เซ็ล-เลอะ-เบร-ทิด	0	S EH L AH B R EY T IH D
celebration	ˌsel.əˈbreɪ.ʃən	เซ็ล-เลอะ-เบร-เชิน	2	S EH L AH B R EY SH AH N
celebrity	səˈleb.rɪ.ti	เซอะ-เล็บ-ริ-ที	1	S AH L EH B R IH T IY
cell	sel	เซ็ล	0	S EH L
cemetery	ˈsem.əˌter.i	เซ็ม-เมอะ-เท-รี	0	S EH M AH T EH R IY
cent	sent	เซ็นท์	0	S EH N T
central	ˈsen.trəl	เซ็น-เทริล	0	S EH N T R AH L
centre	ˈsen.tɚ	เซ็น-เทอร์	0	S EH N T ER
century	ˈsen.tʃɚ.i	เซ็น-เชอร์-อี	0	S EH N CH ER IY
ceremony	ˈser.əˌmoʊ.ni	เซ-เรอะ-โม-นี	0	S EH R AH M OW N IY
certain	ˈsɝː.tən	เซอร์-เทิน	0	S ER T AH N
certainly	ˈsɝː.tən.li	เซอร์-เทิน-ลี	0	S ER T AH N L IY
certainty	ˈsɝː.tən.ti	เซอร์-เทิน-ที	0	S ER T AH N T IY
certificate	sɚˈtɪf.ɪ.kət	เซอร์-ทิฟ-ฟิ-เคิท	1	S ER T IH F IH K AH T
chain	tʃeɪn	เชน	0	CH EY N
chair	tʃer	แชร์	0	CH EH R
chairman	ˈtʃer.mən	แชร์-เมิน	0	CH EH R M AH N
challenge	ˈtʃæl.əndʒ	แชล-เลินจ์	0	CH AE L AH N JH
challenged	ˈtʃæl.əndʒd	แชล-เลินจ์ด์	0	CH AE L AH N JH D
chamber	ˈtʃeɪm.bɚ	เชม-เบอร์	0	CH EY M B ER
champion	ˈtʃæm.pi.ən	แชม-พี-เอิน	0	CH AE M P IY AH N
chance	tʃæns	แชนส์	0	CH AE N S
change	tʃeɪndʒ	เชนจ์	0	CH EY N JH
channel	ˈtʃæn.əl	แชน-เนิล	0	CH AE N AH L
chaos	ˈkeɪ.ɑːs	เค-อาส	0	K EY AA S
chaotic	keɪˈɑː.tɪk	เค-อา-ทิค	1	K EY AA T IH K
chapter	ˈtʃæp.tɚ	แชป-เทอร์	0	CH AE P T ER
character	ˈker.ɪk.tɚ	เค-ริค-เทอร์	0	K EH R IH K T ER
characteristic	ˌker.ək.tɚˈɪs.tɪk	เค-เริค-เทอร์-อิส-ทิค	3	K EH R AH K T ER IH S T IH K
characterize	ˈker.ək.tɚˌaɪz	เค-เริค-เทอร์-ไอซ์	0	K EH R AH K T ER AY Z
charge	tʃɑːrdʒ	ชาร์จ์	0	CH AA R JH
charity	ˈtʃer.ɪ.ti	เช-ริ-ที	0	CH EH R IH T IY
charm	tʃɑːrm	ชาร์ม์	0	CH AA R M
charming	ˈtʃɑːr.mɪŋ	ชาร์-มิง	0	CH AA R M IH NG
chart	tʃɑːrt	ชาร์ท์	0	CH AA R T
charter	ˈtʃɑːr.tɚ	ชาร์-เทอร์	0	CH AA R T ER
chase	tʃeɪs	เชส	0	CH EY S
chat	tʃæt	แชท	0	CH AE T
cheap	tʃiːp	ชีป	0	CH IY P
cheat	tʃiːt	ชีท	0	CH IY T
check	tʃek	เช็ค	0	CH EH K
cheek	tʃiːk	ชีค	0	CH IY K
cheer	tʃɪr	เชียร์	0	CH IH R
cheerful	ˈtʃɪr.fəl	เชียร์-เฟิล	0	CH IH R F AH L
cheese	tʃiːz	ชีซ	0	CH IY Z
chef	ʃef	เช็ฟ	0	SH EH F
chemical	ˈkem.ə.kəl	เค็ม-เมอะ-เคิล	0	K EH M AH K AH L
chemist	ˈkem.ɪst	เค็ม-มิสท์	0	K EH M IH S T
chemistry	ˈkem.ə.stri	เค็ม-เมอะ-สตรี	0	K EH M AH S T R IY
chest	tʃest	เช็สท์	0	CH EH S T
chicken	ˈtʃɪk.ən	ชิค-เคิน	0	CH IH K AH N
chief	tʃiːf	ชีฟ	0	CH IY F
child	tʃaɪld	ไชล์ด์	0	CH AY L D
childhood	ˈtʃaɪldˌhʊd	ไชล์ด์-ฮุด	0	CH AY L D HH UH D
children	ˈtʃɪl.drən	ชิล-เดริน	0	CH IH L D R AH N
chip	tʃɪp	ชิป	0	CH IH P
chocolate	ˈtʃɔː.klət	ชอ-เคลิท	0	CH AO K L AH T
choice	tʃɔɪs	ชอยส์	0	CH OY S
choir	ˈkwaɪ.ɚ	ไคว-เออร์	0	K W AY ER
choose	tʃuːz	ชูซ	0	CH UW Z
chronic	ˈkrɑː.nɪk	ครา-นิค	0	K R AA N IH K
chunk	tʃʌŋk	ชังค์	0	CH AH NG K
church	tʃɝːtʃ	เชิร์ช	0	CH ER CH
cigarette	ˌsɪɡ.ɚˈet	ซิก-เกอร์-เอ็ท	2	S IH G ER EH T
cinema	ˈsɪn.ə.mə	ซิน-เนอะ-เมอะ	0	S IH N AH M AH
circle	ˈsɝː.kəl	เซอร์-เคิล	0	S ER K AH L
circuit	ˈsɝː.kət	เซอร์-เคิท	0	S ER K AH T
circulate	ˈsɝː.kjəˌleɪt	เซอร์-เคอะ-เลท	0	S ER K Y AH L EY T
circulation	ˈsɝː.kjəˌleɪ.ʃən	เซอร์-เคอะ-เล-เชิน	0	S ER K Y AH L EY SH AH N
circumstance	ˈsɝː.kəmˌstæns	เซอร์-เคิม-สแตนส์	0	S ER K AH M S T AE N S
cite	saɪt	ไซท์	0	S AY T
cities	ˈsɪt.iz	ซิท-ทีซ	0	S IH T IY Z
citizen	ˈsɪt.ə.zən	ซิท-เทอะ-เซิน	0	S IH T AH Z AH N
citizenship	ˈsɪt.ɪ.zənˌʃɪp	ซิท-ทิ-เซิน-ชิป	0	S IH T IH Z AH N SH IH P
city	ˈsɪt.i	ซิท-ที	0	S IH T IY
civic	ˈsɪv.ɪk	ซิฟ-วิค	0	S IH V IH K
civil	ˈsɪv.əl	ซิฟ-เวิล	0	S IH V AH L
civilian	səˈvɪl.jən	เซอะ-วิล-เยิน	1	S AH V IH L Y AH N
civilization	ˌsɪv.ə.lɪˈzeɪ.ʃən	ซิฟ-เวอะ-ลิ-เซ-เชิน	3	S IH V AH L IH Z EY SH AH N
claim	kleɪm	เคลม	0	K L EY M
clarify	ˈkler.əˌfaɪ	เคล-เรอะ-ไฟ	0	K L EH R AH F AY
clarity	ˈkler.ə.ti	เคล-เรอะ-ที	0	K L EH R AH T IY
clash	klæʃ	แคลช	0	K L AE SH
class	klæs	แคลส	0	K L AE S
classic	ˈklæs.ɪk	แคลส-ซิค	0	K L AE S IH K
classical	ˈklæs.ɪ.kəl	แคลส-ซิ-เคิล	0	K L AE S IH K AH L
classification	ˌklæs.ə.fəˈkeɪ.ʃən	แคลส-เซอะ-เฟอะ-เค-เชิน	3	K L AE S AH F AH K EY SH AH N
classify	ˈklæs.əˌfaɪ	แคลส-เซอะ-ไฟ	0	K L AE S AH F AY
classroom	ˈklæsˌruːm	แคลส-รูม	0	K L AE S R UW M
clause	klɔːz	คลอซ	0	K L AO Z
clean	kliːn	คลีน	0	K L IY N
cleaner	ˈkliː.nɚ	คลี-เนอร์	0	K L IY N ER
clear	klɪr	เคลียร์	0	K L IH R
clearly	ˈklɪr.li	เคลียร์-ลี	0	K L IH R L IY
clerk	klɝːk	เคลิร์ค	0	K L ER K
clever	ˈklev.ɚ	เคล็ฟ-เวอร์	0	K L EH V ER
click	klɪk	คลิค	0	K L IH K
client	ˈklaɪ.ənt	ไคล-เอินท์	0	K L AY AH N T
cliff	klɪf	คลิฟ	0	K L IH F
climate	ˈklaɪ.mət	ไคล-เมิท	0	K L AY M AH T
climb	klaɪm	ไคลม์	0	K L AY M
clinic	ˈklɪn.ɪk	คลิน-นิค	0	K L IH N IH K
clinical	ˈklɪn.ə.kəl	คลิน-เนอะ-เคิล	0	K L IH N AH K AH L
clip	klɪp	คลิป	0	K L IH P
clock	klɑːk	คลาค	0	K L AA K
close	kloʊs	โคลส	0	K L OW S
closed	kloʊzd	โคลซด์	0	K L OW Z D
closely	ˈkloʊ.sli	โคล-สลี	0	K L OW S L IY
closes	ˈkloʊ.zɪz	โคล-ซิซ	0	K L OW Z IH Z
closure	ˈkloʊ.ʒɚ	โคล-เชอร์	0	K L OW ZH ER
cloth	klɔːθ	คลอธ	0	K L AO TH
clothes	kloʊðz	โคลธซ์	0	K L OW DH Z
clothing	ˈkloʊ.ðɪŋ	โคล-ธิง	0	K L OW DH IH NG
cloud	klaʊd	เคลาด์	0	K L AW D
clouds	klaʊdz	เคลาด์ซ์	0	K L AW D Z
club	klʌb	คลับ	0	K L AH B
clue	kluː	คลู	0	K L UW
cluster	ˈklʌs.tɚ	คลัส-เทอร์	0	K L AH S T ER
coach	koʊtʃ	โคช	0	K OW CH
coal	koʊl	โคล	0	K OW L
coalition	ˌkoʊ.əˈlɪʃ.ən	โค-อะ-ลิช-เชิน	2	K OW AH L IH SH AH N
coast	koʊst	โคสท์	0	K OW S T
coastal	ˈkoʊ.stəl	โค-สเติล	0	K OW S T AH L
coat	koʊt	โคท	0	K OW T
code	koʊd	โคด	0	K OW D
coffee	ˈkɑː.fi	คา-ฟี	0	K AA F IY
cognitive	ˈkɑːɡ.nɪ.tɪv	คาก-นิ-ทิฟ	0	K AA G N IH T IH V
coin	kɔɪn	คอยน์	0	K OY N
coincidence	koʊˈɪn.sɪ.dəns	โค-อิน-ซิ-เดินส์	1	K OW IH N S IH D AH N S
cold	koʊld	โคลด์	0	K OW L D
collaborate	kəˈlæb.ɚˌeɪt	เคอะ-แลบ-เบอร์-เอท	1	K AH L AE B ER EY T
collaboration	kəˌlæb.ɚˈeɪ.ʃən	เคอะ-แลบ-เบอร์-เอ-เชิน	3	K AH L AE B ER EY SH AH N
collapse	kəˈlæps	เคอะ-แลปส์	1	K AH L AE P S
colleague	ˈkɑː.liɡ	คา-ลีก	0	K AA L IY G
collect	kəˈlekt	เคอะ-เล็คท์	1	K AH L EH K T
collection	kəˈlek.ʃən	เคอะ-เล็ค-เชิน	1	K AH L EH K SH AH N
collective	kəˈlek.tɪv	เคอะ-เล็ค-ทิฟ	1	K AH L EH K T IH V
collector	kəˈlek.tɚ	เคอะ-เล็ค-เทอร์	1	K AH L EH K T ER
college	ˈkɑː.lɪdʒ	คา-ลิจ	0	K AA L IH JH
collision	kəˈlɪʒ.ən	เคอะ-ลิช-เชิน	1	K AH L IH ZH AH N
colonial	kəˈloʊ.ni.əl	เคอะ-โล-นี-เอิล	1	K AH L OW N IY AH L
colony	ˈkɑː.lə.ni	คา-เลอะ-นี	0	K AA L AH N IY
colour	ˈkʌl.ɚ	คัล-เลอร์	0	K AH L ER
coloured	ˈkʌl.ɚd	คัล-เลิร์ด	0	K AH L ER D
column	ˈkɑː.ləm	คา-เลิม	0	K AA L AH M
columnist	ˈkɑː.ləm.nəst	คา-เลิม-เนิสท์	0	K AA L AH M N AH S T
combat	ˈkɑːm.bæt	คาม-แบท	0	K AA M B AE T
combination	ˌkɑːm.bəˈneɪ.ʃən	คาม-เบอะ-เน-เชิน	2	K AA M B AH N EY SH AH N
combine	ˈkɑːm.baɪn	คาม-ไบน์	0	K AA M B AY N
come	kʌm	คัม	0	K AH M
comeback	ˈkʌmˌbæk	คัม-แบค	0	K AH M B AE K
comedy	ˈkɑː.mə.di	คา-เมอะ-ดี	0	K AA M AH D IY
comfort	ˈkʌm.fɚt	คัม-เฟิร์ท	0	K AH M F ER T
comfortable	ˈkʌm.fɚ.tə.bəl	คัม-เฟอร์-เทอะ-เบิล	0	K AH M F ER T AH B AH L
comic	ˈkɑː.mɪk	คา-มิค	0	K AA M IH K
coming	ˈkʌm.ɪŋ	คัม-มิง	0	K AH M IH NG
command	kəˈmænd	เคอะ-แมนด์	1	K AH M AE N D
commander	kəˈmæn.dɚ	เคอะ-แมน-เดอร์	1	K AH M AE N D ER
commence	kəˈmens	เคอะ-เม็นส์	1	K AH M EH N S
comment	ˈkɑː.ment	คา-เม็นท์	0	K AA M EH N T
commentary	ˈkɑː.mənˌter.i	คา-เมิน-เท-รี	0	K AA M AH N T EH R IY
commentator	ˈkɑː.mənˌteɪ.tɚ	คา-เมิน-เท-เทอร์	0	K AA M AH N T EY T ER
commerce	ˈkɑː.mɚs	คา-เมิร์ส	0	K AA M ER S
commercial	kəˈmɝː.ʃəl	เคอะ-เมอร์-เชิล	1	K AH M ER SH AH L
commission	kəˈmɪʃ.ən	เคอะ-มิช-เชิน	1	K AH M IH SH AH N
commissioner	kəˈmɪʃ.ə.nɚ	เคอะ-มิช-เชอะ-เนอร์	1	K AH M IH SH AH N ER
commit	kəˈmɪt	เคอะ-มิท	1	K AH M IH T
commitment	kəˈmɪt.mənt	เคอะ-มิท-เมินท์	1	K AH M IH T M AH N T
committee	kəˈmɪt.i	เคอะ-มิท-ที	1	K AH M IH T IY
commodity	kəˈmɑː.də.ti	เคอะ-มา-เดอะ-ที	1	K AH M AA D AH T IY
common	ˈkɑː.mən	คา-เมิน	0	K AA M AH N
commonly	ˈkɑː.mən.li	คา-เมิน-ลี	0	K AA M AH N L IY
communicate	kəˈmjuː.nəˌkeɪt	เคอะ-มิว-เนอะ-เคท	1	K AH M Y UW N AH K EY T
communication	kəˌmjuː.nəˈkeɪ.ʃən	เคอะ-มิว-เนอะ-เค-เชิน	3	K AH M Y UW N AH K EY SH AH N
communist	ˈkɑː.mjə.nəst	คา-เมอะ-เนิสท์	0	K AA M Y AH N AH S T
community	kəˈmjuː.nə.ti	เคอะ-มิว-เนอะ-ที	1	K AH M Y UW N AH T IY
companion	kəmˈpæn.jən	เคิม-แพน-เยิน	1	K AH M P AE N Y AH N
company	ˈkʌm.pə.ni	คัม-เพอะ-นี	0	K AH M P AH N IY
comparable	ˈkɑːm.pɚ.ə.bəl	คาม-เพอร์-อะ-เบิล	0	K AA M P ER AH B AH L
comparative	kəmˈper.ə.tɪv	เคิม-เพ-เรอะ-ทิฟ	1	K AH M P EH R AH T IH V
compare	kəmˈper	เคิม-แพร์	1	K AH M P EH R
comparison	kəmˈper.ə.sən	เคิม-เพ-เรอะ-เซิน	1	K AH M P EH R AH S AH N
compassion	kəmˈpæʃ.ən	เคิม-แพช-เชิน	1	K AH M P AE SH AH N
compel	kəmˈpel	เคิม-เพ็ล	1	K AH M P EH L
compelling	kəmˈpel.ɪŋ	เคิม-เพ็ล-ลิง	1	K AH M P EH L IH NG
compensate	ˈkɑːm.pənˌseɪt	คาม-เพิน-เซท	0	K AA M P AH N S EY T
compensation	ˌkɑːm.pənˈseɪ.ʃən	คาม-เพิน-เซ-เชิน	2	K AA M P AH N S EY SH AH N
compete	kəmˈpiːt	เคิม-พีท	1	K AH M P IY T
competence	ˈkɑːm.pə.tɪns	คาม-เพอะ-ทินส์	0	K AA M P AH T IH N S
competent	ˈkɑːm.pə.tɪnt	คาม-เพอะ-ทินท์	0	K AA M P AH T IH N T
competition	ˌkɑːm.pəˈtɪʃ.ən	คาม-เพอะ-ทิช-เชิน	2	K AA M P AH T IH SH AH N
competitive	kəmˈpet.ə.tɪv	เคิม-เพ็ท-เทอะ-ทิฟ	1	K AH M P EH T AH T IH V
competitor	kəmˈpet.ə.tɚ	เคิม-เพ็ท-เทอะ-เทอร์	1	K AH M P EH T AH T ER
compile	kəmˈpaɪl	เคิม-ไพล์	1	K AH M P AY L
complain	kəmˈpleɪn	เคิม-เพลน	1	K AH M P L EY N
complaint	kəmˈpleɪnt	เคิม-เพลนท์	1	K AH M P L EY N T
complement	ˈkɑːm.plə.mənt	คาม-เพลอะ-เมินท์	0	K AA M P L AH M AH N T
complete	kəmˈpliːt	เคิม-พลีท	1	K AH M P L IY T
completed	kəmˈpliː.təd	เคิม-พลี-เทิด	1	K AH M P L IY T AH D
completely	kəmˈpliːt.li	เคิม-พลีท-ลี	1	K AH M P L IY T L IY
completion	kəmˈpliː.ʃən	เคิม-พลี-เชิน	1	K AH M P L IY SH AH N
complex	ˈkɑːm.pleks	คาม-เพล็คส์	0	K AA M P L EH K S
complexity	kəmˈplek.sə.ti	เคิม-เพล็ค-เซอะ-ที	1	K AH M P L EH K S AH T IY
compliance	kəmˈplaɪ.əns	เคิม-ไพล-เอินส์	1	K AH M P L AY AH N S
complicated	ˈkɑːm.pləˌkeɪ.təd	คาม-เพลอะ-เค-เทิด	0	K AA M P L AH K EY T AH D
complication	ˌkɑːm.pləˈkeɪ.ʃən	คาม-เพลอะ-เค-เชิน	2	K AA M P L AH K EY SH AH N
comply	kəmˈplaɪ	เคิม-ไพล	1	K AH M P L AY
component	kəmˈpoʊ.nənt	เคิม-โพ-เนินท์	1	K AH M P OW N AH N T
compose	kəmˈpoʊz	เคิม-โพซ	1	K AH M P OW Z
composer	kəmˈpoʊ.zɚ	เคิม-โพ-เซอร์	1	K AH M P OW Z ER
composition	ˌkɑːm.pəˈzɪʃ.ən	คาม-เพอะ-ซิช-เชิน	2	K AA M P AH Z IH SH AH N
compound	ˈkɑːm.paʊnd	คาม-เพาน์ด์	0	K AA M P AW N D
comprehensive	ˌkɑːm.priˈhen.sɪv	คาม-พรี-เฮ็น-ซิฟ	2	K AA M P R IY HH EH N S IH V
comprise	kəmˈpraɪz	เคิม-ไพรซ์	1	K AH M P R AY Z
compromise	ˈkɑːm.prəˌmaɪz	คาม-เพรอะ-ไมซ์	0	K AA M P R AH M AY Z
compulsory	kəmˈpʌl.sɚ.i	เคิม-พัล-เซอร์-อี	1	K AH M P AH L S ER IY
compute	kəmˈpjuːt	เคิม-พิวท์	1	K AH M P Y UW T
computer	kəmˈpjuː.tɚ	เคิม-พิว-เทอร์	1	K AH M P Y UW T ER
conceal	kənˈsiːl	เคิน-ซีล	1	K AH N S IY L
concede	kənˈsiːd	เคิน-ซีด	1	K AH N S IY D
conceive	kənˈsiːv	เคิน-ซีฟ	1	K AH N S IY V
concentrate	ˈkɑːn.sənˌtreɪt	คาน-เซิน-เทรท	0	K AA N S AH N T R EY T
concentration	ˌkɑːn.sənˈtreɪ.ʃən	คาน-เซิน-เทร-เชิน	2	K AA N S AH N T R EY SH AH N
concept	ˈkɑːn.sept	คาน-เซ็ปท์	0	K AA N S EH P T
conception	kənˈsep.ʃən	เคิน-เซ็ป-เชิน	1	K AH N S EH P SH AH N
concern	kənˈsɝːn	เคิน-เซิร์น	1	K AH N S ER N
concerned	kənˈsɝːnd	เคิน-เซิร์นด์	1	K AH N S ER N D
concerns	kənˈsɝːnz	เคิน-เซิร์นซ์	1	K AH N S ER N Z
concert	ˈkɑːn.sɚt	คาน-เซิร์ท	0	K AA N S ER T
concession	kənˈseʃ.ən	เคิน-เซ็ช-เชิน	1	K AH N S EH SH AH N
conclude	kənˈkluːd	เคิน-คลูด	1	K AH N K L UW D
conclusion	kənˈkluː.ʒən	เคิน-คลู-เชิน	1	K AH N K L UW ZH AH N
condemn	kənˈdem	เคิน-เด็ม	1	K AH N D EH M
condition	kənˈdɪʃ.ən	เคิน-ดิช-เชิน	1	K AH N D IH SH AH N
conduct	ˈkɑːn.dəkt	คาน-เดิคท์	0	K AA N D AH K T
confer	kənˈfɝː	เคิน-เฟอร์	1	K AH N F ER
conference	ˈkɑːn.fɚ.əns	คาน-เฟอร์-เอินส์	0	K AA N F ER AH N S
confession	kənˈfeʃ.ən	เคิน-เฟ็ช-เชิน	1	K AH N F EH SH AH N
confidence	ˈkɑːn.fə.dəns	คาน-เฟอะ-เดินส์	0	K AA N F AH D AH N S
confident	ˈkɑːn.fə.dənt	คาน-เฟอะ-เดินท์	0	K AA N F AH D AH N T
configuration	kənˌfɪɡ.jɚˈeɪ.ʃən	เคิน-ฟิก-เยอร์-เอ-เชิน	3	K AH N F IH G Y ER EY SH AH N
confine	kənˈfaɪn	เคิน-ไฟน์	1	K AH N F AY N
confirm	kənˈfɝːm	เคิน-เฟิร์ม	1	K AH N F ER M
conflict	ˈkɑːn.flɪkt	คาน-ฟลิคท์	0	K AA N F L IH K T
confront	kənˈfrʌnt	เคิน-ฟรันท์	1	K AH N F R AH N T
confrontation	ˌkɑːn.frənˈteɪ.ʃən	คาน-เฟริน-เท-เชิน	2	K AA N F R AH N T EY SH AH N
confuse	kənˈfjuːz	เคิน-ฟิวซ์	1	K AH N F Y UW Z
confused	kənˈfjuːzd	เคิน-ฟิวซ์ด์	1	K AH N F Y UW Z D
confusing	kənˈfjuː.zɪŋ	เคิน-ฟิว-ซิง	1	K AH N F Y UW Z IH NG
congratulate	kənˈɡrætʃ.əˌleɪt	เคิน-แกรช-เชอะ-เลท	1	K AH N G R AE CH AH L EY T
connect	kəˈnekt	เคอะ-เน็คท์	1	K AH N EH K T
connected	kəˈnek.tɪd	เคอะ-เน็ค-ทิด	1	K AH N EH K T IH D
connection	kəˈnek.ʃən	เคอะ-เน็ค-เชิน	1	K AH N EH K SH AH N
conquer	ˈkɑːŋ.kɚ	คาง-เคอร์	0	K AA NG K ER
conscience	ˈkɑːn.ʃəns	คาน-เชินส์	0	K AA N SH AH N S
conscious	ˈkɑːn.ʃəs	คาน-เชิส	0	K AA N SH AH S
consciousness	ˈkɑːn.ʃə.snəs	คาน-เชอะ-สเนิส	0	K AA N SH AH S N AH S
consecutive	kənˈsek.jə.tɪv	เคิน-เซ็ค-เยอะ-ทิฟ	1	K AH N S EH K Y AH T IH V
consensus	kənˈsen.səs	เคิน-เซ็น-เซิส	1	K AH N S EH N S AH S
consent	kənˈsent	เคิน-เซ็นท์	1	K AH N S EH N T
consequence	ˈkɑːn.sə.kwəns	คาน-เซอะ-เควินส์	0	K AA N S AH K W AH N S
conservation	ˌkɑːn.sɚˈveɪ.ʃən	คาน-เซอร์-เว-เชิน	2	K AA N S ER V EY SH AH N
conservative	kənˈsɝː.və.tɪv	เคิน-เซอร์-เวอะ-ทิฟ	1	K AH N S ER V AH T IH V
conserve	kənˈsɝːv	เคิน-เซิร์ฟ	1	K AH N S ER V
consider	kənˈsɪd.ɚ	เคิน-ซิด-เดอร์	1	K AH N S IH D ER
considerable	kənˈsɪd.ɚ.ə.bəl	เคิน-ซิด-เดอร์-อะ-เบิล	1	K AH N S IH D ER AH B AH L
considerably	kənˈsɪd.ɚ.ə.bli	เคิน-ซิด-เดอร์-อะ-บลี	1	K AH N S IH D ER AH B L IY
consideration	kənˌsɪd.ɚˈeɪ.ʃən	เคิน-ซิด-เดอร์-เอ-เชิน	3	K AH N S IH D ER EY SH AH N
consist	kənˈsɪst	เคิน-ซิสท์	1	K AH N S IH S T
consistency	kənˈsɪs.tən.si	เคิน-ซิส-เทิน-ซี	1	K AH N S IH S T AH N S IY
consistent	kənˈsɪs.tənt	เคิน-ซิส-เทินท์	1	K AH N S IH S T AH N T
consistently	kənˈsɪs.tənt.li	เคิน-ซิส-เทินท์-ลี	1	K AH N S IH S T AH N T L IY
consolidate	kənˈsɑː.lɪˌdeɪt	เคิน-ซา-ลิ-เดท	1	K AH N S AA L IH D EY T
conspiracy	kənˈspɪr.ə.si	เคิน-สปิ-เรอะ-ซี	1	K AH N S P IH R AH S IY
constant	ˈkɑːn.stənt	คาน-สเตินท์	0	K AA N S T AH N T
constantly	ˈkɑːn.stənt.li	คาน-สเตินท์-ลี	0	K AA N S T AH N T L IY
constituency	kənˈstɪtʃ.u.ən.si	เคิน-สติช-ชู-เอิน-ซี	1	K AH N S T IH CH UW AH N S IY
constitute	ˈkɑːn.stəˌtuːt	คาน-สเตอะ-ทูท	0	K AA N S T AH T UW T
constitution	ˌkɑːn.stəˈtuː.ʃən	คาน-สเตอะ-ทู-เชิน	2	K AA N S T AH T UW SH AH N
constitutional	ˌkɑːn.stəˈtuː.ʃə.nəl	คาน-สเตอะ-ทู-เชอะ-เนิล	2	K AA N S T AH T UW SH AH N AH L
constraint	kənˈstreɪnt	เคิน-สเตรนท์	1	K AH N S T R EY N T
construct	kənˈstrʌkt	เคิน-สตรัคท์	1	K AH N S T R AH K T
construction	kənˈstrʌk.ʃən	เคิน-สตรัค-เชิน	1	K AH N S T R AH K SH AH N
consult	kənˈsʌlt	เคิน-ซัลท์	1	K AH N S AH L T
consultant	kənˈsʌl.tənt	เคิน-ซัล-เทินท์	1	K AH N S AH L T AH N T
consultation	ˌkɑːn.səlˈteɪ.ʃən	คาน-เซิล-เท-เชิน	2	K AA N S AH L T EY SH AH N
consume	kənˈsuːm	เคิน-ซูม	1	K AH N S UW M
consumer	kənˈsuː.mɚ	เคิน-ซู-เมอร์	1	K AH N S UW M ER
consumption	kənˈsʌmp.ʃən	เคิน-ซัมป์-เชิน	1	K AH N S AH M P SH AH N
contact	ˈkɑːnˌtækt	คาน-แทคท์	0	K AA N T AE K T
contain	kənˈteɪn	เคิน-เทน	1	K AH N T EY N
container	kənˈteɪ.nɚ	เคิน-เท-เนอร์	1	K AH N T EY N ER
contemplating	ˈkɑːn.təmˌpleɪ.tɪŋ	คาน-เทิม-เพล-ทิง	0	K AA N T AH M P L EY T IH NG
contemporary	kənˈtem.pɚˌer.i	เคิน-เท็ม-เพอร์-เอ-รี	1	K AH N T EH M P ER EH R IY
contempt	kənˈtempt	เคิน-เท็มป์ท์	1	K AH N T EH M P T
contend	kənˈtend	เคิน-เท็นด์	1	K AH N T EH N D
contender	kənˈten.dɚ	เคิน-เท็น-เดอร์	1	K AH N T EH N D ER
content	ˈkɑːn.tent	คาน-เท็นท์	0	K AA N T EH N T
contention	kənˈten.ʃən	เคิน-เท็น-เชิน	1	K AH N T EH N SH AH N
contest	ˈkɑːn.test	คาน-เท็สท์	0	K AA N T EH S T
context	ˈkɑːn.tekst	คาน-เท็คส์ท์	0	K AA N T EH K S T
continent	ˈkɑːn.tə.nənt	คาน-เทอะ-เนินท์	0	K AA N T AH N AH N T
continually	kənˈtɪn.ju.ə.li	เคิน-ทิน-ยู-อะ-ลี	1	K AH N T IH N Y UW AH L IY
continue	kənˈtɪn.ju	เคิน-ทิน-ยู	1	K AH N T IH N Y UW
continuity	ˌkɑːn.təˈnuː.ə.ti	คาน-เทอะ-นู-อะ-ที	2	K AA N T AH N UW AH T IY
continuous	kənˈtɪn.ju.əs	เคิน-ทิน-ยู-เอิส	1	K AH N T IH N Y UW AH S
contract	ˈkɑːnˌtrækt	คาน-แทรคท์	0	K AA N T R AE K T
contractor	ˈkɑːnˌtræk.tɚ	คาน-แทรค-เทอร์	0	K AA N T R AE K T ER
contradiction	ˌkɑːn.trəˈdɪk.ʃən	คาน-เทรอะ-ดิค-เชิน	2	K AA N T R AH D IH K SH AH N
contrary	ˈkɑːn.tre.ri	คาน-เทร-รี	0	K AA N T R EH R IY
contrast	ˈkɑːn.træst	คาน-แทรสท์	0	K AA N T R AE S T
contribute	kənˈtrɪb.jut	เคิน-ทริบ-ยูท	1	K AH N T R IH B Y UW T
contribution	ˌkɑːn.trəˈbjuː.ʃən	คาน-เทรอะ-บิว-เชิน	2	K AA N T R AH B Y UW SH AH N
control	kənˈtroʊl	เคิน-โทรล	1	K AH N T R OW L
controversial	ˌkɑːn.trəˈvɝː.ʃəl	คาน-เทรอะ-เวอร์-เชิล	2	K AA N T R AH V ER SH AH L
controversy	ˈkɑːn.trəˌvɝː.si	คาน-เทรอะ-เวอร์-ซี	0	K AA N T R AH V ER S IY
convenient	kənˈviː.njənt	เคิน-วี-เนินท์	1	K AH N V IY N Y AH N T
convention	kənˈven.ʃən	เคิน-เว็น-เชิน	1	K AH N V EH N SH AH N
conventional	kənˈven.ʃə.nəl	เคิน-เว็น-เชอะ-เนิล	1	K AH N V EH N SH AH N AH L
conversation	ˌkɑːn.vɚˈseɪ.ʃən	คาน-เวอร์-เซ-เชิน	2	K AA N V ER S EY SH AH N
conversion	kənˈvɝː.ʒən	เคิน-เวอร์-เชิน	1	K AH N V ER ZH AH N
convert	ˈkɑːn.vɚt	คาน-เวิร์ท	0	K AA N V ER T
conviction	kənˈvɪk.ʃən	เคิน-วิค-เชิน	1	K AH N V IH K SH AH N
convince	kənˈvɪns	เคิน-วินส์	1	K AH N V IH N S
convinced	kənˈvɪnst	เคิน-วินส์ท์	1	K AH N V IH N S T
cook	kʊk	คุค	0	K UH K
cooker	ˈkʊk.ɚ	คุค-เคอร์	0	K UH K ER
cooking	ˈkʊk.ɪŋ	คุค-คิง	0	K UH K IH NG
cool	kuːl	คูล	0	K UW L
cooperate	koʊˈɑː.pɚˌeɪt	โค-อา-เพอร์-เอท	1	K OW AA P ER EY T
cooperation	koʊˌɑː.pɚˈeɪ.ʃən	โค-อา-เพอร์-เอ-เชิน	3	K OW AA P ER EY SH AH N
cooperative	koʊˈɑː.pɚˌeɪ.tɪv	โค-อา-เพอร์-เอ-ทิฟ	1	K OW AA P ER EY T IH V
coordinate	koʊˈɔːr.də.nət	โค-ออร์-เดอะ-เนิท	1	K OW AO R D AH N AH T
coordination	koʊˌɔːr.dəˈneɪ.ʃən	โค-ออร์-เดอะ-เน-เชิน	3	K OW AO R D AH N EY SH AH N
coordinator	koʊˈɔːr.dəˌneɪ.tɚ	โค-ออร์-เดอะ-เน-เทอร์	1	K OW AO R D AH N EY T ER
cope	koʊp	โคป	0	K OW P
copy	ˈkɑː.pi	คา-พี	0	K AA P IY
copyright	ˈkɑː.piˌraɪt	คา-พี-ไรท์	0	K AA P IY R AY T
core	kɔːr	คอร์	0	K AO R
corner	ˈkɔːr.nɚ	คอร์-เนอร์	0	K AO R N ER
corporate	ˈkɔːr.pɚ.ət	คอร์-เพอร์-เอิท	0	K AO R P ER AH T
correct	kɚˈekt	เคอร์-เอ็คท์	1	K ER EH K T
correction	kɚˈek.ʃən	เคอร์-เอ็ค-เชิน	1	K ER EH K SH AH N
correctly	kɚˈekt.li	เคอร์-เอ็คท์-ลี	1	K ER EH K T L IY
correlate	ˈkɔː.rəˌleɪt	คอ-เรอะ-เลท	0	K AO R AH L EY T
correlation	ˌkɔː.rəˈleɪ.ʃən	คอ-เรอะ-เล-เชิน	2	K AO R AH L EY SH AH N
correspond	ˌkɔː.rəˈspɑːnd	คอ-เรอะ-สปานด์	2	K AO R AH S P AA N D
correspondence	ˌkɔː.rəˈspɑːn.dəns	คอ-เรอะ-สปาน-เดินส์	2	K AO R AH S P AA N D AH N S
correspondent	ˌkɔː.rəˈspɑːn.dənt	คอ-เรอะ-สปาน-เดินท์	2	K AO R AH S P AA N D AH N T
corresponding	ˌkɔː.rəˈspɑːn.dɪŋ	คอ-เรอะ-สปาน-ดิง	2	K AO R AH S P AA N D IH NG
corridor	ˈkɔː.rə.dɚ	คอ-เรอะ-เดอร์	0	K AO R AH D ER
corrupt	kɚˈʌpt	เคอร์-อัปท์	1	K ER AH P T
corruption	kɚˈʌp.ʃən	เคอร์-อัป-เชิน	1	K ER AH P SH AH N
cost	kɑːst	คาสท์	0	K AA S T
costly	ˈkɑːst.li	คาสท์-ลี	0	K AA S T L IY
costume	kɑːˈstuːm	คา-สตูม	1	K AA S T UW M
cottage	ˈkɑː.tədʒ	คา-เทิจ	0	K AA T AH JH
cotton	ˈkɑː.tən	คา-เทิน	0	K AA T AH N
could	kʊd	คุด	0	K UH D
council	ˈkaʊn.səl	เคาน์-เซิล	0	K AW N S AH L
councillor	ˈkaʊn.sə.lɚ	เคาน์-เซอะ-เลอร์	0	K AW N S AH L ER
counselling	ˈkaʊn.sə.lɪŋ	เคาน์-เซอะ-ลิง	0	K AW N S AH L IH NG
counsellor	ˈkaʊn.sə.lɚ	เคาน์-เซอะ-เลอร์	0	K AW N S AH L ER
count	kaʊnt	เคาน์ท์	0	K AW N T
counter	ˈkaʊn.tɚ	เคาน์-เทอร์	0	K AW N T ER
counterpart	ˈkaʊn.tɚˌpɑːrt	เคาน์-เทอร์-พาร์ท์	0	K AW N T ER P AA R T
countless	ˈkaʊnt.ləs	เคาน์ท์-เลิส	0	K AW N T L AH S
countries	ˈkʌn.triz	คัน-ทรีซ	0	K AH N T R IY Z
country	ˈkʌn.tri	คัน-ทรี	0	K AH N T R IY
countryside	ˈkʌn.triˌsaɪd	คัน-ทรี-ไซด์	0	K AH N T R IY S AY D
county	ˈkaʊn.ti	เคาน์-ที	0	K AW N T IY
coup	kuː	คู	0	K UW
couple	ˈkʌp.əl	คัป-เพิล	0	K AH P AH L
courage	ˈkɝː.ədʒ	เคอร์-เอิจ	0	K ER AH JH
course	kɔːrs	คอร์ส์	0	K AO R S
court	kɔːrt	คอร์ท์	0	K AO R T
courtesy	ˈkɝː.tə.si	เคอร์-เทอะ-ซี	0	K ER T AH S IY
cousin	ˈkʌz.ən	คัซ-เซิน	0	K AH Z AH N
cover	ˈkʌv.ɚ	คัฟ-เวอร์	0	K AH V ER
coverage	ˈkʌv.ɚ.ədʒ	คัฟ-เวอร์-เอิจ	0	K AH V ER AH JH
covered	ˈkʌv.ɚd	คัฟ-เวิร์ด	0	K AH V ER D
cow	kaʊ	เคา	0	K AW
crack	kræk	แครค	0	K R AE K
craft	kræft	แครฟท์	0	K R AE F T
crash	kræʃ	แครช	0	K R AE SH
crazy	ˈkreɪ.zi	เคร-ซี	0	K R EY Z IY
cream	kriːm	ครีม	0	K R IY M
create	kriˈeɪt	ครี-เอท	1	K R IY EY T
creation	kriˈeɪ.ʃən	ครี-เอ-เชิน	1	K R IY EY SH AH N
creative	kriˈeɪ.tɪv	ครี-เอ-ทิฟ	1	K R IY EY T IH V
creativity	ˌkriː.eɪˈtɪv.ə.ti	ครี-เอ-ทิฟ-เวอะ-ที	2	K R IY EY T IH V AH T IY
creature	ˈkriː.tʃɚ	ครี-เชอร์	0	K R IY CH ER
credibility	ˌkred.əˈbɪl.ɪ.ti	เคร็ด-เดอะ-บิล-ลิ-ที	2	K R EH D AH B IH L IH T IY
credible	ˈkred.ə.bəl	เคร็ด-เดอะ-เบิล	0	K R EH D AH B AH L
credit	ˈkred.ət	เคร็ด-เดิท	0	K R EH D AH T
crew	kruː	ครู	0	K R UW
crime	kraɪm	ไครม์	0	K R AY M
criminal	ˈkrɪm.ə.nəl	คริม-เมอะ-เนิล	0	K R IH M AH N AH L
crisis	ˈkraɪ.səs	ไคร-เซิส	0	K R AY S AH S
criterion	kraɪˈtɪr.i.ən	ไคร-ทิ-รี-เอิน	1	K R AY T IH R IY AH N
critic	ˈkrɪt.ɪk	คริท-ทิค	0	K R IH T IH K
critical	ˈkrɪt.ɪ.kəl	คริท-ทิ-เคิล	0	K R IH T IH K AH L
critically	ˈkrɪt.ɪ.kə.li	คริท-ทิ-เคอะ-ลี	0	K R IH T IH K AH L IY
criticism	ˈkrɪt.ɪˌsɪz.əm	คริท-ทิ-ซิซ-เซิม	0	K R IH T IH S IH Z AH M
criticize	ˈkrɪt.ɪˌsaɪz	คริท-ทิ-ไซซ์	0	K R IH T IH S AY Z
critics	ˈkrɪt.ɪks	คริท-ทิคส์	0	K R IH T IH K S
crop	krɑːp	คราป	0	K R AA P
cross	krɔːs	ครอส	0	K R AO S
crowd	kraʊd	เคราด์	0	K R AW D
crowded	ˈkraʊ.dəd	เครา-เดิด	0	K R AW D AH D
crown	kraʊn	เคราน์	0	K R AW N
crucial	ˈkruː.ʃəl	ครู-เชิล	0	K R UW SH AH L
crude	kruːd	ครูด	0	K R UW D
cruel	ˈkruː.əl	ครู-เอิล	0	K R UW AH L
crush	krʌʃ	ครัช	0	K R AH SH
cry	kraɪ	ไคร	0	K R AY
crying	ˈkraɪ.ɪŋ	ไคร-อิง	0	K R AY IH NG
crystal	ˈkrɪs.təl	คริส-เทิล	0	K R IH S T AH L
cult	kʌlt	คัลท์	0	K AH L T
cultivate	ˈkʌl.təˌveɪt	คัล-เทอะ-เวท	0	K AH L T AH V EY T
cultural	ˈkʌl.tʃɚ.əl	คัล-เชอร์-เอิล	0	K AH L CH ER AH L
culture	ˈkʌl.tʃɚ	คัล-เชอร์	0	K AH L CH ER
cup	kʌp	คัป	0	K AH P
cupboard	ˈkʌb.ɚd	คับ-เบิร์ด	0	K AH B ER D
curator	kjʊˈreɪ.tɚ	คิว-เร-เทอร์	1	K Y UH R EY T ER
cure	kjʊr	คัวร์	0	K Y UH R
curiosity	ˌkjʊr.iˈɑː.sə.ti	คิว-รี-อา-เซอะ-ที	2	K Y UH R IY AA S AH T IY
curious	ˈkjʊr.i.əs	คิว-รี-เอิส	0	K Y UH R IY AH S
curly	ˈkɝː.li	เคอร์-ลี	0	K ER L IY
currency	ˈkɝː.ən.si	เคอร์-เอิน-ซี	0	K ER AH N S IY
current	ˈkɝː.ənt	เคอร์-เอินท์	0	K ER AH N T
currently	ˈkɝː.ənt.li	เคอร์-เอินท์-ลี	0	K ER AH N T L IY
curtain	ˈkɝː.tən	เคอร์-เทิน	0	K ER T AH N
curve	kɝːv	เคิร์ฟ	0	K ER V
curved	kɝːvd	เคิร์ฟด์	0	K ER V D
custody	ˈkʌs.tə.di	คัส-เทอะ-ดี	0	K AH S T AH D IY
custom	ˈkʌs.təm	คัส-เทิม	0	K AH S T AH M
customer	ˈkʌs.tə.mɚ	คัส-เทอะ-เมอร์	0	K AH S T AH M ER
customs	ˈkʌs.təmz	คัส-เทิมซ์	0	K AH S T AH M Z
cut	kʌt	คัท	0	K AH T
cutting	ˈkʌt.ɪŋ	คัท-ทิง	0	K AH T IH NG
cycle	ˈsaɪ.kəl	ไซ-เคิล	0	S AY K AH L
cynical	ˈsɪn.ɪ.kəl	ซิน-นิ-เคิล	0	S IH N IH K AH L
dad	dæd	แดด	0	D AE D
daily	ˈdeɪ.li	เด-ลี	0	D EY L IY
dairy	ˈder.i	เด-รี	0	D EH R IY
dam	dæm	แดม	0	D AE M
damage	ˈdæm.ədʒ	แดม-เมิจ	0	D AE M AH JH
damaging	ˈdæm.ɪ.dʒɪŋ	แดม-มิ-จิง	0	D AE M IH JH IH NG
dance	dæns	แดนส์	0	D AE N S
dancer	ˈdæn.sɚ	แดน-เซอร์	0	D AE N S ER
dancing	ˈdæn.sɪŋ	แดน-ซิง	0	D AE N S IH NG
danger	ˈdeɪn.dʒɚ	เดน-เจอร์	0	D EY N JH ER
dangerous	ˈdeɪn.dʒɚ.əs	เดน-เจอร์-เอิส	0	D EY N JH ER AH S
dare	der	แดร์	0	D EH R
dark	dɑːrk	ดาร์ค์	0	D AA R K
darkness	ˈdɑːrk.nəs	ดาร์ค์-เนิส	0	D AA R K N AH S
data	ˈdeɪ.tə	เด-เทอะ	0	D EY T AH
database	ˈdeɪ.təˌbeɪs	เด-เทอะ-เบส	0	D EY T AH B EY S
date	deɪt	เดท	0	D EY T
daughter	ˈdɔː.tɚ	ดอ-เทอร์	0	D AO T ER
dawn	dɔːn	ดอน	0	D AO N
day	deɪ	เด	0	D EY
dead	ded	เด็ด	0	D EH D
deadline	ˈdedˌlaɪn	เด็ด-ไลน์	0	D EH D L AY N
deadly	ˈded.li	เด็ด-ลี	0	D EH D L IY
deal	diːl	ดีล	0	D IY L
dealer	ˈdiː.lɚ	ดี-เลอร์	0	D IY L ER
dear	dɪr	เดียร์	0	D IH R
death	deθ	เด็ธ	0	D EH TH
debate	dəˈbeɪt	เดอะ-เบท	1	D AH B EY T
debris	dəˈbriː	เดอะ-บรี	1	D AH B R IY
debt	det	เด็ท	0	D EH T
debut	deɪˈbjuː	เด-บิว	1	D EY B Y UW
decade	deˈkeɪd	เด-เคด	1	D EH K EY D
decades	deˈkeɪdz	เด-เคดซ์	1	D EH K EY D Z
december	dɪˈsem.bɚ	ดิ-เซ็ม-เบอร์	1	D IH S EH M B ER
decent	ˈdiː.sənt	ดี-เซินท์	0	D IY S AH N T
decide	ˌdɪsˈaɪd	ดิส-ไซด์	1	D IH S AY D
decided	ˌdɪsˈaɪ.dɪd	ดิส-ไซ-ดิด	1	D IH S AY D IH D
decision	dɪˈsɪʒ.ən	ดิ-ซิช-เชิน	1	D IH S IH ZH AH N
decisive	dɪˈsaɪ.sɪv	ดิ-ไซ-ซิฟ	1	D IH S AY S IH V
deck	dek	เด็ค	0	D EH K
declaration	ˌdek.lɚˈeɪ.ʃən	เด็ค-เลอร์-เอ-เชิน	2	D EH K L ER EY SH AH N
declare	dɪˈkler	ดิ-แคลร์	1	D IH K L EH R
decline	dɪˈklaɪn	ดิ-ไคลน์	1	D IH K L AY N
decorate	ˈdek.ɚˌeɪt	เด็ค-เคอร์-เอท	0	D EH K ER EY T
decoration	ˌdek.ɚˈeɪ.ʃən	เด็ค-เคอร์-เอ-เชิน	2	D EH K ER EY SH AH N
decrease	dɪˈkriːs	ดิ-ครีส	1	D IH K R IY S
dedicate	ˈded.əˌkeɪt	เด็ด-เดอะ-เคท	0	D EH D AH K EY T
dedicated	ˈded.ə.keɪ.təd	เด็ด-เดอะ-เค-เทิด	0	D EH D AH K EY T AH D
dedication	ˌded.əˈkeɪ.ʃən	เด็ด-เดอะ-เค-เชิน	2	D EH D AH K EY SH AH N
deed	diːd	ดีด	0	D IY D
deem	diːm	ดีม	0	D IY M
deep	diːp	ดีป	0	D IY P
deeply	ˈdiː.pli	ดี-พลี	0	D IY P L IY
default	dɪˈfɔːlt	ดิ-ฟอลท์	1	D IH F AO L T
defeat	dɪˈfiːt	ดิ-ฟีท	1	D IH F IY T
defect	ˈdiː.fekt	ดี-เฟ็คท์	0	D IY F EH K T
defence	dɪˈfens	ดิ-เฟ็นส์	1	D IH F EH N S
defend	dɪˈfend	ดิ-เฟ็นด์	1	D IH F EH N D
defender	dɪˈfen.dɚ	ดิ-เฟ็น-เดอร์	1	D IH F EH N D ER
defensive	dɪˈfen.sɪv	ดิ-เฟ็น-ซิฟ	1	D IH F EH N S IH V
deficiency	dɪˈfɪʃ.ən.si	ดิ-ฟิช-เชิน-ซี	1	D IH F IH SH AH N S IY
deficit	ˈdef.ə.sət	เด็ฟ-เฟอะ-เซิท	0	D EH F AH S AH T
defied	dɪˈfaɪd	ดิ-ไฟด์	1	D IH F AY D
define	dɪˈfaɪn	ดิ-ไฟน์	1	D IH F AY N
definite	ˈdef.ə.nət	เด็ฟ-เฟอะ-เนิท	0	D EH F AH N AH T
definitely	ˈdef.ə.nət.li	เด็ฟ-เฟอะ-เนิท-ลี	0	D EH F AH N AH T L IY
definition	ˌdef.əˈnɪʃ.ən	เด็ฟ-เฟอะ-นิช-เชิน	2	D EH F AH N IH SH AH N
defy	dɪˈfaɪ	ดิ-ไฟ	1	D IH F AY
degree	dɪˈɡriː	ดิ-กรี	1	D IH G R IY
degrees	dɪˈɡriːz	ดิ-กรีซ	1	D IH G R IY Z
delay	dɪˈleɪ	ดิ-เล	1	D IH L EY
delegate	ˈdel.əˌɡeɪt	เด็ล-เลอะ-เกท	0	D EH L AH G EY T
delegates	ˈdel.əˌɡeɪts	เด็ล-เลอะ-เกทส์	0	D EH L AH G EY T S
delegation	ˌdel.əˈɡeɪ.ʃən	เด็ล-เลอะ-เก-เชิน	2	D EH L AH G EY SH AH N
delete	dɪˈliːt	ดิ-ลีท	1	D IH L IY T
deliberate	dɪˈlɪb.ɚ.ət	ดิ-ลิบ-เบอร์-เอิท	1	D IH L IH B ER AH T
deliberately	dɪˈlɪb.ɚ.ət.li	ดิ-ลิบ-เบอร์-เอิท-ลี	1	D IH L IH B ER AH T L IY
deliberating	dɪˈlɪb.ɚˌeɪ.tɪŋ	ดิ-ลิบ-เบอร์-เอ-ทิง	1	D IH L IH B ER EY T IH NG
delicate	ˈdel.ə.kət	เด็ล-เลอะ-เคิท	0	D EH L AH K AH T
delicious	dɪˈlɪʃ.əs	ดิ-ลิช-เชิส	1	D IH L IH SH AH S
delight	dɪˈlaɪt	ดิ-ไลท์	1	D IH L AY T
delighted	dɪˈlaɪ.təd	ดิ-ไล-เทิด	1	D IH L AY T AH D
deliver	dɪˈlɪv.ɚ	ดิ-ลิฟ-เวอร์	1	D IH L IH V ER
delivery	dɪˈlɪv.ɚ.i	ดิ-ลิฟ-เวอร์-อี	1	D IH L IH V ER IY
demand	dɪˈmænd	ดิ-แมนด์	1	D IH M AE N D
demanding	dɪˈmæn.dɪŋ	ดิ-แมน-ดิง	1	D IH M AE N D IH NG
democracy	dɪˈmɑː.krə.si	ดิ-มา-เครอะ-ซี	1	D IH M AA K R AH S IY
democratic	ˌdem.əˈkræt.ɪk	เด็ม-เมอะ-แครท-ทิค	2	D EH M AH K R AE T IH K
demonstrate	ˈdem.ənˌstreɪt	เด็ม-เมิน-สเตรท	0	D EH M AH N S T R EY T
demonstration	ˌdem.ənˈstreɪ.ʃən	เด็ม-เมิน-สเตร-เชิน	2	D EH M AH N S T R EY SH AH N
denial	dɪˈnaɪ.əl	ดิ-ไน-เอิล	1	D IH N AY AH L
dense	dens	เด็นส์	0	D EH N S
density	ˈden.sə.ti	เด็น-เซอะ-ที	0	D EH N S AH T IY
dentist	ˈden.təst	เด็น-เทิสท์	0	D EH N T AH S T
deny	dɪˈnaɪ	ดิ-ไน	1	D IH N AY
department	dɪˈpɑːrt.mənt	ดิ-พาร์ท์-เมินท์	1	D IH P AA R T M AH N T
departure	dɪˈpɑːr.tʃɚ	ดิ-พาร์-เชอร์	1	D IH P AA R CH ER
depend	dɪˈpend	ดิ-เพ็นด์	1	D IH P EH N D
dependence	dɪˈpen.dəns	ดิ-เพ็น-เดินส์	1	D IH P EH N D AH N S
dependent	dɪˈpen.dənt	ดิ-เพ็น-เดินท์	1	D IH P EH N D AH N T
depict	dɪˈpɪkt	ดิ-พิคท์	1	D IH P IH K T
deploy	dɪˈplɔɪ	ดิ-พลอย	1	D IH P L OY
deployment	dɪˈplɔɪ.mənt	ดิ-พลอย-เมินท์	1	D IH P L OY M AH N T
deposit	dəˈpɑː.zɪt	เดอะ-พา-ซิท	1	D AH P AA Z IH T
depressed	dɪˈprest	ดิ-เพร็สท์	1	D IH P R EH S T
depressing	dɪˈpres.ɪŋ	ดิ-เพร็ส-ซิง	1	D IH P R EH S IH NG
depression	dɪˈpreʃ.ən	ดิ-เพร็ช-เชิน	1	D IH P R EH SH AH N
deprive	dɪˈpraɪv	ดิ-ไพรฟ์	1	D IH P R AY V
depth	depθ	เด็ปธ์	0	D EH P TH
deputy	ˈdep.jə.ti	เด็ป-เยอะ-ที	0	D EH P Y AH T IY
derive	dɚˈaɪv	เดอร์-ไอฟ์	1	D ER AY V
descend	dɪˈsend	ดิ-เซ็นด์	1	D IH S EH N D
descent	dɪˈsent	ดิ-เซ็นท์	1	D IH S EH N T
describe	dɪˈskraɪb	ดิ-สไกรบ์	1	D IH S K R AY B
description	dɪˈskrɪp.ʃən	ดิ-สกริป-เชิน	1	D IH S K R IH P SH AH N
desert	ˈdez.ɚt	เด็ซ-เซิร์ท	0	D EH Z ER T
deserve	dɪˈzɝːv	ดิ-เซิร์ฟ	1	D IH Z ER V
design	dɪˈzaɪn	ดิ-ไซน์	1	D IH Z AY N
designate	ˈdez.əɡˌneɪt	เด็ซ-เซิก-เนท	0	D EH Z AH G N EY T
designer	dɪˈzaɪ.nɚ	ดิ-ไซ-เนอร์	1	D IH Z AY N ER
desirable	dɪˈzaɪ.rə.bəl	ดิ-ไซ-เรอะ-เบิล	1	D IH Z AY R AH B AH L
desire	dɪˈzaɪ.ɚ	ดิ-ไซ-เออร์	1	D IH Z AY ER
desk	desk	เด็สค์	0	D EH S K
desktop	ˈdeskˌtɑːp	เด็สค์-ทาป	0	D EH S K T AA P
despair	dɪˈsper	ดิ-สแปร์	1	D IH S P EH R
desperate	ˈdes.prɪt	เด็ส-พริท	0	D EH S P R IH T
desperately	ˈdes.pɚ.ət.li	เด็ส-เพอร์-เอิท-ลี	0	D EH S P ER AH T L IY
despite	dɪˈspaɪt	ดิ-สไปท์	1	D IH S P AY T
destination	ˌdes.təˈneɪ.ʃən	เด็ส-เทอะ-เน-เชิน	2	D EH S T AH N EY SH AH N
destroy	dɪˈstrɔɪ	ดิ-สตรอย	1	D IH S T R OY
destruction	dɪˈstrʌk.ʃən	ดิ-สตรัค-เชิน	1	D IH S T R AH K SH AH N
destructive	dɪˈstrʌk.tɪv	ดิ-สตรัค-ทิฟ	1	D IH S T R AH K T IH V
detail	dɪˈteɪl	ดิ-เทล	1	D IH T EY L
detailed	dɪˈteɪld	ดิ-เทลด์	1	D IH T EY L D
detain	dɪˈteɪn	ดิ-เทน	1	D IH T EY N
detect	dɪˈtekt	ดิ-เท็คท์	1	D IH T EH K T
detection	dɪˈtek.ʃən	ดิ-เท็ค-เชิน	1	D IH T EH K SH AH N
detective	dɪˈtek.tɪv	ดิ-เท็ค-ทิฟ	1	D IH T EH K T IH V
detention	dɪˈten.ʃən	ดิ-เท็น-เชิน	1	D IH T EH N SH AH N
deteriorate	dɪˈtɪr.i.ɚˌeɪt	ดิ-ทิ-รี-เออร์-เอท	1	D IH T IH R IY ER EY T
deteriorating	dɪˈtɪr.i.ɚˌeɪ.tɪŋ	ดิ-ทิ-รี-เออร์-เอ-ทิง	1	D IH T IH R IY ER EY T IH NG
determine	dəˈtɝː.mən	เดอะ-เทอร์-เมิน	1	D AH T ER M AH N
determined	dɪˈtɝː.mənd	ดิ-เทอร์-เมินด์	1	D IH T ER M AH N D
devastate	ˈdev.əˌsteɪt	เด็ฟ-เวอะ-สเตท	0	D EH V AH S T EY T
devastating	ˈdev.əˌsteɪ.tɪŋ	เด็ฟ-เวอะ-สเต-ทิง	0	D EH V AH S T EY T IH NG
develop	dɪˈvel.əp	ดิ-เว็ล-เลิป	1	D IH V EH L AH P
developing	dɪˈvel.ə.pɪŋ	ดิ-เว็ล-เลอะ-พิง	1	D IH V EH L AH P IH NG
development	dɪˈvel.əp.mənt	ดิ-เว็ล-เลิป-เมินท์	1	D IH V EH L AH P M AH N T
device	dɪˈvaɪs	ดิ-ไวส์	1	D IH V AY S
devise	dɪˈvaɪz	ดิ-ไวซ์	1	D IH V AY Z
devote	dɪˈvoʊt	ดิ-โวท	1	D IH V OW T
devoted	dɪˈvoʊ.tɪd	ดิ-โว-ทิด	1	D IH V OW T IH D
diagnose	ˌdaɪ.əɡˈnoʊs	ได-เอิก-โนส	2	D AY AH G N OW S
diagnosis	ˌdaɪ.əɡˈnoʊ.səs	ได-เอิก-โน-เซิส	2	D AY AH G N OW S AH S
diagram	ˈdaɪ.əˌɡræm	ได-อะ-แกรม	0	D AY AH G R AE M
dialogue	ˈdaɪ.əˌlɔːɡ	ได-อะ-ลอก	0	D AY AH L AO G
diamond	ˈdaɪ.mənd	ได-เมินด์	0	D AY M AH N D
diary	ˈdaɪ.ɚ.i	ได-เออร์-อี	0	D AY ER IY
dictionary	ˈdɪk.ʃəˌner.i	ดิค-เชอะ-เน-รี	0	D IH K SH AH N EH R IY
did	dɪd	ดิด	0	D IH D
didn't	ˈdɪd.ənt	ดิด-เดินท์	0	D IH D AH N T
die	daɪ	ได	0	D AY
diet	ˈdaɪ.ət	ได-เอิท	0	D AY AH T
differ	ˈdɪf.ɚ	ดิฟ-เฟอร์	0	D IH F ER
difference	ˈdɪf.ɚ.əns	ดิฟ-เฟอร์-เอินส์	0	D IH F ER AH N S
different	ˈdɪf.ɚ.ənt	ดิฟ-เฟอร์-เอินท์	0	D IH F ER AH N T
differentiate	ˌdɪf.ɚˈen.ʃiˌeɪt	ดิฟ-เฟอร์-เอ็น-ชี-เอท	2	D IH F ER EH N SH IY EY T
differently	ˈdɪf.rənt.li	ดิฟ-เรินท์-ลี	0	D IH F R AH N T L IY
difficult	ˈdɪf.ə.kəlt	ดิฟ-เฟอะ-เคิลท์	0	D IH F AH K AH L T
difficulty	ˈdɪf.ə.kəl.ti	ดิฟ-เฟอะ-เคิล-ที	0	D IH F AH K AH L T IY
dig	dɪɡ	ดิก	0	D IH G
digital	ˈdɪdʒ.ə.təl	ดิจ-เจอะ-เทิล	0	D IH JH AH T AH L
dignity	ˈdɪɡ.nə.ti	ดิก-เนอะ-ที	0	D IH G N AH T IY
dilemma	dɪˈlem.ə	ดิ-เล็ม-เมอะ	1	D IH L EH M AH
dimension	dɪˈmen.ʃən	ดิ-เม็น-เชิน	1	D IH M EH N SH AH N
diminish	dɪˈmɪn.ɪʃ	ดิ-มิน-นิช	1	D IH M IH N IH SH
dinner	ˈdɪn.ɚ	ดิน-เนอร์	0	D IH N ER
dip	dɪp	ดิป	0	D IH P
diplomat	ˈdɪp.ləˌmæt	ดิป-เลอะ-แมท	0	D IH P L AH M AE T
diplomatic	ˌdɪp.ləˈmæt.ɪk	ดิป-เลอะ-แมท-ทิค	2	D IH P L AH M AE T IH K
direct	dɚˈekt	เดอร์-เอ็คท์	1	D ER EH K T
direction	dɚˈek.ʃən	เดอร์-เอ็ค-เชิน	1	D ER EH K SH AH N
directly	dɚˈekt.li	เดอร์-เอ็คท์-ลี	1	D ER EH K T L IY
director	dɚˈek.tɚ	เดอร์-เอ็ค-เทอร์	1	D ER EH K T ER
directory	dɚˈek.tɚ.i	เดอร์-เอ็ค-เทอร์-อี	1	D ER EH K T ER IY
dirt	dɝːt	เดิร์ท	0	D ER T
dirty	ˈdɝː.ti	เดอร์-ที	0	D ER T IY
disability	ˌdɪs.əˈbɪl.ɪ.ti	ดิส-เซอะ-บิล-ลิ-ที	2	D IH S AH B IH L IH T IY
disabled	dɪˈseɪ.bəld	ดิ-เซ-เบิลด์	1	D IH S EY B AH L D
disadvantage	ˌdɪs.ədˈvæn.tɪdʒ	ดิส-เซิด-แวน-ทิจ	2	D IH S AH D V AE N T IH JH
disagree	dɪ.səˈɡriː	ดิ-เซอะ-กรี	2	D IH S AH G R IY
disagreement	dɪ.səˈɡriː.mənt	ดิ-เซอะ-กรี-เมินท์	2	D IH S AH G R IY M AH N T
disappear	ˌdɪs.əˈpɪr	ดิส-เซอะ-เพียร์	2	D IH S AH P IH R
disappeared	ˌdɪs.əˈpɪrd	ดิส-เซอะ-เพียร์ด์	2	D IH S AH P IH R D
disappointed	ˌdɪs.əˈpɔɪn.tɪd	ดิส-เซอะ-พอยน์-ทิด	2	D IH S AH P OY N T IH D
disappointing	ˌdɪs.əˈpɔɪn.tɪŋ	ดิส-เซอะ-พอยน์-ทิง	2	D IH S AH P OY N T IH NG
disappointment	ˌdɪs.əˈpɔɪnt.mənt	ดิส-เซอะ-พอยน์ท์-เมินท์	2	D IH S AH P OY N T M AH N T
disaster	dɪˈzæs.tɚ	ดิ-แซส-เทอร์	1	D IH Z AE S T ER
disastrous	dɪˈzæs.trəs	ดิ-แซส-เทริส	1	D IH Z AE S T R AH S
disc	dɪsk	ดิสค์	0	D IH S K
discard	dɪˈskɑːrd	ดิ-สการ์ด์	1	D IH S K AA R D
discharge	dɪsˈtʃɑːrdʒ	ดิส-ชาร์จ์	1	D IH S CH AA R JH
discipline	ˈdɪs.ə.plən	ดิส-เซอะ-เพลิน	0	D IH S AH P L AH N
disclose	dɪsˈkloʊz	ดิส-โคลซ	1	D IH S K L OW Z
disclosure	dɪsˈkloʊ.ʒɚ	ดิส-โคล-เชอร์	1	D IH S K L OW ZH ER
discount	dɪˈskaʊnt	ดิ-สเกาน์ท์	1	D IH S K AW N T
discourage	dɪˈskɝː.ɪdʒ	ดิ-สเกอร์-อิจ	1	D IH S K ER IH JH
discourse	ˈdɪs.kɔːrs	ดิส-คอร์ส์	0	D IH S K AO R S
discover	dɪˈskʌv.ɚ	ดิ-สกัฟ-เวอร์	1	D IH S K AH V ER
discovery	dɪˈskʌv.ɚ.i	ดิ-สกัฟ-เวอร์-อี	1	D IH S K AH V ER IY
discretion	dɪˈskreʃ.ən	ดิ-สเกร็ช-เชิน	1	D IH S K R EH SH AH N
discrimination	dɪˌskrɪm.əˈneɪ.ʃən	ดิ-สกริม-เมอะ-เน-เชิน	3	D IH S K R IH M AH N EY SH AH N
discuss	dɪˈskʌs	ดิ-สกัส	1	D IH S K AH S
discussing	dɪˈskʌs.ɪŋ	ดิ-สกัส-ซิง	1	D IH S K AH S IH NG
discussion	dɪˈskʌʃ.ən	ดิ-สกัช-เชิน	1	D IH S K AH SH AH N
disease	dɪˈziːz	ดิ-ซีซ	1	D IH Z IY Z
dish	dɪʃ	ดิช	0	D IH SH
dishonest	dɪˈsɑː.nəst	ดิ-ซา-เนิสท์	1	D IH S AA N AH S T
dislike	dɪˈslaɪk	ดิ-สไลค์	1	D IH S L AY K
dismiss	dɪˈsmɪs	ดิ-สมิส	1	D IH S M IH S
dismissal	dɪˈsmɪs.əl	ดิ-สมิส-เซิล	1	D IH S M IH S AH L
disorder	dɪˈsɔːr.dɚ	ดิ-ซอร์-เดอร์	1	D IH S AO R D ER
displace	dɪˈspleɪs	ดิ-สเปลส	1	D IH S P L EY S
display	dɪˈspleɪ	ดิ-สเปล	1	D IH S P L EY
disposal	dɪˈspoʊ.zəl	ดิ-สโป-เซิล	1	D IH S P OW Z AH L
dispose	dɪˈspoʊz	ดิ-สโปซ	1	D IH S P OW Z
disproportionately	ˌdɪs.prəˈpɔːr.ʃə.nət.li	ดิส-เพรอะ-พอร์-เชอะ-เนิท-ลี	2	D IH S P R AH P AO R SH AH N AH T L IY
dispute	dɪˈspjuːt	ดิ-สปิวท์	1	D IH S P Y UW T
disrupt	dɪsˈrʌpt	ดิส-รัปท์	1	D IH S R AH P T
disruption	dɪsˈrʌp.ʃən	ดิส-รัป-เชิน	1	D IH S R AH P SH AH N
dissolve	dɪˈzɑːlv	ดิ-ซาลฟ์	1	D IH Z AA L V
distance	ˈdɪs.təns	ดิส-เทินส์	0	D IH S T AH N S
distinct	dɪˈstɪŋkt	ดิ-สติงค์ท์	1	D IH S T IH NG K T
distinction	dɪˈstɪŋk.ʃən	ดิ-สติงค์-เชิน	1	D IH S T IH NG K SH AH N
distinctive	dɪˈstɪŋk.tɪv	ดิ-สติงค์-ทิฟ	1	D IH S T IH NG K T IH V
distinguish	dɪˈstɪŋ.ɡwɪʃ	ดิ-สติง-กวิช	1	D IH S T IH NG G W IH SH
distort	dɪˈstɔːrt	ดิ-สตอร์ท์	1	D IH S T AO R T
distract	dɪˈstrækt	ดิ-สแตรคท์	1	D IH S T R AE K T
distress	dɪˈstres	ดิ-สเตร็ส	1	D IH S T R EH S
distribute	dɪˈstrɪb.jut	ดิ-สตริบ-ยูท	1	D IH S T R IH B Y UW T
distribution	ˌdɪs.trəˈbjuː.ʃən	ดิส-เทรอะ-บิว-เชิน	2	D IH S T R AH B Y UW SH AH N
district	ˈdɪs.trɪkt	ดิส-ทริคท์	0	D IH S T R IH K T
disturb	dɪˈstɝːb	ดิ-สเติร์บ	1	D IH S T ER B
disturbing	dɪˈstɝː.bɪŋ	ดิ-สเตอร์-บิง	1	D IH S T ER B IH NG
diverse	daɪˈvɝːs	ได-เวิร์ส	1	D AY V ER S
diversity	dɪˈvɝː.sɪ.ti	ดิ-เวอร์-ซิ-ที	1	D IH V ER S IH T IY
divert	daɪˈvɝːt	ได-เวิร์ท	1	D AY V ER T
divide	dɪˈvaɪd	ดิ-ไวด์	1	D IH V AY D
divine	dɪˈvaɪn	ดิ-ไวน์	1	D IH V AY N
division	dɪˈvɪʒ.ən	ดิ-วิช-เชิน	1	D IH V IH ZH AH N
divorced	dɪˈvɔːrst	ดิ-วอร์ส์ท์	1	D IH V AO R S T
do	duː	ดู	0	D UW
doctor	ˈdɑːk.tɚ	ดาค-เทอร์	0	D AA K T ER
doctrine	ˈdɑːk.trən	ดาค-เทริน	0	D AA K T R AH N
document	ˈdɑː.kjə.ment	ดา-เคอะ-เม็นท์	0	D AA K Y AH M EH N T
documentary	ˌdɑː.kjəˈmen.tɚ.i	ดา-เคอะ-เม็น-เทอร์-อี	2	D AA K Y AH M EH N T ER IY
documentation	ˌdɑː.kjə.menˈteɪ.ʃən	ดา-เคอะ-เม็น-เท-เชิน	3	D AA K Y AH M EH N T EY SH AH N
dog	dɔːɡ	ดอก	0	D AO G
doing	ˈduː.ɪŋ	ดู-อิง	0	D UW IH NG
dollar	ˈdɑː.lɚ	ดา-เลอร์	0	D AA L ER
domain	doʊˈmeɪn	โด-เมน	1	D OW M EY N
domestic	dəˈmes.tɪk	เดอะ-เม็ส-ทิค	1	D AH M EH S T IH K
dominance	ˈdɑː.mə.nəns	ดา-เมอะ-เนินส์	0	D AA M AH N AH N S
dominant	ˈdɑː.mə.nənt	ดา-เมอะ-เนินท์	0	D AA M AH N AH N T
dominate	ˈdɑː.məˌneɪt	ดา-เมอะ-เนท	0	D AA M AH N EY T
don't	doʊnt	โดนท์	0	D OW N T
donate	ˈdoʊˌneɪt	โด-เนท	0	D OW N EY T
donation	doʊˈneɪ.ʃən	โด-เน-เชิน	1	D OW N EY SH AH N
donor	ˈdoʊ.nɚ	โด-เนอร์	0	D OW N ER
door	dɔːr	ดอร์	0	D AO R
dose	doʊs	โดส	0	D OW S
double	ˈdʌb.əl	ดับ-เบิล	0	D AH B AH L
doubt	daʊt	เดาท์	0	D AW T
down	daʊn	เดาน์	0	D AW N
download	ˈdaʊnˌloʊd	เดาน์-โลด	0	D AW N L OW D
downstairs	ˈdaʊnˈsterz	เดาน์-สแตร์ซ์	0	D AW N S T EH R Z
downwards	ˈdaʊn.wɚdz	เดาน์-เวิร์ดซ์	0	D AW N W ER D Z
dozen	ˈdʌz.ən	ดัซ-เซิน	0	D AH Z AH N
draft	dræft	แดรฟท์	0	D R AE F T
drag	dræɡ	แดรก	0	D R AE G
dragging	ˈdræɡ.ɪŋ	แดรก-กิง	0	D R AE G IH NG
drain	dreɪn	เดรน	0	D R EY N
drama	ˈdrɑː.mə	ดรา-เมอะ	0	D R AA M AH
dramatic	drəˈmæt.ɪk	เดรอะ-แมท-ทิค	1	D R AH M AE T IH K
draw	drɔː	ดรอ	0	D R AO
drawing	ˈdrɔː.ɪŋ	ดรอ-อิง	0	D R AO IH NG
dream	driːm	ดรีม	0	D R IY M
dress	dres	เดร็ส	0	D R EH S
dressed	drest	เดร็สท์	0	D R EH S T
drift	drɪft	ดริฟท์	0	D R IH F T
drink	drɪŋk	ดริงค์	0	D R IH NG K
drive	draɪv	ไดรฟ์	0	D R AY V
driver	ˈdraɪ.vɚ	ไดร-เวอร์	0	D R AY V ER
driving	ˈdraɪ.vɪŋ	ไดร-วิง	0	D R AY V IH NG
drop	drɑːp	ดราป	0	D R AA P
drown	draʊn	เดราน์	0	D R AW N
drug	drʌɡ	ดรัก	0	D R AH G
drum	drʌm	ดรัม	0	D R AH M
drunk	drʌŋk	ดรังค์	0	D R AH NG K
dry	draɪ	ไดร	0	D R AY
dual	ˈduː.əl	ดู-เอิล	0	D UW AH L
dub	dʌb	ดับ	0	D AH B
due	duː	ดู	0	D UW
dump	dʌmp	ดัมป์	0	D AH M P
duration	ˈdʊrˈeɪ.ʃən	ดุ-เร-เชิน	0	D UH R EY SH AH N
during	ˈdʊr.ɪŋ	ดุ-ริง	0	D UH R IH NG
dust	dʌst	ดัสท์	0	D AH S T
duty	ˈduː.ti	ดู-ที	0	D UW T IY
dvd	ˌdiːˌviːˈdiː	ดี-วี-ดี	2	D IY V IY D IY
dynamic	daɪˈnæm.ɪk	ได-แนม-มิค	1	D AY N AE M IH K
each	iːtʃ	อีช	0	IY CH
eager	ˈiː.ɡɚ	อี-เกอร์	0	IY G ER
ear	iːr	เอียร์	0	IY R
early	ˈɝː.li	เออร์-ลี	0	ER L IY
earn	ɝːn	เอิร์น	0	ER N
earnings	ˈɝː.nɪŋz	เออร์-นิงซ์	0	ER N IH NG Z
earth	ɝːθ	เอิร์ธ	0	ER TH
earthquake	ˈɝːθˌkweɪk	เอิร์ธ-เควค	0	ER TH K W EY K
ease	iːz	อีซ	0	IY Z
easily	ˈiː.zə.li	อี-เซอะ-ลี	0	IY Z AH L IY
east	iːst	อีสท์	0	IY S T
eastern	ˈiː.stɚn	อี-สเติร์น	0	IY S T ER N
easy	ˈiː.zi	อี-ซี	0	IY Z IY
eat	iːt	อีท	0	IY T
echo	ˈek.oʊ	เอ็ค-โค	0	EH K OW
ecological	i.kəˈlɑː.dʒɪ.kəl	อี-เคอะ-ลา-จิ-เคิล	2	IY K AH L AA JH IH K AH L
economic	ˌek.əˈnɑː.mɪk	เอ็ค-เคอะ-นา-มิค	2	EH K AH N AA M IH K
economics	ˌek.əˈnɑː.mɪks	เอ็ค-เคอะ-นา-มิคส์	2	EH K AH N AA M IH K S
economist	ɪˈkɑː.nə.mɪst	อิ-คา-เนอะ-มิสท์	1	IH K AA N AH M IH S T
economists	ɪˈkɑː.nə.mɪsts	อิ-คา-เนอะ-มิสท์ส์	1	IH K AA N AH M IH S T S
economy	ɪˈkɑː.nə.mi	อิ-คา-เนอะ-มี	1	IH K AA N AH M IY
ecosystem	ˈiː.koʊˌsɪs.təm	อี-โค-ซิส-เทิม	0	IY K OW S IH S T AH M
edge	edʒ	เอ็จ	0	EH JH
edit	ˈed.ət	เอ็ด-เดิท	0	EH D AH T
edition	əˈdɪʃ.ən	อะ-ดิช-เชิน	1	AH D IH SH AH N
editor	ˈed.ə.tɚ	เอ็ด-เดอะ-เทอร์	0	EH D AH T ER
educate	ˈedʒ.əˌkeɪt	เอ็จ-เจอะ-เคท	0	EH JH AH K EY T
educated	ˈedʒ.əˌkeɪ.tɪd	เอ็จ-เจอะ-เค-ทิด	0	EH JH AH K EY T IH D
education	ˌedʒ.əˈkeɪ.ʃən	เอ็จ-เจอะ-เค-เชิน	2	EH JH AH K EY SH AH N
educational	ˌedʒ.əˈkeɪ.ʃə.nəl	เอ็จ-เจอะ-เค-เชอะ-เนิล	2	EH JH AH K EY SH AH N AH L
educator	ˈedʒ.əˌkeɪ.tɚ	เอ็จ-เจอะ-เค-เทอร์	0	EH JH AH K EY T ER
effect	ɪˈfekt	อิ-เฟ็คท์	1	IH F EH K T
effective	ɪˈfek.tɪv	อิ-เฟ็ค-ทิฟ	1	IH F EH K T IH V
effectively	ɪˈfek.tɪv.li	อิ-เฟ็ค-ทิฟ-ลี	1	IH F EH K T IH V L IY
effectiveness	ɪˈfek.tɪv.nəs	อิ-เฟ็ค-ทิฟ-เนิส	1	IH F EH K T IH V N AH S
effects	ɪˈfekts	อิ-เฟ็คท์ส์	1	IH F EH K T S
efficiency	ɪˈfɪʃ.ən.si	อิ-ฟิช-เชิน-ซี	1	IH F IH SH AH N S IY
efficient	ɪˈfɪʃ.ənt	อิ-ฟิช-เชินท์	1	IH F IH SH AH N T
effort	ˈef.ɚt	เอ็ฟ-เฟิร์ท	0	EH F ER T
egg	eɡ	เอ็ก	0	EH G
ego	ˈiː.ɡoʊ	อี-โก	0	IY G OW
eight	eɪt	เอท	0	EY T
eighteen	eɪˈtiːn	เอ-ทีน	1	EY T IY N
eighty	ˈeɪ.ti	เอ-ที	0	EY T IY
either	ˈiː.ðɚ	อี-เธอร์	0	IY DH ER
elaborate	ɪˈlæb.rət	อิ-แลบ-เริท	1	IH L AE B R AH T
elderly	ˈel.dɚ.li	เอ็ล-เดอร์-ลี	0	EH L D ER L IY
elect	ɪˈlekt	อิ-เล็คท์	1	IH L EH K T
election	ɪˈlek.ʃən	อิ-เล็ค-เชิน	1	IH L EH K SH AH N
electoral	ɪˈlek.tɚ.əl	อิ-เล็ค-เทอร์-เอิล	1	IH L EH K T ER AH L
electric	ɪˈlek.trɪk	อิ-เล็ค-ทริค	1	IH L EH K T R IH K
electrical	ɪˈlek.trɪ.kəl	อิ-เล็ค-ทริ-เคิล	1	IH L EH K T R IH K AH L
electricity	ɪˌlekˈtrɪs.ə.ti	อิ-เล็ค-ทริส-เซอะ-ที	2	IH L EH K T R IH S AH T IY
electronic	ˌɪlˌekˈtrɑː.nɪk	อิล-เล็ค-ทรา-นิค	2	IH L EH K T R AA N IH K
elegant	ˈel.ə.ɡənt	เอ็ล-เลอะ-เกินท์	0	EH L AH G AH N T
element	ˈel.ə.mənt	เอ็ล-เลอะ-เมินท์	0	EH L AH M AH N T
elementary	ˌel.əˈmen.tri	เอ็ล-เลอะ-เม็น-ทรี	2	EH L AH M EH N T R IY
elephant	ˈel.ə.fənt	เอ็ล-เลอะ-เฟินท์	0	EH L AH F AH N T
elevate	ˈel.əˌveɪt	เอ็ล-เลอะ-เวท	0	EH L AH V EY T
eleven	ɪˈlev.ən	อิ-เล็ฟ-เวิน	1	IH L EH V AH N
eligible	ˈel.ə.dʒə.bəl	เอ็ล-เลอะ-เจอะ-เบิล	0	EH L AH JH AH B AH L
eliminate	ɪˈlɪm.əˌneɪt	อิ-ลิม-เมอะ-เนท	1	IH L IH M AH N EY T
elite	ɪˈliːt	อิ-ลีท	1	IH L IY T
else	els	เอ็ลส์	0	EH L S
elsewhere	ˈelˌswer	เอ็ล-สแวร์	0	EH L S W EH R
email	iˈmeɪl	อี-เมล	1	IY M EY L
embark	emˈbɑːrk	เอ็ม-บาร์ค์	1	EH M B AA R K
embarrassed	ɪmˈber.əst	อิม-เบ-เริสท์	1	IH M B EH R AH S T
embarrassing	ɪmˈber.ə.sɪŋ	อิม-เบ-เรอะ-ซิง	1	IH M B EH R AH S IH NG
embarrassment	ɪmˈber.ə.smənt	อิม-เบ-เรอะ-สเมินท์	1	IH M B EH R AH S M AH N T
embassy	ˈem.bə.si	เอ็ม-เบอะ-ซี	0	EH M B AH S IY
embed	ɪmˈbed	อิม-เบ็ด	1	IH M B EH D
embody	ɪmˈbɑː.di	อิม-บา-ดี	1	IH M B AA D IY
embrace	emˈbreɪs	เอ็ม-เบรส	1	EH M B R EY S
emerge	ɪˈmɝːdʒ	อิ-เมิร์จ	1	IH M ER JH
emerged	ɪˈmɝːdʒd	อิ-เมิร์จด์	1	IH M ER JH D
emergence	ɪˈmɝː.dʒəns	อิ-เมอร์-เจินส์	1	IH M ER JH AH N S
emergency	ɪˈmɝː.dʒən.si	อิ-เมอร์-เจิน-ซี	1	IH M ER JH AH N S IY
emission	ɪˈmɪʃ.ən	อิ-มิช-เชิน	1	IH M IH SH AH N
emotion	ɪˈmoʊ.ʃən	อิ-โม-เชิน	1	IH M OW SH AH N
emotional	ɪˈmoʊ.ʃə.nəl	อิ-โม-เชอะ-เนิล	1	IH M OW SH AH N AH L
empathy	ˈem.pə.θi	เอ็ม-เพอะ-ธี	0	EH M P AH TH IY
emphasis	ˈem.fə.səs	เอ็ม-เฟอะ-เซิส	0	EH M F AH S AH S
emphasize	ˈem.fəˌsaɪz	เอ็ม-เฟอะ-ไซซ์	0	EH M F AH S AY Z
empire	ˈem.paɪ.ɚ	เอ็ม-ไพ-เออร์	0	EH M P AY ER
empirical	ˌemˈpɪr.ɪ.kəl	เอ็ม-พิ-ริ-เคิล	1	EH M P IH R IH K AH L
employ	emˈplɔɪ	เอ็ม-พลอย	1	EH M P L OY
employee	emˈplɔɪ.i	เอ็ม-พลอย-อี	1	EH M P L OY IY
employees	emˈplɔɪ.iz	เอ็ม-พลอย-อีซ	1	EH M P L OY IY Z
employer	emˈplɔɪ.ɚ	เอ็ม-พลอย-เออร์	1	EH M P L OY ER
employment	emˈplɔɪ.mənt	เอ็ม-พลอย-เมินท์	1	EH M P L OY M AH N T
empower	ɪmˈpaʊ.ɚ	อิม-เพา-เออร์	1	IH M P AW ER
empty	ˈemp.ti	เอ็มป์-ที	0	EH M P T IY
enable	eˈneɪ.bəl	เอ-เน-เบิล	1	EH N EY B AH L
enact	ɪˈnækt	อิ-แนคท์	1	IH N AE K T
encompass	enˈkʌm.pəs	เอ็น-คัม-เพิส	1	EH N K AH M P AH S
encounter	ɪnˈkaʊn.tɚ	อิน-เคาน์-เทอร์	1	IH N K AW N T ER
encourage	enˈkɝː.ɪdʒ	เอ็น-เคอร์-อิจ	1	EH N K ER IH JH
end	end	เอ็นด์	0	EH N D
ending	ˈen.dɪŋ	เอ็น-ดิง	0	EH N D IH NG
endless	ˈend.ləs	เอ็นด์-เลิส	0	EH N D L AH S
endorse	enˈdɔːrs	เอ็น-ดอร์ส์	1	EH N D AO R S
endorsement	enˈdɔːr.smənt	เอ็น-ดอร์-สเมินท์	1	EH N D AO R S M AH N T
endure	endˈjʊr	เอ็นด์-ยัวร์	1	EH N D Y UH R
enemy	ˈen.ə.mi	เอ็น-เนอะ-มี	0	EH N AH M IY
energy	ˈen.ɚ.dʒi	เอ็น-เนอร์-จี	0	EH N ER JH IY
enforce	enˈfɔːrs	เอ็น-ฟอร์ส์	1	EH N F AO R S
enforcement	enˈfɔːr.smənt	เอ็น-ฟอร์-สเมินท์	1	EH N F AO R S M AH N T
engage	enˈɡeɪdʒ	เอ็น-เกจ	1	EH N G EY JH
engaged	enˈɡeɪdʒd	เอ็น-เกจด์	1	EH N G EY JH D
engagement	enˈɡeɪdʒ.mənt	เอ็น-เกจ-เมินท์	1	EH N G EY JH M AH N T
engaging	enˈɡeɪ.dʒɪŋ	เอ็น-เก-จิง	1	EH N G EY JH IH NG
engine	ˈen.dʒən	เอ็น-เจิน	0	EH N JH AH N
engineer	ˈen.dʒəˈnɪr	เอ็น-เจอะ-เนียร์	0	EH N JH AH N IH R
engineering	ˈen.dʒəˈnɪr.ɪŋ	เอ็น-เจอะ-นิ-ริง	0	EH N JH AH N IH R IH NG
english	ˈɪŋ.ɡlɪʃ	อิง-กลิช	0	IH NG G L IH SH
enhance	enˈhæns	เอ็น-แฮนส์	1	EH N HH AE N S
enjoy	ˌenˈdʒɔɪ	เอ็น-จอย	1	EH N JH OY
enormous	ɪˈnɔːr.məs	อิ-นอร์-เมิส	1	IH N AO R M AH S
enormously	ɪˈnɔːr.mə.sli	อิ-นอร์-เมอะ-สลี	1	IH N AO R M AH S L IY
enough	ɪˈnʌf	อิ-นัฟ	1	IH N AH F
enquiry	ɪnˈkwaɪ.ri	อิน-ไคว-รี	1	IH N K W AY R IY
enrich	enˈrɪtʃ	เอ็น-ริช	1	EH N R IH CH
enrol	enˈroʊl	เอ็น-โรล	1	EH N R OW L
ensemble	ɑːnˈsɑːm.bəl	อาน-ซาม-เบิล	1	AA N S AA M B AH L
ensure	enˈʃʊr	เอ็น-ชัวร์	1	EH N SH UH R
enter	ˈen.tɚ	เอ็น-เทอร์	0	EH N T ER
enterprise	ˈen.tɚˌpraɪz	เอ็น-เทอร์-ไพรซ์	0	EH N T ER P R AY Z
entertain	ˌen.tɚˈteɪn	เอ็น-เทอร์-เทน	2	EH N T ER T EY N
entertaining	ˌen.tɚˈteɪ.nɪŋ	เอ็น-เทอร์-เท-นิง	2	EH N T ER T EY N IH NG
entertainment	ˌen.tɚˈteɪn.mənt	เอ็น-เทอร์-เทน-เมินท์	2	EH N T ER T EY N M AH N T
enthusiasm	ɪnˈθuː.ziˌæz.əm	อิน-ธู-ซี-แอซ-เซิม	1	IH N TH UW Z IY AE Z AH M
enthusiast	enˈθuː.ziˌæst	เอ็น-ธู-ซี-แอสท์	1	EH N TH UW Z IY AE S T
enthusiastic	ɪnˌθuː.ziˈæs.tɪk	อิน-ธู-ซี-แอส-ทิค	3	IH N TH UW Z IY AE S T IH K
entire	ɪnˈtaɪ.ɚ	อิน-ไท-เออร์	1	IH N T AY ER
entirely	ɪnˈtaɪ.ɚ.li	อิน-ไท-เออร์-ลี	1	IH N T AY ER L IY
entitle	enˈtaɪ.təl	เอ็น-ไท-เทิล	1	EH N T AY T AH L
entity	ˈen.tə.ti	เอ็น-เทอะ-ที	0	EH N T AH T IY
entrance	ˈen.trəns	เอ็น-เทรินส์	0	EH N T R AH N S
entrepreneur	ˌɑːn.trə.prəˈnɝː	อาน-เทรอะ-เพรอะ-เนอร์	3	AA N T R AH P R AH N ER
entry	ˈen.tri	เอ็น-ทรี	0	EH N T R IY
envelope	ˈen.vəˌloʊp	เอ็น-เวอะ-โลป	0	EH N V AH L OW P
environment	ɪnˈvaɪ.rən.mənt	อิน-ไว-เริน-เมินท์	1	IH N V AY R AH N M AH N T
environmental	ɪnˌvaɪ.rənˈmen.təl	อิน-ไว-เริน-เม็น-เทิล	3	IH N V AY R AH N M EH N T AH L
episode	ˈep.əˌsoʊd	เอ็ป-เพอะ-โซด	0	EH P AH S OW D
equal	ˈiː.kwəl	อี-เควิล	0	IY K W AH L
equality	ɪˈkwɑː.lə.ti	อิ-ควา-เลอะ-ที	1	IH K W AA L AH T IY
equally	ˈiː.kwə.li	อี-เควอะ-ลี	0	IY K W AH L IY
equation	ɪˈkweɪ.ʒən	อิ-เคว-เชิน	1	IH K W EY ZH AH N
equip	ɪˈkwɪp	อิ-ควิป	1	IH K W IH P
equipment	ɪˈkwɪp.mənt	อิ-ควิป-เมินท์	1	IH K W IH P M AH N T
equivalent	ɪˈkwɪv.ə.lənt	อิ-ควิฟ-เวอะ-เลินท์	1	IH K W IH V AH L AH N T
era	ˈer.ə	เอ-เรอะ	0	EH R AH
erect	ɪˈrekt	อิ-เร็คท์	1	IH R EH K T
error	ˈer.ɚ	เอ-เรอร์	0	EH R ER
erupt	ɪˈrʌpt	อิ-รัปท์	1	IH R AH P T
escalate	ˈes.kəˌleɪt	เอ็ส-เคอะ-เลท	0	EH S K AH L EY T
escape	ɪˈskeɪp	อิ-สเกป	1	IH S K EY P
especially	əˈspeʃ.li	อะ-สเป็ช-ลี	1	AH S P EH SH L IY
essay	eˈseɪ	เอ-เซ	1	EH S EY
essence	ˈes.əns	เอ็ส-เซินส์	0	EH S AH N S
essential	eˈsen.ʃəl	เอ-เซ็น-เชิล	1	EH S EH N SH AH L
establish	ɪˈstæb.lɪʃ	อิ-สแตบ-ลิช	1	IH S T AE B L IH SH
establishment	ɪˈstæb.lɪʃ.mənt	อิ-สแตบ-ลิช-เมินท์	1	IH S T AE B L IH SH M AH N T
estate	ɪˈsteɪt	อิ-สเตท	1	IH S T EY T
estimate	ˈes.tə.mət	เอ็ส-เทอะ-เมิท	0	EH S T AH M AH T
eternal	ɪˈtɝː.nəl	อิ-เทอร์-เนิล	1	IH T ER N AH L
ethic	ˈeθ.ɪk	เอ็ธ-ธิค	0	EH TH IH K
ethical	ˈeθ.ɪ.kəl	เอ็ธ-ธิ-เคิล	0	EH TH IH K AH L
ethnic	ˈeθ.nɪk	เอ็ธ-นิค	0	EH TH N IH K
euro	ˈjuː.roʊ	ยู-โร	0	Y UW R OW
evacuate	ɪˈvæk.jəˌeɪt	อิ-แวค-เยอะ-เอท	1	IH V AE K Y AH EY T
evaluate	ɪˈvæl.juˌeɪt	อิ-แวล-ยู-เอท	1	IH V AE L Y UW EY T
even	ˈiː.vɪn	อี-วิน	0	IY V IH N
evening	ˈiːv.nɪŋ	อีฟ-นิง	0	IY V N IH NG
event	ɪˈvent	อิ-เว็นท์	1	IH V EH N T
eventually	ɪˈven.tʃə.wə.li	อิ-เว็น-เชอะ-เวอะ-ลี	1	IH V EH N CH AH W AH L IY
ever	ˈev.ɚ	เอ็ฟ-เวอร์	0	EH V ER
every	ˈev.ɚ.i	เอ็ฟ-เวอร์-อี	0	EH V ER IY
everybody	ˈev.riˌbɑː.di	เอ็ฟ-รี-บา-ดี	0	EH V R IY B AA D IY
everyday	ˈev.riˈdeɪ	เอ็ฟ-รี-เด	0	EH V R IY D EY
everyone	ˈev.riˌwʌn	เอ็ฟ-รี-วัน	0	EH V R IY W AH N
everything	ˈev.riˌθɪŋ	เอ็ฟ-รี-ธิง	0	EH V R IY TH IH NG
everywhere	ˈev.riˌwer	เอ็ฟ-รี-แวร์	0	EH V R IY W EH R
evidence	ˈev.ə.dəns	เอ็ฟ-เวอะ-เดินส์	0	EH V AH D AH N S
evident	ˈev.ə.dənt	เอ็ฟ-เวอะ-เดินท์	0	EH V AH D AH N T
evidently	ˈev.ə.dənt.li	เอ็ฟ-เวอะ-เดินท์-ลี	0	EH V AH D AH N T L IY
evil	ˈiː.vəl	อี-เวิล	0	IY V AH L
evoke	ɪˈvoʊk	อิ-โวค	1	IH V OW K
evolution	ˌev.əˈluː.ʃən	เอ็ฟ-เวอะ-ลู-เชิน	2	EH V AH L UW SH AH N
evolutionary	ˌev.əˈluː.ʃəˌner.i	เอ็ฟ-เวอะ-ลู-เชอะ-เน-รี	2	EH V AH L UW SH AH N EH R IY
evolve	ɪˈvɑːlv	อิ-วาลฟ์	1	IH V AA L V
exact	ɪɡˈzækt	อิก-แซคท์	1	IH G Z AE K T
exactly	ɪɡˈzækt.li	อิก-แซคท์-ลี	1	IH G Z AE K T L IY
exaggerate	ɪɡˈzædʒ.ɚˌeɪt	อิก-แซจ-เจอร์-เอท	1	IH G Z AE JH ER EY T
exam	ɪɡˈzæm	อิก-แซม	1	IH G Z AE M
examination	ɪɡˌzæm.əˈneɪ.ʃən	อิก-แซม-เมอะ-เน-เชิน	3	IH G Z AE M AH N EY SH AH N
examine	ɪɡˈzæm.ɪn	อิก-แซม-มิน	1	IH G Z AE M IH N
example	ɪɡˈzæm.pəl	อิก-แซม-เพิล	1	IH G Z AE M P AH L
exceed	ɪkˈsiːd	อิค-ซีด	1	IH K S IY D
excellence	ˈek.sə.ləns	เอ็ค-เซอะ-เลินส์	0	EH K S AH L AH N S
excellent	ˈek.sə.lənt	เอ็ค-เซอะ-เลินท์	0	EH K S AH L AH N T
except	ɪkˈsept	อิค-เซ็ปท์	1	IH K S EH P T
exceptional	ɪkˈsep.ʃə.nəl	อิค-เซ็ป-เชอะ-เนิล	1	IH K S EH P SH AH N AH L
excess	ˈekˌses	เอ็ค-เซ็ส	0	EH K S EH S
excessive	ɪkˈses.ɪv	อิค-เซ็ส-ซิฟ	1	IH K S EH S IH V
exchange	ɪksˈtʃeɪndʒ	อิคส์-เชนจ์	1	IH K S CH EY N JH
excited	ɪkˈsaɪ.təd	อิค-ไซ-เทิด	1	IH K S AY T AH D
excitement	ɪkˈsaɪt.mənt	อิค-ไซท์-เมินท์	1	IH K S AY T M AH N T
exciting	ɪkˈsaɪ.tɪŋ	อิค-ไซ-ทิง	1	IH K S AY T IH NG
exclude	ɪksˈkluːd	อิคส์-คลูด	1	IH K S K L UW D
exclusion	ɪksˈkluː.ʒən	อิคส์-คลู-เชิน	1	IH K S K L UW ZH AH N
exclusive	ɪksˈkluː.sɪv	อิคส์-คลู-ซิฟ	1	IH K S K L UW S IH V
exclusively	ɪksˈkluː.sɪv.li	อิคส์-คลู-ซิฟ-ลี	1	IH K S K L UW S IH V L IY
excuse	ɪkˈskjuːs	อิค-สกิวส์	1	IH K S K Y UW S
execute	ˈek.səˌkjuːt	เอ็ค-เซอะ-คิวท์	0	EH K S AH K Y UW T
execution	ˌek.səˈkjuː.ʃən	เอ็ค-เซอะ-คิว-เชิน	2	EH K S AH K Y UW SH AH N
executive	ɪɡˈzek.jə.tɪv	อิก-เซ็ค-เยอะ-ทิฟ	1	IH G Z EH K Y AH T IH V
exercise	ˈek.sɚˌsaɪz	เอ็ค-เซอร์-ไซซ์	0	EH K S ER S AY Z
exert	ɪɡˈzɝːt	อิก-เซิร์ท	1	IH G Z ER T
exhaust	ɪɡˈzɔːst	อิก-ซอสท์	1	IH G Z AO S T
exhausted	ɪɡˈzɔː.stɪd	อิก-ซอ-สติด	1	IH G Z AO S T IH D
exhibit	ɪɡˈzɪb.ɪt	อิก-ซิบ-บิท	1	IH G Z IH B IH T
exhibition	ˌek.səˈbɪʃ.ən	เอ็ค-เซอะ-บิช-เชิน	2	EH K S AH B IH SH AH N
exile	ˈeɡˌzaɪl	เอ็ก-ไซล์	0	EH G Z AY L
exist	ɪɡˈzɪst	อิก-ซิสท์	1	IH G Z IH S T
existence	eɡˈzɪs.təns	เอ็ก-ซิส-เทินส์	1	EH G Z IH S T AH N S
existing	ɪɡˈzɪs.tɪŋ	อิก-ซิส-ทิง	1	IH G Z IH S T IH NG
exit	ˈeɡ.zɪt	เอ็ก-ซิท	0	EH G Z IH T
exotic	ɪɡˈzɑː.tɪk	อิก-ซา-ทิค	1	IH G Z AA T IH K
expand	ɪkˈspænd	อิค-สแปนด์	1	IH K S P AE N D
expansion	ɪkˈspæn.ʃən	อิค-สแปน-เชิน	1	IH K S P AE N SH AH N
expect	ɪkˈspekt	อิค-สเป็คท์	1	IH K S P EH K T
expectation	ˌek.spekˈteɪ.ʃən	เอ็ค-สเป็ค-เท-เชิน	2	EH K S P EH K T EY SH AH N
expectations	ˌek.spekˈteɪ.ʃənz	เอ็ค-สเป็ค-เท-เชินซ์	2	EH K S P EH K T EY SH AH N Z
expected	ɪkˈspek.təd	อิค-สเป็ค-เทิด	1	IH K S P EH K T AH D
expedition	ˌek.spəˈdɪʃ.ən	เอ็ค-สเปอะ-ดิช-เชิน	2	EH K S P AH D IH SH AH N
expenditure	ɪkˈspen.də.tʃɚ	อิค-สเป็น-เดอะ-เชอร์	1	IH K S P EH N D AH CH ER
expense	ɪkˈspens	อิค-สเป็นส์	1	IH K S P EH N S
expensive	ɪkˈspen.sɪv	อิค-สเป็น-ซิฟ	1	IH K S P EH N S IH V
experience	ɪkˈspɪr.i.əns	อิค-สปิ-รี-เอินส์	1	IH K S P IH R IY AH N S
experienced	ɪkˈspɪr.i.ənst	อิค-สปิ-รี-เอินส์ท์	1	IH K S P IH R IY AH N S T
experiment	ɪkˈsper.ə.mənt	อิค-สเป-เรอะ-เมินท์	1	IH K S P EH R AH M AH N T
experimental	ɪkˌsper.ɪˈmen.təl	อิค-สเป-ริ-เม็น-เทิล	3	IH K S P EH R IH M EH N T AH L
expert	ˈek.spɚt	เอ็ค-สเปิร์ท	0	EH K S P ER T
expertise	ˌek.spɚˈtiːz	เอ็ค-สเปอร์-ทีซ	2	EH K S P ER T IY Z
experts	ˈek.spɚts	เอ็ค-สเปิร์ทส์	0	EH K S P ER T S
expire	ɪkˈspaɪr	อิค-สไปร์	1	IH K S P AY R
explain	ɪkˈspleɪn	อิค-สเปลน	1	IH K S P L EY N
explained	ɪkˈspleɪnd	อิค-สเปลนด์	1	IH K S P L EY N D
explanation	ˌek.spləˈneɪ.ʃən	เอ็ค-สเปลอะ-เน-เชิน	2	EH K S P L AH N EY SH AH N
explicit	ɪkˈsplɪs.ət	อิค-สปลิส-เซิท	1	IH K S P L IH S AH T
explicitly	ɪkˈsplɪs.ət.li	อิค-สปลิส-เซิท-ลี	1	IH K S P L IH S AH T L IY
explode	ɪkˈsploʊd	อิค-สโปลด	1	IH K S P L OW D
exploit	ˈekˌsplɔɪt	เอ็ค-สปลอยท์	0	EH K S P L OY T
exploitation	ˌekˌsplɔɪˈteɪ.ʃən	เอ็ค-สปลอย-เท-เชิน	2	EH K S P L OY T EY SH AH N
exploration	ˌek.splɚˈeɪ.ʃən	เอ็ค-สเปลอร์-เอ-เชิน	2	EH K S P L ER EY SH AH N
explore	ɪkˈsplɔːr	อิค-สปลอร์	1	IH K S P L AO R
exploring	ɪkˈsplɔː.rɪŋ	อิค-สปลอ-ริง	1	IH K S P L AO R IH NG
explosion	ɪkˈsploʊ.ʒən	อิค-สโปล-เชิน	1	IH K S P L OW ZH AH N
export	ˈek.spɔːrt	เอ็ค-สปอร์ท์	0	EH K S P AO R T
expose	ɪkˈspoʊz	อิค-สโปซ	1	IH K S P OW Z
exposure	ɪkˈspoʊ.ʒɚ	อิค-สโป-เชอร์	1	IH K S P OW ZH ER
express	ɪkˈspres	อิค-สเปร็ส	1	IH K S P R EH S
expression	ɪkˈspreʃ.ən	อิค-สเปร็ช-เชิน	1	IH K S P R EH SH AH N
extend	ɪkˈstend	อิค-สเต็นด์	1	IH K S T EH N D
extension	ɪkˈsten.ʃən	อิค-สเต็น-เชิน	1	IH K S T EH N SH AH N
extensive	ɪkˈsten.sɪv	อิค-สเต็น-ซิฟ	1	IH K S T EH N S IH V
extensively	ɪkˈsten.sɪv.li	อิค-สเต็น-ซิฟ-ลี	1	IH K S T EH N S IH V L IY
extent	ɪkˈstent	อิค-สเต็นท์	1	IH K S T EH N T
external	ɪkˈstɝː.nəl	อิค-สเตอร์-เนิล	1	IH K S T ER N AH L
extra	ˈek.strə	เอ็ค-สเตรอะ	0	EH K S T R AH
extract	ˈekˌstrækt	เอ็ค-สแตรคท์	0	EH K S T R AE K T
extraordinary	ˌek.strəˈɔːr.dəˌner.i	เอ็ค-สเตรอะ-ออร์-เดอะ-เน-รี	2	EH K S T R AH AO R D AH N EH R IY
extreme	ekˈstriːm	เอ็ค-สตรีม	1	EH K S T R IY M
extremely	ekˈstriːm.li	เอ็ค-สตรีม-ลี	1	EH K S T R IY M L IY
extremist	ekˈstriː.mɪst	เอ็ค-สตรี-มิสท์	1	EH K S T R IY M IH S T
eye	aɪ	ไอ	0	AY
eyes	aɪz	ไอซ์	0	AY Z
fabric	ˈfæb.rɪk	แฟบ-ริค	0	F AE B R IH K
fabulous	ˈfæb.jə.ləs	แฟบ-เยอะ-เลิส	0	F AE B Y AH L AH S
face	feɪs	เฟส	0	F EY S
facilitate	fəˈsɪl.əˌteɪt	เฟอะ-ซิล-เลอะ-เทท	1	F AH S IH L AH T EY T
facility	fəˈsɪl.ɪ.ti	เฟอะ-ซิล-ลิ-ที	1	F AH S IH L IH T IY
fact	fækt	แฟคท์	0	F AE K T
factor	ˈfæk.tɚ	แฟค-เทอร์	0	F AE K T ER
factory	ˈfæk.tɚ.i	แฟค-เทอร์-อี	0	F AE K T ER IY
faculty	ˈfæk.əl.ti	แฟค-เคิล-ที	0	F AE K AH L T IY
fade	feɪd	เฟด	0	F EY D
fail	feɪl	เฟล	0	F EY L
failure	ˈfeɪl.jɚ	เฟล-เยอร์	0	F EY L Y ER
fair	fer	แฟร์	0	F EH R
fairly	ˈfer.li	แฟร์-ลี	0	F EH R L IY
fairness	ˈfer.nəs	แฟร์-เนิส	0	F EH R N AH S
faith	feɪθ	เฟธ	0	F EY TH
fake	feɪk	เฟค	0	F EY K
fall	fɔːl	ฟอล	0	F AO L
false	fɔːls	ฟอลส์	0	F AO L S
fame	feɪm	เฟม	0	F EY M
familiar	fəˈmɪl.jɚ	เฟอะ-มิล-เยอร์	1	F AH M IH L Y ER
family	ˈfæm.ə.li	แฟม-เมอะ-ลี	0	F AE M AH L IY
famous	ˈfeɪ.məs	เฟ-เมิส	0	F EY M AH S
fan	fæn	แฟน	0	F AE N
fancy	ˈfæn.si	แฟน-ซี	0	F AE N S IY
fantastic	fænˈtæs.tɪk	แฟน-แทส-ทิค	1	F AE N T AE S T IH K
fantasy	ˈfæn.tə.si	แฟน-เทอะ-ซี	0	F AE N T AH S IY
far	fɑːr	ฟาร์	0	F AA R
farm	fɑːrm	ฟาร์ม์	0	F AA R M
farmer	ˈfɑːr.mɚ	ฟาร์-เมอร์	0	F AA R M ER
farming	ˈfɑːr.mɪŋ	ฟาร์-มิง	0	F AA R M IH NG
fascinate	ˈfæs.əˌneɪt	แฟส-เซอะ-เนท	0	F AE S AH N EY T
fascinating	ˈfæs.əˌneɪ.tɪŋ	แฟส-เซอะ-เน-ทิง	0	F AE S AH N EY T IH NG
fashion	ˈfæʃ.ən	แฟช-เชิน	0	F AE SH AH N
fashionable	ˈfæʃ.ə.nə.bəl	แฟช-เชอะ-เนอะ-เบิล	0	F AE SH AH N AH B AH L
fashioned	ˈfæʃ.ənd	แฟช-เชินด์	0	F AE SH AH N D
fast	fæst	แฟสท์	0	F AE S T
fasten	ˈfæs.ən	แฟส-เซิน	0	F AE S AH N
fat	fæt	แฟท	0	F AE T
fatal	ˈfeɪ.təl	เฟ-เทิล	0	F EY T AH L
father	ˈfɑː.ðɚ	ฟา-เธอร์	0	F AA DH ER
fatigue	fəˈtiːɡ	เฟอะ-ทีก	1	F AH T IY G
fault	fɔːlt	ฟอลท์	0	F AO L T
favour	ˈfeɪ.vɚ	เฟ-เวอร์	0	F EY V ER
favourable	ˈfeɪ.vɚ.ə.bəl	เฟ-เวอร์-อะ-เบิล	0	F EY V ER AH B AH L
favourite	ˈfeɪ.vɚ.ɪt	เฟ-เวอร์-อิท	0	F EY V ER IH T
fear	fɪr	เฟียร์	0	F IH R
feat	fiːt	ฟีท	0	F IY T
feather	ˈfeð.ɚ	เฟ็ธ-เธอร์	0	F EH DH ER
feature	ˈfiː.tʃɚ	ฟี-เชอร์	0	F IY CH ER
february	ˈfeb.jəˌwer.i	เฟ็บ-เยอะ-เว-รี	0	F EH B Y AH W EH R IY
federal	ˈfed.ɚ.əl	เฟ็ด-เดอร์-เอิล	0	F EH D ER AH L
fee	fiː	ฟี	0	F IY
feed	fiːd	ฟีด	0	F IY D
feedback	ˈfiːdˌbæk	ฟีด-แบค	0	F IY D B AE K
feel	fiːl	ฟีล	0	F IY L
feeling	ˈfiː.lɪŋ	ฟี-ลิง	0	F IY L IH NG
fellow	ˈfel.oʊ	เฟ็ล-โล	0	F EH L OW
female	ˈfiːˌmeɪl	ฟี-เมล	0	F IY M EY L
feminist	ˈfem.ə.nɪst	เฟ็ม-เมอะ-นิสท์	0	F EH M AH N IH S T
fence	fens	เฟ็นส์	0	F EH N S
festival	ˈfes.tə.vəl	เฟ็ส-เทอะ-เวิล	0	F EH S T AH V AH L
few	fjuː	ฟิว	0	F Y UW
fibre	ˈfaɪ.bɚ	ไฟ-เบอร์	0	F AY B ER
fiction	ˈfɪk.ʃən	ฟิค-เชิน	0	F IH K SH AH N
field	fiːld	ฟีลด์	0	F IY L D
fierce	fɪrs	เฟียร์ส์	0	F IH R S
fifteen	fɪfˈtiːn	ฟิฟ-ทีน	1	F IH F T IY N
fifth	fɪfθ	ฟิฟธ์	0	F IH F TH
fifty	ˈfɪf.ti	ฟิฟ-ที	0	F IH F T IY
fight	faɪt	ไฟท์	0	F AY T
fighting	ˈfaɪ.tɪŋ	ไฟ-ทิง	0	F AY T IH NG
figure	ˈfɪɡ.jɚ	ฟิก-เยอร์	0	F IH G Y ER
file	faɪl	ไฟล์	0	F AY L
fill	fɪl	ฟิล	0	F IH L
film	fɪlm	ฟิลม์	0	F IH L M
filter	ˈfɪl.tɚ	ฟิล-เทอร์	0	F IH L T ER
final	ˈfaɪ.nəl	ไฟ-เนิล	0	F AY N AH L
finally	ˈfaɪ.nə.li	ไฟ-เนอะ-ลี	0	F AY N AH L IY
finance	fəˈnæns	เฟอะ-แนนส์	1	F AH N AE N S
financial	fəˈnæn.ʃəl	เฟอะ-แนน-เชิล	1	F AH N AE N SH AH L
find	faɪnd	ไฟน์ด์	0	F AY N D
finding	ˈfaɪn.dɪŋ	ไฟน์-ดิง	0	F AY N D IH NG
findings	ˈfaɪn.dɪŋz	ไฟน์-ดิงซ์	0	F AY N D IH NG Z
fine	faɪn	ไฟน์	0	F AY N
finger	ˈfɪŋ.ɡɚ	ฟิง-เกอร์	0	F IH NG G ER
finish	ˈfɪn.ɪʃ	ฟิน-นิช	0	F IH N IH SH
finished	ˈfɪn.ɪʃt	ฟิน-นิชท์	0	F IH N IH SH T
fire	ˈfaɪ.ɚ	ไฟ-เออร์	0	F AY ER
firearm	ˈfaɪ.ɚˌɑːrm	ไฟ-เออร์-อาร์ม์	0	F AY ER AA R M
firework	ˈfaɪrˌwɝːk	ไฟร์-เวิร์ค	0	F AY R W ER K
firm	fɝːm	เฟิร์ม	0	F ER M
firmly	ˈfɝːm.li	เฟิร์ม-ลี	0	F ER M L IY
first	fɝːst	เฟิร์สท์	0	F ER S T
firstly	ˈfɝːst.li	เฟิร์สท์-ลี	0	F ER S T L IY
fiscal	ˈfɪs.kəl	ฟิส-เคิล	0	F IH S K AH L
fish	fɪʃ	ฟิช	0	F IH SH
fishing	ˈfɪʃ.ɪŋ	ฟิช-ชิง	0	F IH SH IH NG
fit	fɪt	ฟิท	0	F IH T
fitness	ˈfɪt.nəs	ฟิท-เนิส	0	F IH T N AH S
fitting	ˈfɪt.ɪŋ	ฟิท-ทิง	0	F IH T IH NG
five	faɪv	ไฟฟ์	0	F AY V
fix	fɪks	ฟิคส์	0	F IH K S
fixed	fɪkst	ฟิคส์ท์	0	F IH K S T
flag	flæɡ	แฟลก	0	F L AE G
flame	fleɪm	เฟลม	0	F L EY M
flash	flæʃ	แฟลช	0	F L AE SH
flat	flæt	แฟลท	0	F L AE T
flaw	flɔː	ฟลอ	0	F L AO
flawed	flɔːd	ฟลอด	0	F L AO D
flee	fliː	ฟลี	0	F L IY
fleet	fliːt	ฟลีท	0	F L IY T
flesh	fleʃ	เฟล็ช	0	F L EH SH
flexibility	ˌflek.səˈbɪl.ə.ti	เฟล็ค-เซอะ-บิล-เลอะ-ที	2	F L EH K S AH B IH L AH T IY
flexible	ˈflek.sə.bəl	เฟล็ค-เซอะ-เบิล	0	F L EH K S AH B AH L
flight	flaɪt	ไฟลท์	0	F L AY T
float	floʊt	โฟลท	0	F L OW T
flood	flʌd	ฟลัด	0	F L AH D
floor	flɔːr	ฟลอร์	0	F L AO R
flour	ˈflaʊ.ɚ	เฟลา-เออร์	0	F L AW ER
flourish	ˈflɝː.ɪʃ	เฟลอร์-อิช	0	F L ER IH SH
flow	floʊ	โฟล	0	F L OW
flower	ˈflaʊ.ɚ	เฟลา-เออร์	0	F L AW ER
flu	fluː	ฟลู	0	F L UW
fluid	ˈfluː.əd	ฟลู-เอิด	0	F L UW AH D
fly	flaɪ	ไฟล	0	F L AY
flying	ˈflaɪ.ɪŋ	ไฟล-อิง	0	F L AY IH NG
foam	foʊm	โฟม	0	F OW M
focus	ˈfoʊ.kəs	โฟ-เคิส	0	F OW K AH S
fog	fɑːɡ	ฟาก	0	F AA G
fold	foʊld	โฟลด์	0	F OW L D
folding	ˈfoʊl.dɪŋ	โฟล-ดิง	0	F OW L D IH NG
folk	foʊk	โฟค	0	F OW K
follow	ˈfɑː.loʊ	ฟา-โล	0	F AA L OW
following	ˈfɑː.loʊ.ɪŋ	ฟา-โล-อิง	0	F AA L OW IH NG
food	fuːd	ฟูด	0	F UW D
foot	fʊt	ฟุท	0	F UH T
footage	ˈfʊt.ɪdʒ	ฟุท-ทิจ	0	F UH T IH JH
football	ˈfʊtˌbɔːl	ฟุท-บอล	0	F UH T B AO L
for	fɔːr	ฟอร์	0	F AO R
forbid	fɚˈbɪd	เฟอร์-บิด	1	F ER B IH D
force	fɔːrs	ฟอร์ส์	0	F AO R S
forecast	ˈfɔːrˌkæst	ฟอร์-แคสท์	0	F AO R K AE S T
foreign	ˈfɔː.rən	ฟอ-เริน	0	F AO R AH N
foreigner	ˈfɔː.rə.nɚ	ฟอ-เรอะ-เนอร์	0	F AO R AH N ER
forensic	fɚˈen.sɪk	เฟอร์-เอ็น-ซิค	1	F ER EH N S IH K
forest	ˈfɔː.rəst	ฟอ-เริสท์	0	F AO R AH S T
forever	fɚˈev.ɚ	เฟอร์-เอ็ฟ-เวอร์	1	F ER EH V ER
forge	fɔːrdʒ	ฟอร์จ์	0	F AO R JH
forget	fɚˈɡet	เฟอร์-เก็ท	1	F ER G EH T
forgets	fɚˈɡets	เฟอร์-เก็ทส์	1	F ER G EH T S
forgive	fɚˈɡɪv	เฟอร์-กิฟ	1	F ER G IH V
fork	fɔːrk	ฟอร์ค์	0	F AO R K
form	fɔːrm	ฟอร์ม์	0	F AO R M
formal	ˈfɔːr.məl	ฟอร์-เมิล	0	F AO R M AH L
formation	fɔːrˈmeɪ.ʃən	ฟอร์-เม-เชิน	1	F AO R M EY SH AH N
former	ˈfɔːr.mɚ	ฟอร์-เมอร์	0	F AO R M ER
formula	ˈfɔːr.mjə.lə	ฟอร์-เมอะ-เลอะ	0	F AO R M Y AH L AH
formulate	ˈfɔːr.mjəˌleɪt	ฟอร์-เมอะ-เลท	0	F AO R M Y AH L EY T
forth	fɔːrθ	ฟอร์ธ์	0	F AO R TH
forthcoming	ˈfɔːrθˈkʌm.ɪŋ	ฟอร์ธ์-คัม-มิง	0	F AO R TH K AH M IH NG
fortunately	ˈfɔːr.tʃə.nət.li	ฟอร์-เชอะ-เนิท-ลี	0	F AO R CH AH N AH T L IY
fortune	ˈfɔːr.tʃən	ฟอร์-เชิน	0	F AO R CH AH N
forty	ˈfɔːr.ti	ฟอร์-ที	0	F AO R T IY
forward	ˈfɔːr.wɚd	ฟอร์-เวิร์ด	0	F AO R W ER D
fossil	ˈfɑː.səl	ฟา-เซิล	0	F AA S AH L
foster	ˈfɑː.stɚ	ฟา-สเตอร์	0	F AA S T ER
found	faʊnd	เฟาน์ด์	0	F AW N D
foundation	faʊnˈdeɪ.ʃən	เฟาน์-เด-เชิน	1	F AW N D EY SH AH N
founder	ˈfaʊn.dɚ	เฟาน์-เดอร์	0	F AW N D ER
four	fɔːr	ฟอร์	0	F AO R
fourteen	ˈfɔːrˈtiːn	ฟอร์-ทีน	0	F AO R T IY N
fourth	fɔːrθ	ฟอร์ธ์	0	F AO R TH
fraction	ˈfræk.ʃən	แฟรค-เชิน	0	F R AE K SH AH N
fragile	ˈfrædʒ.əl	แฟรจ-เจิล	0	F R AE JH AH L
fragment	ˈfræɡ.mənt	แฟรก-เมินท์	0	F R AE G M AH N T
frame	freɪm	เฟรม	0	F R EY M
framework	ˈfreɪmˌwɝːk	เฟรม-เวิร์ค	0	F R EY M W ER K
franchise	ˈfrænˌtʃaɪz	แฟรน-ไชซ์	0	F R AE N CH AY Z
frankly	ˈfræŋ.kli	แฟรง-คลี	0	F R AE NG K L IY
fraud	frɔːd	ฟรอด	0	F R AO D
free	friː	ฟรี	0	F R IY
freedom	ˈfriː.dəm	ฟรี-เดิม	0	F R IY D AH M
freely	ˈfriː.li	ฟรี-ลี	0	F R IY L IY
freeze	friːz	ฟรีซ	0	F R IY Z
frequency	ˈfriː.kwən.si	ฟรี-เควิน-ซี	0	F R IY K W AH N S IY
frequently	ˈfriː.kwənt.li	ฟรี-เควินท์-ลี	0	F R IY K W AH N T L IY
fresh	freʃ	เฟร็ช	0	F R EH SH
friday	ˈfraɪ.di	ไฟร-ดี	0	F R AY D IY
fridays	ˈfraɪ.diz	ไฟร-ดีซ	0	F R AY D IY Z
fridge	frɪdʒ	ฟริจ	0	F R IH JH
friend	frend	เฟร็นด์	0	F R EH N D
friendly	ˈfrend.li	เฟร็นด์-ลี	0	F R EH N D L IY
friends	frendz	เฟร็นด์ซ์	0	F R EH N D Z
friendship	ˈfrend.ʃɪp	เฟร็นด์-ชิป	0	F R EH N D SH IH P
frighten	ˈfraɪ.tən	ไฟร-เทิน	0	F R AY T AH N
frightened	ˈfraɪ.tənd	ไฟร-เทินด์	0	F R AY T AH N D
frightening	ˈfraɪ.tə.nɪŋ	ไฟร-เทอะ-นิง	0	F R AY T AH N IH NG
frog	frɑːɡ	ฟราก	0	F R AA G
from	frʌm	ฟรัม	0	F R AH M
front	frʌnt	ฟรันท์	0	F R AH N T
frozen	ˈfroʊ.zən	โฟร-เซิน	0	F R OW Z AH N
fruit	fruːt	ฟรูท	0	F R UW T
frustrated	ˈfrʌsˌtreɪ.təd	ฟรัส-เทร-เทิด	0	F R AH S T R EY T AH D
frustrating	ˈfrʌsˌtreɪ.tɪŋ	ฟรัส-เทร-ทิง	0	F R AH S T R EY T IH NG
frustration	frəˈstreɪ.ʃən	เฟรอะ-สเตร-เชิน	1	F R AH S T R EY SH AH N
fry	fraɪ	ไฟร	0	F R AY
fuel	ˈfjuː.əl	ฟิว-เอิล	0	F Y UW AH L
fulfil	fʊlˈfɪl	ฟุล-ฟิล	1	F UH L F IH L
full	fʊl	ฟุล	0	F UH L
fully	ˈfʊl.i	ฟุล-ลี	0	F UH L IY
fun	fʌn	ฟัน	0	F AH N
function	ˈfʌŋk.ʃən	ฟังค์-เชิน	0	F AH NG K SH AH N
fund	fʌnd	ฟันด์	0	F AH N D
fundamental	ˌfʌn.dəˈmen.təl	ฟัน-เดอะ-เม็น-เทิล	2	F AH N D AH M EH N T AH L
funding	ˈfʌn.dɪŋ	ฟัน-ดิง	0	F AH N D IH NG
fundraising	ˈfʌnˌdreɪ.sɪŋ	ฟัน-เดร-ซิง	0	F AH N D R EY S IH NG
funeral	ˈfjuː.nɚ.əl	ฟิว-เนอร์-เอิล	0	F Y UW N ER AH L
funny	ˈfʌn.i	ฟัน-นี	0	F AH N IY
fur	fɝː	เฟอร์	0	F ER
furniture	ˈfɝː.nɪ.tʃɚ	เฟอร์-นิ-เชอร์	0	F ER N IH CH ER
further	ˈfɝː.ðɚ	เฟอร์-เธอร์	0	F ER DH ER
furthermore	ˈfɝː.ðɚˌmɔːr	เฟอร์-เธอร์-มอร์	0	F ER DH ER M AO R
fury	ˈfjʊr.i	ฟิว-รี	0	F Y UH R IY
future	ˈfjuː.tʃɚ	ฟิว-เชอร์	0	F Y UW CH ER
gain	ɡeɪn	เกน	0	G EY N
gallery	ˈɡæl.ɚ.i	แกล-เลอร์-อี	0	G AE L ER IY
gallon	ˈɡæl.ən	แกล-เลิน	0	G AE L AH N
game	ɡeɪm	เกม	0	G EY M
gaming	ˈɡeɪ.mɪŋ	เก-มิง	0	G EY M IH NG
gang	ɡæŋ	แกง	0	G AE NG
gap	ɡæp	แกป	0	G AE P
garage	ɡɚˈɑːʒ	เกอร์-อาช	1	G ER AA ZH
garden	ˈɡɑːr.dən	การ์-เดิน	0	G AA R D AH N
gas	ɡæs	แกส	0	G AE S
gate	ɡeɪt	เกท	0	G EY T
gather	ˈɡæð.ɚ	แกธ-เธอร์	0	G AE DH ER
gaze	ɡeɪz	เกซ	0	G EY Z
gear	ɡɪr	เกียร์	0	G IH R
gender	ˈdʒen.dɚ	เจ็น-เดอร์	0	JH EH N D ER
gene	dʒiːn	จีน	0	JH IY N
general	ˈdʒen.ɚ.əl	เจ็น-เนอร์-เอิล	0	JH EH N ER AH L
generally	ˈdʒen.ɚ.ə.li	เจ็น-เนอร์-อะ-ลี	0	JH EH N ER AH L IY
generate	ˈdʒen.ɚˌeɪt	เจ็น-เนอร์-เอท	0	JH EH N ER EY T
generation	ˌdʒen.ɚˈeɪ.ʃən	เจ็น-เนอร์-เอ-เชิน	2	JH EH N ER EY SH AH N
generous	ˈdʒen.ɚ.əs	เจ็น-เนอร์-เอิส	0	JH EH N ER AH S
genetic	dʒəˈnet.ɪk	เจอะ-เน็ท-ทิค	1	JH AH N EH T IH K
genius	ˈdʒiː.njəs	จี-เนิส	0	JH IY N Y AH S
genocide	ˈdʒen.əˌsaɪd	เจ็น-เนอะ-ไซด์	0	JH EH N AH S AY D
genre	ˈʒɑːn.rə	ชาน-เรอะ	0	ZH AA N R AH
gentle	ˈdʒen.təl	เจ็น-เทิล	0	JH EH N T AH L
gentleman	ˈdʒen.təl.mən	เจ็น-เทิล-เมิน	0	JH EH N T AH L M AH N
genuine	ˈdʒen.jə.wən	เจ็น-เยอะ-เวิน	0	JH EH N Y AH W AH N
genuinely	ˈdʒen.jə.wən.li	เจ็น-เยอะ-เวิน-ลี	0	JH EH N Y AH W AH N L IY
geography	dʒiˈɑː.ɡrə.fi	จี-อา-เกรอะ-ฟี	1	JH IY AA G R AH F IY
gesture	ˈdʒes.tʃɚ	เจ็ส-เชอร์	0	JH EH S CH ER
get	ɡet	เก็ท	0	G EH T
ghost	ɡoʊst	โกสท์	0	G OW S T
giant	ˈdʒaɪ.ənt	ไจ-เอินท์	0	JH AY AH N T
gift	ɡɪft	กิฟท์	0	G IH F T
girl	ɡɝːl	เกิร์ล	0	G ER L
girlfriend	ˈɡɝːlˌfrend	เกิร์ล-เฟร็นด์	0	G ER L F R EH N D
give	ɡɪv	กิฟ	0	G IH V
glacier	ˈɡleɪ.ʃɚ	เกล-เชอร์	0	G L EY SH ER
glad	ɡlæd	แกลด	0	G L AE D
glance	ɡlæns	แกลนส์	0	G L AE N S
glass	ɡlæs	แกลส	0	G L AE S
glimpse	ɡlɪmps	กลิมป์ส์	0	G L IH M P S
global	ˈɡloʊ.bəl	โกล-เบิล	0	G L OW B AH L
glory	ˈɡlɔː.ri	กลอ-รี	0	G L AO R IY
glove	ɡlʌv	กลัฟ	0	G L AH V
go	ɡoʊ	โก	0	G OW
goal	ɡoʊl	โกล	0	G OW L
god	ɡɑːd	กาด	0	G AA D
going	ˈɡoʊ.ɪŋ	โก-อิง	0	G OW IH NG
gold	ɡoʊld	โกลด์	0	G OW L D
golf	ɡɑːlf	กาลฟ์	0	G AA L F
good	ɡʊd	กุด	0	G UH D
goodbye	ˌɡʊdˈbaɪ	กุด-ไบ	1	G UH D B AY
goods	ɡʊdz	กุดซ์	0	G UH D Z
govern	ˈɡʌv.ɚn	กัฟ-เวิร์น	0	G AH V ER N
governance	ˈɡʌv.ɚ.nəns	กัฟ-เวอร์-เนินส์	0	G AH V ER N AH N S
government	ˈɡʌv.ɚ.mənt	กัฟ-เวอร์-เมินท์	0	G AH V ER M AH N T
governments	ˈɡʌv.ɚ.mənts	กัฟ-เวอร์-เมินท์ส์	0	G AH V ER M AH N T S
governor	ˈɡʌv.ɚ.nɚ	กัฟ-เวอร์-เนอร์	0	G AH V ER N ER
grab	ɡræb	แกรบ	0	G R AE B
grace	ɡreɪs	เกรส	0	G R EY S
grade	ɡreɪd	เกรด	0	G R EY D
gradual	ˈɡrædʒ.u.əl	แกรจ-จู-เอิล	0	G R AE JH UW AH L
gradually	ˈɡrædʒ.u.ə.li	แกรจ-จู-อะ-ลี	0	G R AE JH UW AH L IY
graduate	ˈɡrædʒ.ə.wət	แกรจ-เจอะ-เวิท	0	G R AE JH AH W AH T
graduated	ˈɡrædʒ.uˌeɪ.tɪd	แกรจ-จู-เอ-ทิด	0	G R AE JH UW EY T IH D
grain	ɡreɪn	เกรน	0	G R EY N
grand	ɡrænd	แกรนด์	0	G R AE N D
grandfather	ˈɡrændˌfɑː.ðɚ	แกรนด์-ฟา-เธอร์	0	G R AE N D F AA DH ER
grandmother	ˈɡrændˌmʌð.ɚ	แกรนด์-มัธ-เธอร์	0	G R AE N D M AH DH ER
grandparent	ˈɡrændˌper.ənt	แกรนด์-เพ-เรินท์	0	G R AE N D P EH R AH N T
grant	ɡrænt	แกรนท์	0	G R AE N T
graphic	ˈɡræf.ɪk	แกรฟ-ฟิค	0	G R AE F IH K
graphics	ˈɡræf.ɪks	แกรฟ-ฟิคส์	0	G R AE F IH K S
grasp	ɡræsp	แกรสป์	0	G R AE S P
grass	ɡræs	แกรส	0	G R AE S
grateful	ˈɡreɪt.fəl	เกรท-เฟิล	0	G R EY T F AH L
grave	ɡreɪv	เกรฟ	0	G R EY V
gravity	ˈɡræv.ə.ti	แกรฟ-เวอะ-ที	0	G R AE V AH T IY
great	ɡreɪt	เกรท	0	G R EY T
green	ɡriːn	กรีน	0	G R IY N
greenhouse	ˈɡriːnˌhaʊs	กรีน-เฮาส์	0	G R IY N HH AW S
greet	ɡriːt	กรีท	0	G R IY T
grey	ɡreɪ	เกร	0	G R EY
grid	ɡrɪd	กริด	0	G R IH D
grief	ɡriːf	กรีฟ	0	G R IY F
grind	ɡraɪnd	ไกรน์ด์	0	G R AY N D
grip	ɡrɪp	กริป	0	G R IH P
gross	ɡroʊs	โกรส	0	G R OW S
ground	ɡraʊnd	เกราน์ด์	0	G R AW N D
group	ɡruːp	กรูป	0	G R UW P
grow	ɡroʊ	โกร	0	G R OW
growth	ɡroʊθ	โกรธ	0	G R OW TH
guarantee	ˌɡer.ənˈtiː	เก-เริน-ที	2	G EH R AH N T IY
guard	ɡɑːrd	การ์ด์	0	G AA R D
guess	ɡes	เก็ส	0	G EH S
guest	ɡest	เก็สท์	0	G EH S T
guests	ɡests	เก็สท์ส์	0	G EH S T S
guidance	ˈɡaɪ.dəns	ไก-เดินส์	0	G AY D AH N S
guide	ɡaɪd	ไกด์	0	G AY D
guideline	ˈɡaɪdˌlaɪn	ไกด์-ไลน์	0	G AY D L AY N
guilt	ɡɪlt	กิลท์	0	G IH L T
guilty	ˈɡɪl.ti	กิล-ที	0	G IH L T IY
guitar	ɡɪˈtɑːr	กิ-ทาร์	1	G IH T AA R
gun	ɡʌn	กัน	0	G AH N
gut	ɡʌt	กัท	0	G AH T
guy	ɡaɪ	ไก	0	G AY
gym	dʒɪm	จิม	0	JH IH M
habit	ˈhæb.ət	แฮบ-เบิท	0	HH AE B AH T
habitat	ˈhæb.əˌtæt	แฮบ-เบอะ-แทท	0	HH AE B AH T AE T
had	hæd	แฮด	0	HH AE D
hair	her	แฮร์	0	HH EH R
half	hæf	แฮฟ	0	HH AE F
hall	hɔːl	ฮอล	0	HH AO L
halt	hɔːlt	ฮอลท์	0	HH AO L T
hand	hænd	แฮนด์	0	HH AE N D
handful	ˈhændˌfʊl	แฮนด์-ฟุล	0	HH AE N D F UH L
handle	ˈhæn.dəl	แฮน-เดิล	0	HH AE N D AH L
handling	ˈhænd.lɪŋ	แฮนด์-ลิง	0	HH AE N D L IH NG
handy	ˈhæn.di	แฮน-ดี	0	HH AE N D IY
hang	hæŋ	แฮง	0	HH AE NG
hanging	ˈhæŋ.ɪŋ	แฮง-อิง	0	HH AE NG IH NG
happen	ˈhæp.ən	แฮป-เพิน	0	HH AE P AH N
happily	ˈhæp.ə.li	แฮป-เพอะ-ลี	0	HH AE P AH L IY
happiness	ˈhæp.i.nəs	แฮป-พี-เนิส	0	HH AE P IY N AH S
happy	ˈhæp.i	แฮป-พี	0	HH AE P IY
harassment	hɚˈæs.mənt	เฮอร์-แอส-เมินท์	1	HH ER AE S M AH N T
hard	hɑːrd	ฮาร์ด์	0	HH AA R D
hardly	ˈhɑːrd.li	ฮาร์ด์-ลี	0	HH AA R D L IY
hardware	ˈhɑːrˌdwer	ฮาร์-แดวร์	0	HH AA R D W EH R
harm	hɑːrm	ฮาร์ม์	0	HH AA R M
harmful	ˈhɑːrm.fəl	ฮาร์ม์-เฟิล	0	HH AA R M F AH L
harmony	ˈhɑːr.mə.ni	ฮาร์-เมอะ-นี	0	HH AA R M AH N IY
harsh	hɑːrʃ	ฮาร์ช์	0	HH AA R SH
harvest	ˈhɑːr.vəst	ฮาร์-เวิสท์	0	HH AA R V AH S T
has	hæz	แฮซ	0	HH AE Z
hat	hæt	แฮท	0	HH AE T
hate	heɪt	เฮท	0	HH EY T
hatred	ˈheɪ.trəd	เฮ-เทริด	0	HH EY T R AH D
haunt	hɔːnt	ฮอนท์	0	HH AO N T
have	hæv	แฮฟ	0	HH AE V
haven't	ˈhæv.ənt	แฮฟ-เวินท์	0	HH AE V AH N T
having	ˈhæv.ɪŋ	แฮฟ-วิง	0	HH AE V IH NG
hazard	ˈhæz.ɚd	แฮซ-เซิร์ด	0	HH AE Z ER D
he	hiː	ฮี	0	HH IY
head	hed	เฮ็ด	0	HH EH D
headache	ˈhedˌeɪk	เฮ็ด-เดค	0	HH EH D EY K
headline	ˈhedˌlaɪn	เฮ็ด-ไลน์	0	HH EH D L AY N
headquarters	ˈhedˌkwɔːr.tɚz	เฮ็ด-ควอร์-เทิร์ซ	0	HH EH D K W AO R T ER Z
heal	hiːl	ฮีล	0	HH IY L
health	helθ	เฮ็ลธ์	0	HH EH L TH
healthcare	ˈhelθˌker	เฮ็ลธ์-แคร์	0	HH EH L TH K EH R
healthy	ˈhel.θi	เฮ็ล-ธี	0	HH EH L TH IY
hear	hiːr	เฮียร์	0	HH IY R
hearing	ˈhiː.rɪŋ	ฮี-ริง	0	HH IY R IH NG
heart	hɑːrt	ฮาร์ท์	0	HH AA R T
heat	hiːt	ฮีท	0	HH IY T
heating	ˈhiː.tɪŋ	ฮี-ทิง	0	HH IY T IH NG
heaven	ˈhev.ən	เฮ็ฟ-เวิน	0	HH EH V AH N
heavily	ˈhev.ə.li	เฮ็ฟ-เวอะ-ลี	0	HH EH V AH L IY
heavy	ˈhev.i	เฮ็ฟ-วี	0	HH EH V IY
heel	hiːl	ฮีล	0	HH IY L
height	haɪt	ไฮท์	0	HH AY T
heighten	ˈhaɪ.tən	ไฮ-เทิน	0	HH AY T AH N
helicopter	ˈhel.ɪˌkɑːp.tɚ	เฮ็ล-ลิ-คาป-เทอร์	0	HH EH L IH K AA P T ER
hell	hel	เฮ็ล	0	HH EH L
hello	həˈloʊ	เฮอะ-โล	1	HH AH L OW
helmet	ˈhel.mət	เฮ็ล-เมิท	0	HH EH L M AH T
help	help	เฮ็ลป์	0	HH EH L P
helpful	ˈhelp.fəl	เฮ็ลป์-เฟิล	0	HH EH L P F AH L
hence	hens	เฮ็นส์	0	HH EH N S
her	hɝː	เฮอร์	0	HH ER
herb	ɝːb	เอิร์บ	0	ER B
here	hiːr	เฮียร์	0	HH IY R
heritage	ˈher.ə.tədʒ	เฮ-เรอะ-เทิจ	0	HH EH R AH T AH JH
hero	ˈhɪr.oʊ	ฮิ-โร	0	HH IH R OW
hers	hɚz	เฮิร์ซ	0	HH ER Z
herself	hɚˈself	เฮอร์-เซ็ลฟ์	1	HH ER S EH L F
hesitate	ˈhez.əˌteɪt	เฮ็ซ-เซอะ-เทท	0	HH EH Z AH T EY T
hey	heɪ	เฮ	0	HH EY
hi	haɪ	ไฮ	0	HH AY
hidden	ˈhɪd.ən	ฮิด-เดิน	0	HH IH D AH N
hide	haɪd	ไฮด์	0	HH AY D
hierarchy	ˈhaɪ.ɚˌɑːr.ki	ไฮ-เออร์-อาร์-คี	0	HH AY ER AA R K IY
high	haɪ	ไฮ	0	HH AY
highlight	ˈhaɪˌlaɪt	ไฮ-ไลท์	0	HH AY L AY T
highly	ˈhaɪ.li	ไฮ-ลี	0	HH AY L IY
highway	ˈhaɪˌweɪ	ไฮ-เว	0	HH AY W EY
hill	hɪl	ฮิล	0	HH IH L
him	hɪm	ฮิม	0	HH IH M
himself	hɪmˈself	ฮิม-เซ็ลฟ์	1	HH IH M S EH L F
hint	hɪnt	ฮินท์	0	HH IH N T
hire	ˈhaɪ.ɚ	ไฮ-เออร์	0	HH AY ER
his	hɪz	ฮิซ	0	HH IH Z
historian	hɪˈstɔː.ri.ən	ฮิ-สตอ-รี-เอิน	1	HH IH S T AO R IY AH N
historic	hɪˈstɔː.rɪk	ฮิ-สตอ-ริค	1	HH IH S T AO R IH K
historical	hɪˈstɔː.rɪ.kəl	ฮิ-สตอ-ริ-เคิล	1	HH IH S T AO R IH K AH L
history	ˈhɪs.tɚ.i	ฮิส-เทอร์-อี	0	HH IH S T ER IY
hit	hɪt	ฮิท	0	HH IH T
hobby	ˈhɑː.bi	ฮา-บี	0	HH AA B IY
hockey	ˈhɑː.ki	ฮา-คี	0	HH AA K IY
hold	hoʊld	โฮลด์	0	HH OW L D
hole	hoʊl	โฮล	0	HH OW L
holiday	ˈhɑː.ləˌdeɪ	ฮา-เลอะ-เด	0	HH AA L AH D EY
hollow	ˈhɑː.loʊ	ฮา-โล	0	HH AA L OW
holy	ˈhoʊ.li	โฮ-ลี	0	HH OW L IY
home	hoʊm	โฮม	0	HH OW M
homework	ˈhoʊmˌwɝːk	โฮม-เวิร์ค	0	HH OW M W ER K
honest	ˈɑː.nəst	อา-เนิสท์	0	AA N AH S T
honour	ˈɑː.nɚ	อา-เนอร์	0	AA N ER
hook	hʊk	ฮุค	0	HH UH K
hope	hoʊp	โฮป	0	HH OW P
hopefully	ˈhoʊp.fə.li	โฮป-เฟอะ-ลี	0	HH OW P F AH L IY
horizon	hɚˈaɪ.zən	เฮอร์-ไอ-เซิน	1	HH ER AY Z AH N
horn	hɔːrn	ฮอร์น์	0	HH AO R N
horrible	ˈhɔː.rə.bəl	ฮอ-เรอะ-เบิล	0	HH AO R AH B AH L
horror	ˈhɔː.rɚ	ฮอ-เรอร์	0	HH AO R ER
horse	hɔːrs	ฮอร์ส์	0	HH AO R S
hospital	ˈhɑːˌspɪt.əl	ฮา-สปิท-เทิล	0	HH AA S P IH T AH L
hospitality	ˌhɑː.spəˈtæl.ə.ti	ฮา-สเปอะ-แทล-เลอะ-ที	2	HH AA S P AH T AE L AH T IY
host	hoʊst	โฮสท์	0	HH OW S T
hostage	ˈhɑː.stɪdʒ	ฮา-สติจ	0	HH AA S T IH JH
hostile	ˈhɑː.stəl	ฮา-สเติล	0	HH AA S T AH L
hostility	hɑːˈstɪl.ə.ti	ฮา-สติล-เลอะ-ที	1	HH AA S T IH L AH T IY
hot	hɑːt	ฮาท	0	HH AA T
hotel	hoʊˈtel	โฮ-เท็ล	1	HH OW T EH L
hour	ˈaʊ.ɚ	เอา-เออร์	0	AW ER
hours	ˈaʊ.ɚz	เอา-เอิร์ซ	0	AW ER Z
house	haʊs	เฮาส์	0	HH AW S
household	ˈhaʊsˌhoʊld	เฮาส์-โฮลด์	0	HH AW S HH OW L D
housing	ˈhaʊ.zɪŋ	เฮา-ซิง	0	HH AW Z IH NG
how	haʊ	เฮา	0	HH AW
however	ˌhaʊˈev.ɚ	เฮา-เอ็ฟ-เวอร์	1	HH AW EH V ER
huge	hjuːdʒ	ฮิวจ์	0	HH Y UW JH
human	ˈhjuː.mən	ฮิว-เมิน	0	HH Y UW M AH N
humanitarian	ˌhjuːˌmæn.əˈter.i.ən	ฮิว-แมน-เนอะ-เท-รี-เอิน	3	HH Y UW M AE N AH T EH R IY AH N
humanity	hjuˈmæn.ɪ.ti	ฮิว-แมน-นิ-ที	1	HH Y UW M AE N IH T IY
humble	ˈhʌm.bəl	ฮัม-เบิล	0	HH AH M B AH L
humorous	ˈhjuː.mɚ.əs	ฮิว-เมอร์-เอิส	0	HH Y UW M ER AH S
humour	ˈhjuː.mɚ	ฮิว-เมอร์	0	HH Y UW M ER
hundred	ˈhʌn.drəd	ฮัน-เดริด	0	HH AH N D R AH D
hungry	ˈhʌŋ.ɡri	ฮัง-กรี	0	HH AH NG G R IY
hunt	hʌnt	ฮันท์	0	HH AH N T
hunting	ˈhʌn.tɪŋ	ฮัน-ทิง	0	HH AH N T IH NG
hurricane	ˈhɝː.əˌkeɪn	เฮอร์-อะ-เคน	0	HH ER AH K EY N
hurry	ˈhɝː.i	เฮอร์-อี	0	HH ER IY
hurt	hɝːt	เฮิร์ท	0	HH ER T
husband	ˈhʌz.bənd	ฮัซ-เบินด์	0	HH AH Z B AH N D
hydrogen	ˈhaɪ.drə.dʒən	ไฮ-เดรอะ-เจิน	0	HH AY D R AH JH AH N
hypothesis	haɪˈpɑː.θə.səs	ไฮ-พา-เธอะ-เซิส	1	HH AY P AA TH AH S AH S
i	aɪ	ไอ	0	AY
i've	aɪv	ไอฟ์	0	AY V
ice	aɪs	ไอส์	0	AY S
icon	ˈaɪ.kɑːn	ไอ-คาน	0	AY K AA N
iconic	ˌaɪˈkɑː.nɪk	ไอ-คา-นิค	1	AY K AA N IH K
idea	aɪˈdiː.ə	ไอ-ดี-อะ	1	AY D IY AH
ideal	aɪˈdiːl	ไอ-ดีล	1	AY D IY L
identify	aɪˈden.təˌfaɪ	ไอ-เด็น-เทอะ-ไฟ	1	AY D EH N T AH F AY
identity	aɪˈden.tɪ.ti	ไอ-เด็น-ทิ-ที	1	AY D EH N T IH T IY
ideological	ˌaɪ.di.əˈlɑː.dʒɪ.kəl	ไอ-ดี-อะ-ลา-จิ-เคิล	3	AY D IY AH L AA JH IH K AH L
ideology	ˌaɪ.diˈɑː.lə.dʒi	ไอ-ดี-อา-เลอะ-จี	2	AY D IY AA L AH JH IY
if	ɪf	อิฟ	0	IH F
ignorance	ˈɪɡ.nɚ.əns	อิก-เนอร์-เอินส์	0	IH G N ER AH N S
ignore	ˌɪɡˈnɔːr	อิก-นอร์	1	IH G N AO R
ill	ɪl	อิล	0	IH L
illegal	ˌɪlˈiː.ɡəl	อิล-ลี-เกิล	1	IH L IY G AH L
illness	ˈɪl.nəs	อิล-เนิส	0	IH L N AH S
illusion	ˌɪlˈuː.ʒən	อิล-ลู-เชิน	1	IH L UW ZH AH N
illustrate	ˈɪl.əˌstreɪt	อิล-เลอะ-สเตรท	0	IH L AH S T R EY T
illustration	ˌɪl.əˈstreɪ.ʃən	อิล-เลอะ-สเตร-เชิน	2	IH L AH S T R EY SH AH N
image	ˈɪm.ədʒ	อิม-เมิจ	0	IH M AH JH
imagery	ˈɪm.ədʒ.ri	อิม-เมิจ-รี	0	IH M AH JH R IY
imaginary	ˌɪmˈædʒ.əˌner.i	อิม-แมจ-เจอะ-เน-รี	1	IH M AE JH AH N EH R IY
imagination	ˌɪmˌædʒ.əˈneɪ.ʃən	อิม-แมจ-เจอะ-เน-เชิน	3	IH M AE JH AH N EY SH AH N
imagine	ˌɪmˈædʒ.ən	อิม-แมจ-เจิน	1	IH M AE JH AH N
immediate	ˌɪmˈiːˌdiː.ət	อิม-มี-ดี-เอิท	1	IH M IY D IY AH T
immediately	ˌɪmˈiːˌdiː.ət.li	อิม-มี-ดี-เอิท-ลี	1	IH M IY D IY AH T L IY
immense	ˌɪmˈens	อิม-เม็นส์	1	IH M EH N S
immigrant	ˈɪm.ə.ɡrənt	อิม-เมอะ-เกรินท์	0	IH M AH G R AH N T
immigration	ˌɪm.əˈɡreɪ.ʃən	อิม-เมอะ-เกร-เชิน	2	IH M AH G R EY SH AH N
imminent	ˈɪm.ə.nənt	อิม-เมอะ-เนินท์	0	IH M AH N AH N T
immune	ˌɪmˈjuːn	อิม-ยูน	1	IH M Y UW N
impact	ˌɪmˈpækt	อิม-แพคท์	1	IH M P AE K T
impatient	ˌɪmˈpeɪ.ʃənt	อิม-เพ-เชินท์	1	IH M P EY SH AH N T
implement	ˈɪm.plə.mənt	อิม-เพลอะ-เมินท์	0	IH M P L AH M AH N T
implementation	ˌɪm.plə.menˈteɪ.ʃən	อิม-เพลอะ-เม็น-เท-เชิน	3	IH M P L AH M EH N T EY SH AH N
implication	ˌɪm.pləˈkeɪ.ʃən	อิม-เพลอะ-เค-เชิน	2	IH M P L AH K EY SH AH N
implications	ˌɪm.pləˈkeɪ.ʃənz	อิม-เพลอะ-เค-เชินซ์	2	IH M P L AH K EY SH AH N Z
imply	ˌɪmˈplaɪ	อิม-ไพล	1	IH M P L AY
import	ˌɪmˈpɔːrt	อิม-พอร์ท์	1	IH M P AO R T
importance	ˌɪmˈpɔːr.təns	อิม-พอร์-เทินส์	1	IH M P AO R T AH N S
important	ˌɪmˈpɔːr.tənt	อิม-พอร์-เทินท์	1	IH M P AO R T AH N T
impose	ˌɪmˈpoʊz	อิม-โพซ	1	IH M P OW Z
impossible	ˌɪmˈpɑː.sə.bəl	อิม-พา-เซอะ-เบิล	1	IH M P AA S AH B AH L
impress	ˌɪmˈpres	อิม-เพร็ส	1	IH M P R EH S
impressed	ˌɪmˈprest	อิม-เพร็สท์	1	IH M P R EH S T
impression	ˌɪmˈpreʃ.ən	อิม-เพร็ช-เชิน	1	IH M P R EH SH AH N
impressive	ˌɪmˈpres.ɪv	อิม-เพร็ส-ซิฟ	1	IH M P R EH S IH V
imprison	ˌɪmˈprɪz.ən	อิม-พริซ-เซิน	1	IH M P R IH Z AH N
imprisonment	ˌɪmˈprɪz.ən.mənt	อิม-พริซ-เซิน-เมินท์	1	IH M P R IH Z AH N M AH N T
improve	ˌɪmˈpruːv	อิม-พรูฟ	1	IH M P R UW V
improvement	ˌɪmˈpruːv.mənt	อิม-พรูฟ-เมินท์	1	IH M P R UW V M AH N T
in	ɪn	อิน	0	IH N
inability	ˌɪn.əˈbɪl.ɪ.ti	อิน-เนอะ-บิล-ลิ-ที	2	IH N AH B IH L IH T IY
inadequate	ˌɪnˈæd.ə.kwət	อิน-แนด-เดอะ-เควิท	1	IH N AE D AH K W AH T
inappropriate	ˌɪn.əˈproʊ.pri.ɪt	อิน-เนอะ-โพร-พรี-อิท	2	IH N AH P R OW P R IY IH T
incentive	ˌɪnˈsen.tɪv	อิน-เซ็น-ทิฟ	1	IH N S EH N T IH V
inch	ɪntʃ	อินช์	0	IH N CH
incidence	ˈɪn.sə.dəns	อิน-เซอะ-เดินส์	0	IH N S AH D AH N S
incident	ˈɪn.sə.dənt	อิน-เซอะ-เดินท์	0	IH N S AH D AH N T
inclined	ˌɪnˈklaɪnd	อิน-ไคลน์ด์	1	IH N K L AY N D
include	ˌɪnˈkluːd	อิน-คลูด	1	IH N K L UW D
included	ˌɪnˈkluː.dəd	อิน-คลู-เดิด	1	IH N K L UW D AH D
including	ˌɪnˈkluː.dɪŋ	อิน-คลู-ดิง	1	IH N K L UW D IH NG
inclusion	ˌɪnˈkluː.ʒən	อิน-คลู-เชิน	1	IH N K L UW ZH AH N
income	ˈɪnˌkʌm	อิน-คัม	0	IH N K AH M
incorporate	ˌɪnˈkɔːr.pɚˌeɪt	อิน-คอร์-เพอร์-เอท	1	IH N K AO R P ER EY T
incorrect	ˌɪn.kɚˈekt	อิน-เคอร์-เอ็คท์	2	IH N K ER EH K T
increase	ˌɪnˈkriːs	อิน-ครีส	1	IH N K R IY S
increasingly	ɪnˈkriː.sɪŋ.li	อิน-ครี-ซิง-ลี	1	IH N K R IY S IH NG L IY
incredible	ˌɪnˈkred.ə.bəl	อิน-เคร็ด-เดอะ-เบิล	1	IH N K R EH D AH B AH L
incredibly	ˌɪnˈkred.ə.bli	อิน-เคร็ด-เดอะ-บลี	1	IH N K R EH D AH B L IY
incur	ˌɪnˈkɝː	อิน-เคอร์	1	IH N K ER
indeed	ˌɪnˈdiːd	อิน-ดีด	1	IH N D IY D
independence	ˌɪn.dɪˈpen.dəns	อิน-ดิ-เพ็น-เดินส์	2	IH N D IH P EH N D AH N S
independent	ˌɪn.dɪˈpen.dənt	อิน-ดิ-เพ็น-เดินท์	2	IH N D IH P EH N D AH N T
index	ˈɪn.deks	อิน-เด็คส์	0	IH N D EH K S
indicate	ˈɪn.dəˌkeɪt	อิน-เดอะ-เคท	0	IH N D AH K EY T
indication	ˌɪn.dəˈkeɪ.ʃən	อิน-เดอะ-เค-เชิน	2	IH N D AH K EY SH AH N
indicator	ˈɪn.dəˌkeɪ.tɚ	อิน-เดอะ-เค-เทอร์	0	IH N D AH K EY T ER
indigenous	ˌɪnˈdɪdʒ.ə.nəs	อิน-ดิจ-เจอะ-เนิส	1	IH N D IH JH AH N AH S
indirect	ˌɪn.dɚˈekt	อิน-เดอร์-เอ็คท์	2	IH N D ER EH K T
individual	ˌɪn.dəˈvɪdʒ.ə.wəl	อิน-เดอะ-วิจ-เจอะ-เวิล	2	IH N D AH V IH JH AH W AH L
indoor	ˈɪnˌdɔːr	อิน-ดอร์	0	IH N D AO R
indoors	ˈɪnˌdɔːrz	อิน-ดอร์ซ์	0	IH N D AO R Z
induce	ˌɪnˈduːs	อิน-ดูส	1	IH N D UW S
indulge	ˌɪnˈdʌldʒ	อิน-ดัลจ์	1	IH N D AH L JH
industrial	ˌɪnˈdʌs.tri.əl	อิน-ดัส-ทรี-เอิล	1	IH N D AH S T R IY AH L
industry	ˈɪn.də.stri	อิน-เดอะ-สตรี	0	IH N D AH S T R IY
inequality	ˌɪn.ɪˈkwɑː.lə.ti	อิน-นิ-ควา-เลอะ-ที	2	IH N IH K W AA L AH T IY
inevitably	ˌɪnˈev.ə.tə.bli	อิน-เน็ฟ-เวอะ-เทอะ-บลี	1	IH N EH V AH T AH B L IY
infamous	ˈɪn.fə.məs	อิน-เฟอะ-เมิส	0	IH N F AH M AH S
infant	ˈɪn.fənt	อิน-เฟินท์	0	IH N F AH N T
infect	ˌɪnˈfekt	อิน-เฟ็คท์	1	IH N F EH K T
infection	ˌɪnˈfek.ʃən	อิน-เฟ็ค-เชิน	1	IH N F EH K SH AH N
inflation	ˌɪnˈfleɪ.ʃən	อิน-เฟล-เชิน	1	IH N F L EY SH AH N
inflict	ˌɪnˈflɪkt	อิน-ฟลิคท์	1	IH N F L IH K T
influence	ˈɪn.flu.əns	อิน-ฟลู-เอินส์	0	IH N F L UW AH N S
influential	ˌɪn.fluˈen.ʃəl	อิน-ฟลู-เอ็น-เชิล	2	IH N F L UW EH N SH AH L
inform	ˌɪnˈfɔːrm	อิน-ฟอร์ม์	1	IH N F AO R M
informal	ˌɪnˈfɔːr.məl	อิน-ฟอร์-เมิล	1	IH N F AO R M AH L
information	ˌɪn.fɚˈmeɪ.ʃən	อิน-เฟอร์-เม-เชิน	2	IH N F ER M EY SH AH N
infrastructure	ˌɪn.frəˈstrʌk.tʃɚ	อิน-เฟรอะ-สตรัค-เชอร์	2	IH N F R AH S T R AH K CH ER
ingredient	ˌɪnˈɡriː.di.ənt	อิน-กรี-ดี-เอินท์	1	IH N G R IY D IY AH N T
inhabitant	ɪnˈhæb.ə.tənt	อิน-แฮบ-เบอะ-เทินท์	1	IH N HH AE B AH T AH N T
inherent	ɪnˈhɪr.ənt	อิน-ฮิ-เรินท์	1	IH N HH IH R AH N T
inherit	ˌɪnˈher.ət	อิน-เฮ-เริท	1	IH N HH EH R AH T
inhibit	ˌɪnˈhɪb.ət	อิน-ฮิบ-เบิท	1	IH N HH IH B AH T
initial	ˌɪnˈɪʃ.əl	อิน-นิช-เชิล	1	IH N IH SH AH L
initially	ˌɪnˈɪʃ.ə.li	อิน-นิช-เชอะ-ลี	1	IH N IH SH AH L IY
initiate	ˌɪnˈɪʃ.iˌeɪt	อิน-นิช-ชี-เอท	1	IH N IH SH IY EY T
initiative	ˌɪnˈɪʃ.ə.tɪv	อิน-นิช-เชอะ-ทิฟ	1	IH N IH SH AH T IH V
inject	ˌɪnˈdʒekt	อิน-เจ็คท์	1	IH N JH EH K T
injection	ˌɪnˈdʒek.ʃən	อิน-เจ็ค-เชิน	1	IH N JH EH K SH AH N
injure	ˈɪn.dʒɚ	อิน-เจอร์	0	IH N JH ER
injured	ˈɪn.dʒɚd	อิน-เจิร์ด	0	IH N JH ER D
injury	ˈɪn.dʒɚ.i	อิน-เจอร์-อี	0	IH N JH ER IY
injustice	ˌɪnˈdʒʌs.tɪs	อิน-จัส-ทิส	1	IH N JH AH S T IH S
inner	ˈɪn.ɚ	อิน-เนอร์	0	IH N ER
innocent	ˈɪn.ə.sənt	อิน-เนอะ-เซินท์	0	IH N AH S AH N T
innovation	ˌɪn.əˈveɪ.ʃən	อิน-เนอะ-เว-เชิน	2	IH N AH V EY SH AH N
innovative	ˈɪn.əˌveɪ.tɪv	อิน-เนอะ-เว-ทิฟ	0	IH N AH V EY T IH V
input	ˈɪnˌpʊt	อิน-พุท	0	IH N P UH T
inquiry	ˌɪnˈkwaɪ.ri	อิน-ไคว-รี	1	IH N K W AY R IY
insect	ˈɪnˌsekt	อิน-เซ็คท์	0	IH N S EH K T
insert	ˌɪnˈsɝːt	อิน-เซิร์ท	1	IH N S ER T
inside	ˌɪnˈsaɪd	อิน-ไซด์	1	IH N S AY D
insider	ˌɪnˈsaɪ.dɚ	อิน-ไซ-เดอร์	1	IH N S AY D ER
insight	ˈɪnˌsaɪt	อิน-ไซท์	0	IH N S AY T
insist	ˌɪnˈsɪst	อิน-ซิสท์	1	IH N S IH S T
inspect	ˌɪnˈspekt	อิน-สเป็คท์	1	IH N S P EH K T
inspection	ˌɪnˈspek.ʃən	อิน-สเป็ค-เชิน	1	IH N S P EH K SH AH N
inspector	ˌɪnˈspek.tɚ	อิน-สเป็ค-เทอร์	1	IH N S P EH K T ER
inspiration	ˌɪn.spɚˈeɪ.ʃən	อิน-สเปอร์-เอ-เชิน	2	IH N S P ER EY SH AH N
inspire	ˌɪnˈspaɪr	อิน-สไปร์	1	IH N S P AY R
install	ˌɪnˈstɔːl	อิน-สตอล	1	IH N S T AO L
installation	ˌɪn.stəˈleɪ.ʃən	อิน-สเตอะ-เล-เชิน	2	IH N S T AH L EY SH AH N
instance	ˈɪn.stəns	อิน-สเตินส์	0	IH N S T AH N S
instant	ˈɪn.stənt	อิน-สเตินท์	0	IH N S T AH N T
instantly	ˈɪn.stənt.li	อิน-สเตินท์-ลี	0	IH N S T AH N T L IY
instead	ˌɪnˈsted	อิน-สเต็ด	1	IH N S T EH D
instinct	ˈɪn.stɪŋkt	อิน-สติงค์ท์	0	IH N S T IH NG K T
institute	ˈɪn.stəˌtuːt	อิน-สเตอะ-ทูท	0	IH N S T AH T UW T
institution	ˌɪn.stɪˈtuː.ʃən	อิน-สติ-ทู-เชิน	2	IH N S T IH T UW SH AH N
institutional	ˌɪn.stɪˈtuː.ʃə.nəl	อิน-สติ-ทู-เชอะ-เนิล	2	IH N S T IH T UW SH AH N AH L
instruction	ˌɪnˈstrʌk.ʃən	อิน-สตรัค-เชิน	1	IH N S T R AH K SH AH N
instructor	ˌɪnˈstrʌk.tɚ	อิน-สตรัค-เทอร์	1	IH N S T R AH K T ER
instrument	ˈɪn.strə.mənt	อิน-สเตรอะ-เมินท์	0	IH N S T R AH M AH N T
insufficient	ˌɪn.səˈfɪʃ.ənt	อิน-เซอะ-ฟิช-เชินท์	2	IH N S AH F IH SH AH N T
insult	ˌɪnˈsʌlt	อิน-ซัลท์	1	IH N S AH L T
insurance	ˌɪnˈʃʊr.əns	อิน-ชุ-เรินส์	1	IH N SH UH R AH N S
insure	ˌɪnˈʃʊr	อิน-ชัวร์	1	IH N SH UH R
intact	ˌɪnˈtækt	อิน-แทคท์	1	IH N T AE K T
intake	ˈɪnˌteɪk	อิน-เทค	0	IH N T EY K
integral	ˈɪn.tə.ɡrəl	อิน-เทอะ-เกริล	0	IH N T AH G R AH L
integrate	ˈɪn.təˌɡreɪt	อิน-เทอะ-เกรท	0	IH N T AH G R EY T
integration	ˌɪn.təˈɡreɪ.ʃən	อิน-เทอะ-เกร-เชิน	2	IH N T AH G R EY SH AH N
integrity	ˌɪnˈteɡ.rə.ti	อิน-เท็ก-เรอะ-ที	1	IH N T EH G R AH T IY
intellectual	ˌɪn.təˈlek.tʃu.əl	อิน-เทอะ-เล็ค-ชู-เอิล	2	IH N T AH L EH K CH UW AH L
intelligence	ˌɪnˈtel.ə.dʒəns	อิน-เท็ล-เลอะ-เจินส์	1	IH N T EH L AH JH AH N S
intelligent	ˌɪnˈtel.ə.dʒənt	อิน-เท็ล-เลอะ-เจินท์	1	IH N T EH L AH JH AH N T
intend	ˌɪnˈtend	อิน-เท็นด์	1	IH N T EH N D
intended	ˌɪnˈten.dɪd	อิน-เท็น-ดิด	1	IH N T EH N D IH D
intense	ˌɪnˈtens	อิน-เท็นส์	1	IH N T EH N S
intensify	ɪnˈten.səˌfaɪ	อิน-เท็น-เซอะ-ไฟ	1	IH N T EH N S AH F AY
intensity	ɪnˈten.sə.ti	อิน-เท็น-เซอะ-ที	1	IH N T EH N S AH T IY
intensive	ˌɪnˈten.sɪv	อิน-เท็น-ซิฟ	1	IH N T EH N S IH V
intent	ˌɪnˈtent	อิน-เท็นท์	1	IH N T EH N T
intention	ˌɪnˈten.tʃən	อิน-เท็น-เชิน	1	IH N T EH N CH AH N
interact	ˌɪn.tɚˈækt	อิน-เทอร์-แอคท์	2	IH N T ER AE K T
interaction	ˌɪn.tɚˈæk.ʃən	อิน-เทอร์-แอค-เชิน	2	IH N T ER AE K SH AH N
interactive	ˌɪn.tɚˈæk.tɪv	อิน-เทอร์-แอค-ทิฟ	2	IH N T ER AE K T IH V
interest	ˈɪn.trəst	อิน-เทริสท์	0	IH N T R AH S T
interested	ˈɪn.trə.stɪd	อิน-เทรอะ-สติด	0	IH N T R AH S T IH D
interesting	ˈɪn.trə.stɪŋ	อิน-เทรอะ-สติง	0	IH N T R AH S T IH NG
interface	ˈɪn.tɚˌfeɪs	อิน-เทอร์-เฟส	0	IH N T ER F EY S
interfere	ˌɪn.tɚˈfɪr	อิน-เทอร์-เฟียร์	2	IH N T ER F IH R
interference	ˌɪn.tɚˈfɪr.əns	อิน-เทอร์-ฟิ-เรินส์	2	IH N T ER F IH R AH N S
interim	ˈɪn.tɚ.əm	อิน-เทอร์-เอิม	0	IH N T ER AH M
intermediate	ˌɪn.tɚˈmiː.di.ɪt	อิน-เทอร์-มี-ดี-อิท	2	IH N T ER M IY D IY IH T
internal	ˌɪnˈtɝː.nəl	อิน-เทอร์-เนิล	1	IH N T ER N AH L
international	ˌɪn.tɚˈnæʃ.ə.nəl	อิน-เทอร์-แนช-เชอะ-เนิล	2	IH N T ER N AE SH AH N AH L
internet	ˈɪn.tɚˌnet	อิน-เทอร์-เน็ท	0	IH N T ER N EH T
interpret	ˌɪnˈtɝː.prət	อิน-เทอร์-เพริท	1	IH N T ER P R AH T
interpretation	ˌɪnˌtɝː.prɪˈteɪ.ʃən	อิน-เทอร์-พริ-เท-เชิน	3	IH N T ER P R IH T EY SH AH N
interrupt	ˌɪn.tɚˈʌpt	อิน-เทอร์-อัปท์	2	IH N T ER AH P T
interval	ˈɪn.tɚ.vəl	อิน-เทอร์-เวิล	0	IH N T ER V AH L
intervene	ˌɪn.tɚˈviːn	อิน-เทอร์-วีน	2	IH N T ER V IY N
intervention	ˌɪn.tɚˈven.ʃən	อิน-เทอร์-เว็น-เชิน	2	IH N T ER V EH N SH AH N
interview	ˈɪn.tɚˌvjuː	อิน-เทอร์-วิว	0	IH N T ER V Y UW
interviewing	ˈɪn.tɚˌvjuː.ɪŋ	อิน-เทอร์-วิว-อิง	0	IH N T ER V Y UW IH NG
intimate	ˈɪn.tə.mət	อิน-เทอะ-เมิท	0	IH N T AH M AH T
into	ˈɪn.tu	อิน-ทู	0	IH N T UW
intriguing	ˌɪnˈtriː.ɡɪŋ	อิน-ทรี-กิง	1	IH N T R IY G IH NG
introduce	ˌɪn.trəˈduːs	อิน-เทรอะ-ดูส	2	IH N T R AH D UW S
introduction	ˌɪn.trəˈdʌk.ʃən	อิน-เทรอะ-ดัค-เชิน	2	IH N T R AH D AH K SH AH N
invade	ˌɪnˈveɪd	อิน-เวด	1	IH N V EY D
invasion	ˌɪnˈveɪ.ʒən	อิน-เว-เชิน	1	IH N V EY ZH AH N
invent	ˌɪnˈvent	อิน-เว็นท์	1	IH N V EH N T
invention	ˌɪnˈven.ʃən	อิน-เว็น-เชิน	1	IH N V EH N SH AH N
invest	ˌɪnˈvest	อิน-เว็สท์	1	IH N V EH S T
investigate	ˌɪnˈves.təˌɡeɪt	อิน-เว็ส-เทอะ-เกท	1	IH N V EH S T AH G EY T
investigation	ˌɪnˌves.təˈɡeɪ.ʃən	อิน-เว็ส-เทอะ-เก-เชิน	3	IH N V EH S T AH G EY SH AH N
investigator	ˌɪnˈves.təˌɡeɪ.tɚ	อิน-เว็ส-เทอะ-เก-เทอร์	1	IH N V EH S T AH G EY T ER
investment	ˌɪnˈvest.mənt	อิน-เว็สท์-เมินท์	1	IH N V EH S T M AH N T
investor	ˌɪnˈves.tɚ	อิน-เว็ส-เทอร์	1	IH N V EH S T ER
invisible	ˌɪnˈvɪz.ə.bəl	อิน-วิซ-เซอะ-เบิล	1	IH N V IH Z AH B AH L
invitation	ˌɪn.vɪˈteɪ.ʃən	อิน-วิ-เท-เชิน	2	IH N V IH T EY SH AH N
invite	ˌɪnˈvaɪt	อิน-ไวท์	1	IH N V AY T
invoke	ˌɪnˈvoʊk	อิน-โวค	1	IH N V OW K
involve	ˌɪnˈvɑːlv	อิน-วาลฟ์	1	IH N V AA L V
involved	ˌɪnˈvɑːlvd	อิน-วาลฟ์ด์	1	IH N V AA L V D
involvement	ˌɪnˈvɑːlv.mənt	อิน-วาลฟ์-เมินท์	1	IH N V AA L V M AH N T
iron	ˈaɪ.ɚn	ไอ-เอิร์น	0	AY ER N
ironic	aɪˈrɑː.nɪk	ไอ-รา-นิค	1	AY R AA N IH K
irony	ˈaɪ.rə.ni	ไอ-เรอะ-นี	0	AY R AH N IY
irrelevant	ˌɪrˈel.ə.vənt	อิ-เร็ล-เลอะ-เวินท์	1	IH R EH L AH V AH N T
is	ɪz	อิซ	0	IH Z
island	ˈaɪ.lənd	ไอ-เลินด์	0	AY L AH N D
isolate	ˈaɪ.səˌleɪt	ไอ-เซอะ-เลท	0	AY S AH L EY T
isolated	ˈaɪ.səˌleɪ.təd	ไอ-เซอะ-เล-เทิด	0	AY S AH L EY T AH D
isolation	ˌaɪ.səˈleɪ.ʃən	ไอ-เซอะ-เล-เชิน	2	AY S AH L EY SH AH N
issue	ˈɪʃ.u	อิช-ชู	0	IH SH UW
it	ɪt	อิท	0	IH T
it's	ɪts	อิทส์	0	IH T S
item	ˈaɪ.təm	ไอ-เทิม	0	AY T AH M
its	ɪts	อิทส์	0	IH T S
itself	ˌɪtˈself	อิท-เซ็ลฟ์	1	IH T S EH L F
jacket	ˈdʒæk.ət	แจค-เคิท	0	JH AE K AH T
jail	dʒeɪl	เจล	0	JH EY L
jam	dʒæm	แจม	0	JH AE M
january	ˈdʒæn.juˌer.i	แจน-ยู-เอ-รี	0	JH AE N Y UW EH R IY
japan	dʒəˈpæn	เจอะ-แพน	1	JH AH P AE N
jazz	dʒæz	แจซ	0	JH AE Z
jeans	dʒiːnz	จีนซ์	0	JH IY N Z
jet	dʒet	เจ็ท	0	JH EH T
jewellery	ˈdʒuː.əl.ri	จู-เอิล-รี	0	JH UW AH L R IY
job	dʒɑːb	จาบ	0	JH AA B
join	dʒɔɪn	จอยน์	0	JH OY N
joint	dʒɔɪnt	จอยน์ท์	0	JH OY N T
jointly	ˈdʒɔɪnt.li	จอยน์ท์-ลี	0	JH OY N T L IY
joke	dʒoʊk	โจค	0	JH OW K
journal	ˈdʒɝː.nəl	เจอร์-เนิล	0	JH ER N AH L
journalism	ˈdʒɝː.nəˌlɪz.əm	เจอร์-เนอะ-ลิซ-เซิม	0	JH ER N AH L IH Z AH M
journalist	ˈdʒɝː.nə.ləst	เจอร์-เนอะ-เลิสท์	0	JH ER N AH L AH S T
journey	ˈdʒɝː.ni	เจอร์-นี	0	JH ER N IY
joy	dʒɔɪ	จอย	0	JH OY
judge	dʒʌdʒ	จัจ	0	JH AH JH
judgement	ˈdʒʌdʒ.mənt	จัจ-เมินท์	0	JH AH JH M AH N T
judicial	dʒuˈdɪʃ.əl	จู-ดิช-เชิล	1	JH UW D IH SH AH L
juice	dʒuːs	จูส	0	JH UW S
july	ˌdʒuːˈlaɪ	จู-ไล	1	JH UW L AY
jump	dʒʌmp	จัมป์	0	JH AH M P
june	dʒuːn	จูน	0	JH UW N
junior	ˈdʒuː.njɚ	จู-เนอร์	0	JH UW N Y ER
jury	ˈdʒʊr.i	จุ-รี	0	JH UH R IY
just	dʒʌst	จัสท์	0	JH AH S T
justice	ˈdʒʌs.təs	จัส-เทิส	0	JH AH S T AH S
justification	ˌdʒʌs.tə.fəˈkeɪ.ʃən	จัส-เทอะ-เฟอะ-เค-เชิน	3	JH AH S T AH F AH K EY SH AH N
justify	ˈdʒʌs.təˌfaɪ	จัส-เทอะ-ไฟ	0	JH AH S T AH F AY
juvenile	ˈdʒuː.və.nəl	จู-เวอะ-เนิล	0	JH UW V AH N AH L
keen	kiːn	คีน	0	K IY N
keep	kiːp	คีป	0	K IY P
key	kiː	คี	0	K IY
keyboard	ˈkiːˌbɔːrd	คี-บอร์ด์	0	K IY B AO R D
keys	kiːz	คีซ	0	K IY Z
kick	kɪk	คิค	0	K IH K
kid	kɪd	คิด	0	K IH D
kidnap	ˈkɪdˌnæp	คิด-แนป	0	K IH D N AE P
kidney	ˈkɪd.ni	คิด-นี	0	K IH D N IY
kill	kɪl	คิล	0	K IH L
killing	ˈkɪl.ɪŋ	คิล-ลิง	0	K IH L IH NG
kilometre	ˌkɪlˈɔːˌmʌt.ɚ	คิล-ลอ-มัท-เทอร์	1	K IH L AO M AH T ER
kind	kaɪnd	ไคน์ด์	0	K AY N D
king	kɪŋ	คิง	0	K IH NG
kingdom	ˈkɪŋ.dəm	คิง-เดิม	0	K IH NG D AH M
kiss	kɪs	คิส	0	K IH S
kit	kɪt	คิท	0	K IH T
kitchen	ˈkɪtʃ.ən	คิช-เชิน	0	K IH CH AH N
knee	niː	นี	0	N IY
knife	naɪf	ไนฟ์	0	N AY F
knock	nɑːk	นาค	0	N AA K
knocked	nɑːkt	นาคท์	0	N AA K T
know	noʊ	โน	0	N OW
knowledge	ˈnɑː.lədʒ	นา-เลิจ	0	N AA L AH JH
lab	læb	แลบ	0	L AE B
label	ˈleɪ.bəl	เล-เบิล	0	L EY B AH L
laboratory	ˈlæb.rəˌtɔː.ri	แลบ-เรอะ-ทอ-รี	0	L AE B R AH T AO R IY
labour	ˈleɪ.bɚ	เล-เบอร์	0	L EY B ER
lack	læk	แลค	0	L AE K
lady	ˈleɪ.di	เล-ดี	0	L EY D IY
lake	leɪk	เลค	0	L EY K
lamp	læmp	แลมป์	0	L AE M P
land	lænd	แลนด์	0	L AE N D
landing	ˈlæn.dɪŋ	แลน-ดิง	0	L AE N D IH NG
landlord	ˈlændˌlɔːrd	แลนด์-ลอร์ด์	0	L AE N D L AO R D
landmark	ˈlændˌmɑːrk	แลนด์-มาร์ค์	0	L AE N D M AA R K
landscape	ˈlændˌskeɪp	แลนด์-สเกป	0	L AE N D S K EY P
lane	leɪn	เลน	0	L EY N
language	ˈlæŋ.ɡwədʒ	แลง-เกวิจ	0	L AE NG G W AH JH
lap	læp	แลป	0	L AE P
laptop	ˈlæpˌtɑːp	แลป-ทาป	0	L AE P T AA P
large	lɑːrdʒ	ลาร์จ์	0	L AA R JH
largely	ˈlɑːrdʒ.li	ลาร์จ์-ลี	0	L AA R JH L IY
laser	ˈleɪ.zɚ	เล-เซอร์	0	L EY Z ER
last	læst	แลสท์	0	L AE S T
late	leɪt	เลท	0	L EY T
lately	ˈleɪt.li	เลท-ลี	0	L EY T L IY
later	ˈleɪ.tɚ	เล-เทอร์	0	L EY T ER
latest	ˈleɪ.təst	เล-เทิสท์	0	L EY T AH S T
latter	ˈlæt.ɚ	แลท-เทอร์	0	L AE T ER
laugh	læf	แลฟ	0	L AE F
laughter	ˈlæf.tɚ	แลฟ-เทอร์	0	L AE F T ER
launch	lɔːntʃ	ลอนช์	0	L AO N CH
law	lɔː	ลอ	0	L AO
lawn	lɔːn	ลอน	0	L AO N
lawsuit	ˈlɔːˌsuːt	ลอ-ซูท	0	L AO S UW T
lawyer	ˈlɔː.jɚ	ลอ-เยอร์	0	L AO Y ER
lay	leɪ	เล	0	L EY
layer	ˈleɪ.ɚ	เล-เออร์	0	L EY ER
lazy	ˈleɪ.zi	เล-ซี	0	L EY Z IY
lead	led	เล็ด	0	L EH D
leader	ˈliː.dɚ	ลี-เดอร์	0	L IY D ER
leadership	ˈliː.dɚˌʃɪp	ลี-เดอร์-ชิป	0	L IY D ER SH IH P
leading	ˈliː.dɪŋ	ลี-ดิง	0	L IY D IH NG
leaf	liːf	ลีฟ	0	L IY F
league	liːɡ	ลีก	0	L IY G
leak	liːk	ลีค	0	L IY K
lean	liːn	ลีน	0	L IY N
leap	liːp	ลีป	0	L IY P
learn	lɝːn	เลิร์น	0	L ER N
learning	ˈlɝː.nɪŋ	เลอร์-นิง	0	L ER N IH NG
lease	liːs	ลีส	0	L IY S
least	liːst	ลีสท์	0	L IY S T
leather	ˈleð.ɚ	เล็ธ-เธอร์	0	L EH DH ER
leave	liːv	ลีฟ	0	L IY V
lecture	ˈlek.tʃɚ	เล็ค-เชอร์	0	L EH K CH ER
left	left	เล็ฟท์	0	L EH F T
leg	leɡ	เล็ก	0	L EH G
legacy	ˈleɡ.ə.si	เล็ก-เกอะ-ซี	0	L EH G AH S IY
legal	ˈliː.ɡəl	ลี-เกิล	0	L IY G AH L
legend	ˈledʒ.ənd	เล็จ-เจินด์	0	L EH JH AH N D
legendary	ˈledʒ.ənˌder.i	เล็จ-เจิน-เด-รี	0	L EH JH AH N D EH R IY
legislation	ˌledʒ.əˈsleɪ.ʃən	เล็จ-เจอะ-สเล-เชิน	2	L EH JH AH S L EY SH AH N
legislative	ˈledʒ.əˌsleɪ.tɪv	เล็จ-เจอะ-สเล-ทิฟ	0	L EH JH AH S L EY T IH V
legislature	ˈledʒ.əˌsleɪ.tʃɚ	เล็จ-เจอะ-สเล-เชอร์	0	L EH JH AH S L EY CH ER
legitimate	ləˈdʒɪt.ə.mət	เลอะ-จิท-เทอะ-เมิท	1	L AH JH IH T AH M AH T
leisure	ˈleʒ.ɚ	เล็ช-เชอร์	0	L EH ZH ER
lemon	ˈlem.ən	เล็ม-เมิน	0	L EH M AH N
lend	lend	เล็นด์	0	L EH N D
length	leŋkθ	เล็งค์ธ์	0	L EH NG K TH
lengthy	ˈleŋ.θi	เล็ง-ธี	0	L EH NG TH IY
lens	lenz	เล็นซ์	0	L EH N Z
lesbian	ˈlez.bi.ən	เล็ซ-บี-เอิน	0	L EH Z B IY AH N
less	les	เล็ส	0	L EH S
lesson	ˈles.ən	เล็ส-เซิน	0	L EH S AH N
let	let	เล็ท	0	L EH T
lethal	ˈliː.θəl	ลี-เธิล	0	L IY TH AH L
letter	ˈlet.ɚ	เล็ท-เทอร์	0	L EH T ER
level	ˈlev.əl	เล็ฟ-เวิล	0	L EH V AH L
liberal	ˈlɪbˌɝː.əl	ลิบ-เบอร์-เอิล	0	L IH B ER AH L
liberation	ˌlɪbˌɝːˈeɪ.ʃən	ลิบ-เบอร์-เอ-เชิน	2	L IH B ER EY SH AH N
liberty	ˈlɪb.ɚ.ti	ลิบ-เบอร์-ที	0	L IH B ER T IY
library	ˈlaɪ.bre.ri	ไล-เบร-รี	0	L AY B R EH R IY
licence	ˈlaɪ.səns	ไล-เซินส์	0	L AY S AH N S
lie	laɪ	ไล	0	L AY
life	laɪf	ไลฟ์	0	L AY F
lifelong	ˈlaɪˈflɔːŋ	ไล-ฟลอง	0	L AY F L AO NG
lifestyle	ˈlaɪfˌstaɪl	ไลฟ์-สไตล์	0	L AY F S T AY L
lifetime	ˈlaɪfˌtaɪm	ไลฟ์-ไทม์	0	L AY F T AY M
lift	lɪft	ลิฟท์	0	L IH F T
light	laɪt	ไลท์	0	L AY T
like	laɪk	ไลค์	0	L AY K
likelihood	ˈlaɪ.kliˌhʊd	ไล-คลี-ฮุด	0	L AY K L IY HH UH D
likely	ˈlaɪ.kli	ไล-คลี	0	L AY K L IY
likes	laɪks	ไลค์ส์	0	L AY K S
likewise	ˈlaɪˌkwaɪz	ไล-ไควซ์	0	L AY K W AY Z
limb	lɪm	ลิม	0	L IH M
limit	ˈlɪm.ət	ลิม-เมิท	0	L IH M AH T
limitation	ˌlɪm.ɪˈteɪ.ʃən	ลิม-มิ-เท-เชิน	2	L IH M IH T EY SH AH N
limited	ˈlɪm.ə.təd	ลิม-เมอะ-เทิด	0	L IH M AH T AH D
line	laɪn	ไลน์	0	L AY N
linear	ˈlɪn.i.ɚ	ลิน-นี-เออร์	0	L IH N IY ER
linger	ˈlɪŋ.ɡɚ	ลิง-เกอร์	0	L IH NG G ER
linguistic	lɪŋˈɡwɪs.tɪk	ลิง-กวิส-ทิค	1	L IH NG G W IH S T IH K
lining	ˈlaɪ.nɪŋ	ไล-นิง	0	L AY N IH NG
link	lɪŋk	ลิงค์	0	L IH NG K
lion	ˈlaɪ.ən	ไล-เอิน	0	L AY AH N
lip	lɪp	ลิป	0	L IH P
liquid	ˈlɪk.wəd	ลิค-เวิด	0	L IH K W AH D
list	lɪst	ลิสท์	0	L IH S T
listen	ˈlɪs.ən	ลิส-เซิน	0	L IH S AH N
listener	ˈlɪs.ə.nɚ	ลิส-เซอะ-เนอร์	0	L IH S AH N ER
listening	ˈlɪs.ə.nɪŋ	ลิส-เซอะ-นิง	0	L IH S AH N IH NG
literacy	ˈlɪt.ɚ.ə.si	ลิท-เทอร์-อะ-ซี	0	L IH T ER AH S IY
literally	ˈlɪt.ɚ.ə.li	ลิท-เทอร์-อะ-ลี	0	L IH T ER AH L IY
literary	ˈlɪt.ɚˌer.i	ลิท-เทอร์-เอ-รี	0	L IH T ER EH R IY
literature	ˈlɪt.ɚ.ə.tʃɚ	ลิท-เทอร์-อะ-เชอร์	0	L IH T ER AH CH ER
litigation	ˌlɪt.əˈɡeɪ.ʃən	ลิท-เทอะ-เก-เชิน	2	L IH T AH G EY SH AH N
little	ˈlɪt.əl	ลิท-เทิล	0	L IH T AH L
live	laɪv	ไลฟ์	0	L AY V
lived	lɪvd	ลิฟด์	0	L IH V D
lively	ˈlaɪv.li	ไลฟ์-ลี	0	L AY V L IY
liver	ˈlɪv.ɚ	ลิฟ-เวอร์	0	L IH V ER
lives	lɪvz	ลิฟซ์	0	L IH V Z
living	ˈlɪv.ɪŋ	ลิฟ-วิง	0	L IH V IH NG
load	loʊd	โลด	0	L OW D
loan	loʊn	โลน	0	L OW N
lobby	ˈlɑː.bi	ลา-บี	0	L AA B IY
local	ˈloʊ.kəl	โล-เคิล	0	L OW K AH L
locally	ˈloʊ.kə.li	โล-เคอะ-ลี	0	L OW K AH L IY
locate	ˈloʊˌkeɪt	โล-เคท	0	L OW K EY T
located	ˈloʊˌkeɪ.təd	โล-เค-เทิด	0	L OW K EY T AH D
location	loʊˈkeɪ.ʃən	โล-เค-เชิน	1	L OW K EY SH AH N
lock	lɑːk	ลาค	0	L AA K
log	lɔːɡ	ลอก	0	L AO G
logic	ˈlɑː.dʒɪk	ลา-จิค	0	L AA JH IH K
logical	ˈlɑː.dʒɪ.kəl	ลา-จิ-เคิล	0	L AA JH IH K AH L
logo	ˈloʊ.ɡoʊ	โล-โก	0	L OW G OW
london	ˈlʌn.dən	ลัน-เดิน	0	L AH N D AH N
lonely	ˈloʊn.li	โลน-ลี	0	L OW N L IY
long	lɔːŋ	ลอง	0	L AO NG
look	lʊk	ลุค	0	L UH K
looking	ˈlʊk.ɪŋ	ลุค-คิง	0	L UH K IH NG
loop	luːp	ลูป	0	L UW P
loose	luːs	ลูส	0	L UW S
lord	lɔːrd	ลอร์ด์	0	L AO R D
lorry	ˈlɔː.ri	ลอ-รี	0	L AO R IY
lose	luːz	ลูซ	0	L UW Z
loss	lɔːs	ลอส	0	L AO S
lost	lɔːst	ลอสท์	0	L AO S T
lot	lɑːt	ลาท	0	L AA T
loud	laʊd	เลาด์	0	L AW D
loudly	ˈlaʊd.li	เลาด์-ลี	0	L AW D L IY
love	lʌv	ลัฟ	0	L AH V
lovely	ˈlʌv.li	ลัฟ-ลี	0	L AH V L IY
low	loʊ	โล	0	L OW
lower	ˈloʊ.ɚ	โล-เออร์	0	L OW ER
loyal	ˈlɔɪ.əl	ลอย-เอิล	0	L OY AH L
loyalty	ˈlɔɪ.əl.ti	ลอย-เอิล-ที	0	L OY AH L T IY
luck	lʌk	ลัค	0	L AH K
lucky	ˈlʌk.i	ลัค-คี	0	L AH K IY
lunch	lʌntʃ	ลันช์	0	L AH N CH
lung	lʌŋ	ลัง	0	L AH NG
luxury	ˈlʌɡ.ʒɚ.i	ลัก-เชอร์-อี	0	L AH G ZH ER IY
lyric	ˈlɪr.ɪk	ลิ-ริค	0	L IH R IH K
machine	məˈʃiːn	เมอะ-ชีน	1	M AH SH IY N
mad	mæd	แมด	0	M AE D
made	meɪd	เมด	0	M EY D
magazine	ˈmæɡ.əˌziːn	แมก-เกอะ-ซีน	0	M AE G AH Z IY N
magic	ˈmædʒ.ɪk	แมจ-จิค	0	M AE JH IH K
magical	ˈmædʒ.ɪ.kəl	แมจ-จิ-เคิล	0	M AE JH IH K AH L
magnetic	mæɡˈnet.ɪk	แมก-เน็ท-ทิค	1	M AE G N EH T IH K
magnificent	mæɡˈnɪf.ə.sənt	แมก-นิฟ-เฟอะ-เซินท์	1	M AE G N IH F AH S AH N T
magnitude	ˈmæɡ.nəˌtuːd	แมก-เนอะ-ทูด	0	M AE G N AH T UW D
maid	meɪd	เมด	0	M EY D
mail	meɪl	เมล	0	M EY L
main	meɪn	เมน	0	M EY N
mainland	ˈmeɪnˌlænd	เมน-แลนด์	0	M EY N L AE N D
mainly	ˈmeɪn.li	เมน-ลี	0	M EY N L IY
mainstream	ˈmeɪnˌstriːm	เมน-สตรีม	0	M EY N S T R IY M
maintain	meɪnˈteɪn	เมน-เทน	1	M EY N T EY N
maintenance	ˈmeɪn.tə.nəns	เมน-เทอะ-เนินส์	0	M EY N T AH N AH N S
major	ˈmeɪ.dʒɚ	เม-เจอร์	0	M EY JH ER
majority	məˈdʒɔː.rə.ti	เมอะ-จอ-เรอะ-ที	1	M AH JH AO R AH T IY
make	meɪk	เมค	0	M EY K
makeup	ˈmeɪˌkʌp	เม-คัป	0	M EY K AH P
making	ˈmeɪ.kɪŋ	เม-คิง	0	M EY K IH NG
male	meɪl	เมล	0	M EY L
mall	mɔːl	มอล	0	M AO L
man	mæn	แมน	0	M AE N
manage	ˈmæn.ədʒ	แมน-เนิจ	0	M AE N AH JH
management	ˈmæn.ədʒ.mənt	แมน-เนิจ-เมินท์	0	M AE N AH JH M AH N T
manager	ˈmæn.ə.dʒɚ	แมน-เนอะ-เจอร์	0	M AE N AH JH ER
mandate	ˈmænˌdeɪt	แมน-เดท	0	M AE N D EY T
mandatory	ˈmæn.dəˌtɔː.ri	แมน-เดอะ-ทอ-รี	0	M AE N D AH T AO R IY
manifest	ˈmæn.əˌfest	แมน-เนอะ-เฟ็สท์	0	M AE N AH F EH S T
manipulate	məˈnɪp.jəˌleɪt	เมอะ-นิป-เยอะ-เลท	1	M AH N IH P Y AH L EY T
manipulation	məˌnɪp.jəˈleɪ.ʃən	เมอะ-นิป-เยอะ-เล-เชิน	3	M AH N IH P Y AH L EY SH AH N
manner	ˈmæn.ɚ	แมน-เนอร์	0	M AE N ER
manufacture	ˌmæn.jəˈfæk.tʃɚ	แมน-เยอะ-แฟค-เชอร์	2	M AE N Y AH F AE K CH ER
manufacturer	ˌmæn.jəˈfæk.tʃɚ.ɚ	แมน-เยอะ-แฟค-เชอร์-เออร์	2	M AE N Y AH F AE K CH ER ER
manufacturing	ˌmæn.jəˈfæk.tʃɚ.ɪŋ	แมน-เยอะ-แฟค-เชอร์-อิง	2	M AE N Y AH F AE K CH ER IH NG
manuscript	ˈmæn.jəˌskrɪpt	แมน-เยอะ-สกริปท์	0	M AE N Y AH S K R IH P T
many	ˈmen.i	เม็น-นี	0	M EH N IY
map	mæp	แมป	0	M AE P
march	mɑːrtʃ	มาร์ช์	0	M AA R CH
margin	ˈmɑːr.dʒən	มาร์-เจิน	0	M AA R JH AH N
marine	mɚˈiːn	เมอร์-อีน	1	M ER IY N
mark	mɑːrk	มาร์ค์	0	M AA R K
marker	ˈmɑːr.kɚ	มาร์-เคอร์	0	M AA R K ER
market	ˈmɑːr.kət	มาร์-เคิท	0	M AA R K AH T
marketing	ˈmɑːr.kə.tɪŋ	มาร์-เคอะ-ทิง	0	M AA R K AH T IH NG
marriage	ˈmer.ɪdʒ	เม-ริจ	0	M EH R IH JH
married	ˈmer.id	เม-รีด	0	M EH R IY D
marry	ˈmer.i	เม-รี	0	M EH R IY
martial	ˈmɑːr.ʃəl	มาร์-เชิล	0	M AA R SH AH L
marvellous	ˈmɑːr.və.ləs	มาร์-เวอะ-เลิส	0	M AA R V AH L AH S
mask	mæsk	แมสค์	0	M AE S K
mass	mæs	แมส	0	M AE S
massacre	ˈmæs.ə.kɚ	แมส-เซอะ-เคอร์	0	M AE S AH K ER
massive	ˈmæs.ɪv	แมส-ซิฟ	0	M AE S IH V
master	ˈmæs.tɚ	แมส-เทอร์	0	M AE S T ER
match	mætʃ	แมช	0	M AE CH
matching	ˈmætʃ.ɪŋ	แมช-ชิง	0	M AE CH IH NG
material	məˈtɪr.i.əl	เมอะ-ทิ-รี-เอิล	1	M AH T IH R IY AH L
maternal	məˈtɝː.nəl	เมอะ-เทอร์-เนิล	1	M AH T ER N AH L
mathematical	ˌmæθ.əˈmæt.ɪ.kəl	แมธ-เธอะ-แมท-ทิ-เคิล	2	M AE TH AH M AE T IH K AH L
mathematics	ˌmæθ.əˈmæt.ɪks	แมธ-เธอะ-แมท-ทิคส์	2	M AE TH AH M AE T IH K S
maths	mæθs	แมธส์	0	M AE TH S
matter	ˈmæt.ɚ	แมท-เทอร์	0	M AE T ER
mature	məˈtʃʊr	เมอะ-ชัวร์	1	M AH CH UH R
maximize	ˈmæk.səˌmaɪz	แมค-เซอะ-ไมซ์	0	M AE K S AH M AY Z
maximum	ˈmæk.sə.məm	แมค-เซอะ-เมิม	0	M AE K S AH M AH M
may	meɪ	เม	0	M EY
maybe	ˈmeɪ.bi	เม-บี	0	M EY B IY
mayor	ˈmeɪ.ɚ	เม-เออร์	0	M EY ER
me	miː	มี	0	M IY
meal	miːl	มีล	0	M IY L
mean	miːn	มีน	0	M IY N
meaning	ˈmiː.nɪŋ	มี-นิง	0	M IY N IH NG
meaningful	ˈmiː.nɪŋ.fəl	มี-นิง-เฟิล	0	M IY N IH NG F AH L
means	miːnz	มีนซ์	0	M IY N Z
meantime	ˈmiːnˌtaɪm	มีน-ไทม์	0	M IY N T AY M
meanwhile	ˈmiːnˌwaɪl	มีน-ไวล์	0	M IY N W AY L
measure	ˈmeʒ.ɚ	เม็ช-เชอร์	0	M EH ZH ER
measurement	ˈmeʒ.ɚ.mənt	เม็ช-เชอร์-เมินท์	0	M EH ZH ER M AH N T
meat	miːt	มีท	0	M IY T
mechanic	məˈkæn.ɪk	เมอะ-แคน-นิค	1	M AH K AE N IH K
mechanical	məˈkæn.ɪ.kəl	เมอะ-แคน-นิ-เคิล	1	M AH K AE N IH K AH L
mechanism	ˈmek.əˌnɪz.əm	เม็ค-เคอะ-นิซ-เซิม	0	M EH K AH N IH Z AH M
medal	ˈmed.əl	เม็ด-เดิล	0	M EH D AH L
media	ˈmiː.di.ə	มี-ดี-อะ	0	M IY D IY AH
mediate	ˈmiː.diˌeɪt	มี-ดี-เอท	0	M IY D IY EY T
medical	ˈmed.ə.kəl	เม็ด-เดอะ-เคิล	0	M EH D AH K AH L
medication	ˌmed.əˈkeɪ.ʃən	เม็ด-เดอะ-เค-เชิน	2	M EH D AH K EY SH AH N
medicine	ˈmed.ə.sən	เม็ด-เดอะ-เซิน	0	M EH D AH S AH N
medieval	mɪˈdiː.vəl	มิ-ดี-เวิล	1	M IH D IY V AH L
meditation	ˌmed.əˈteɪ.ʃən	เม็ด-เดอะ-เท-เชิน	2	M EH D AH T EY SH AH N
medium	ˈmiː.di.əm	มี-ดี-เอิม	0	M IY D IY AH M
meet	miːt	มีท	0	M IY T
meeting	ˈmiː.tɪŋ	มี-ทิง	0	M IY T IH NG
melt	melt	เม็ลท์	0	M EH L T
member	ˈmem.bɚ	เม็ม-เบอร์	0	M EH M B ER
memo	ˈmemˌoʊ	เม็ม-โม	0	M EH M OW
memoir	ˈmemˌwɑːr	เม็ม-วาร์	0	M EH M W AA R
memorable	ˈmem.ɚ.ə.bəl	เม็ม-เมอร์-อะ-เบิล	0	M EH M ER AH B AH L
memorial	məˈmɔː.ri.əl	เมอะ-มอ-รี-เอิล	1	M AH M AO R IY AH L
memory	ˈmem.ɚ.i	เม็ม-เมอร์-อี	0	M EH M ER IY
mental	ˈmen.təl	เม็น-เทิล	0	M EH N T AH L
mentally	ˈmen.tə.li	เม็น-เทอะ-ลี	0	M EH N T AH L IY
mention	ˈmen.ʃən	เม็น-เชิน	0	M EH N SH AH N
mentor	ˈmenˌtɔːr	เม็น-ทอร์	0	M EH N T AO R
menu	ˈmen.ju	เม็น-ยู	0	M EH N Y UW
merchant	ˈmɝː.tʃənt	เมอร์-เชินท์	0	M ER CH AH N T
mercy	ˈmɝː.si	เมอร์-ซี	0	M ER S IY
mere	mɪr	เมียร์	0	M IH R
merely	ˈmɪr.li	เมียร์-ลี	0	M IH R L IY
merge	mɝːdʒ	เมิร์จ	0	M ER JH
merger	ˈmɝː.dʒɚ	เมอร์-เจอร์	0	M ER JH ER
merit	ˈmer.ət	เม-เริท	0	M EH R AH T
mess	mes	เม็ส	0	M EH S
message	ˈmes.ədʒ	เม็ส-เซิจ	0	M EH S AH JH
met	met	เม็ท	0	M EH T
metal	ˈmet.əl	เม็ท-เทิล	0	M EH T AH L
metaphor	ˈmet.ə.fɔːr	เม็ท-เทอะ-ฟอร์	0	M EH T AH F AO R
method	ˈmeθ.əd	เม็ธ-เธิด	0	M EH TH AH D
methodology	ˌmeθ.əˈdɑː.lə.dʒi	เม็ธ-เธอะ-ดา-เลอะ-จี	2	M EH TH AH D AA L AH JH IY
meticulous	məˈtɪk.jə.ləs	เมอะ-ทิค-เยอะ-เลิส	1	M AH T IH K Y AH L AH S
metre	ˈmiː.tɚ	มี-เทอร์	0	M IY T ER
middle	ˈmɪd.əl	มิด-เดิล	0	M IH D AH L
midnight	ˈmɪdˌnaɪt	มิด-ไนท์	0	M IH D N AY T
midst	mɪdst	มิดส์ท์	0	M IH D S T
might	maɪt	ไมท์	0	M AY T
migration	maɪˈɡreɪ.ʃən	ไม-เกร-เชิน	1	M AY G R EY SH AH N
mild	maɪld	ไมล์ด์	0	M AY L D
mile	maɪl	ไมล์	0	M AY L
militant	ˈmɪl.ə.tənt	มิล-เลอะ-เทินท์	0	M IH L AH T AH N T
military	ˈmɪl.əˌter.i	มิล-เลอะ-เท-รี	0	M IH L AH T EH R IY
milk	mɪlk	มิลค์	0	M IH L K
mill	mɪl	มิล	0	M IH L
million	ˈmɪl.jən	มิล-เยิน	0	M IH L Y AH N
mind	maɪnd	ไมน์ด์	0	M AY N D
mine	maɪn	ไมน์	0	M AY N
mineral	ˈmɪn.ɚ.əl	มิน-เนอร์-เอิล	0	M IH N ER AH L
minimal	ˈmɪn.ə.məl	มิน-เนอะ-เมิล	0	M IH N AH M AH L
minimize	ˈmɪn.əˌmaɪz	มิน-เนอะ-ไมซ์	0	M IH N AH M AY Z
minimum	ˈmɪn.ə.məm	มิน-เนอะ-เมิม	0	M IH N AH M AH M
mining	ˈmaɪ.nɪŋ	ไม-นิง	0	M AY N IH NG
minister	ˈmɪn.ə.stɚ	มิน-เนอะ-สเตอร์	0	M IH N AH S T ER
ministry	ˈmɪn.ə.stri	มิน-เนอะ-สตรี	0	M IH N AH S T R IY
minor	ˈmaɪ.nɚ	ไม-เนอร์	0	M AY N ER
minority	maɪˈnɔː.rə.ti	ไม-นอ-เรอะ-ที	1	M AY N AO R AH T IY
minute	ˈmɪn.ət	มิน-เนิท	0	M IH N AH T
minutes	ˈmɪn.əts	มิน-เนิทส์	0	M IH N AH T S
miracle	ˈmɪr.ə.kəl	มิ-เรอะ-เคิล	0	M IH R AH K AH L
mirror	ˈmɪr.ɚ	มิ-เรอร์	0	M IH R ER
misery	ˈmɪz.ɚ.i	มิซ-เซอร์-อี	0	M IH Z ER IY
misleading	mɪˈsliː.dɪŋ	มิ-สลี-ดิง	1	M IH S L IY D IH NG
misled	mɪˈsled	มิ-สเล็ด	1	M IH S L EH D
miss	mɪs	มิส	0	M IH S
missile	ˈmɪs.əl	มิส-เซิล	0	M IH S AH L
missing	ˈmɪs.ɪŋ	มิส-ซิง	0	M IH S IH NG
mission	ˈmɪʃ.ən	มิช-เชิน	0	M IH SH AH N
mistake	mɪˈsteɪk	มิ-สเตค	1	M IH S T EY K
mix	mɪks	มิคส์	0	M IH K S
mixed	mɪkst	มิคส์ท์	0	M IH K S T
mixture	ˈmɪks.tʃɚ	มิคส์-เชอร์	0	M IH K S CH ER
mobile	ˈmoʊ.bəl	โม-เบิล	0	M OW B AH L
mobility	moʊˈbɪl.ə.ti	โม-บิล-เลอะ-ที	1	M OW B IH L AH T IY
mobilize	ˈmoʊ.bəˌlaɪz	โม-เบอะ-ไลซ์	0	M OW B AH L AY Z
mode	moʊd	โมด	0	M OW D
model	ˈmɑː.dəl	มา-เดิล	0	M AA D AH L
moderate	ˈmɑː.dɚ.ət	มา-เดอร์-เอิท	0	M AA D ER AH T
modern	ˈmɑː.dɚn	มา-เดิร์น	0	M AA D ER N
modest	ˈmɑː.dəst	มา-เดิสท์	0	M AA D AH S T
modify	ˈmɑː.dəˌfaɪ	มา-เดอะ-ไฟ	0	M AA D AH F AY
molecule	ˈmɑː.ləˌkjuːl	มา-เลอะ-คิวล์	0	M AA L AH K Y UW L
moment	ˈmoʊ.mənt	โม-เมินท์	0	M OW M AH N T
momentum	moʊˈmen.təm	โม-เม็น-เทิม	1	M OW M EH N T AH M
monday	ˈmʌn.di	มัน-ดี	0	M AH N D IY
money	ˈmʌn.i	มัน-นี	0	M AH N IY
monitor	ˈmɑː.nə.tɚ	มา-เนอะ-เทอร์	0	M AA N AH T ER
monitoring	ˈmɑː.nə.tɚ.ɪŋ	มา-เนอะ-เทอร์-อิง	0	M AA N AH T ER IH NG
monkey	ˈmʌŋ.ki	มัง-คี	0	M AH NG K IY
monopoly	məˈnɑː.pə.li	เมอะ-นา-เพอะ-ลี	1	M AH N AA P AH L IY
monster	ˈmɑːn.stɚ	มาน-สเตอร์	0	M AA N S T ER
month	mʌnθ	มันธ์	0	M AH N TH
monthly	ˈmʌnθ.li	มันธ์-ลี	0	M AH N TH L IY
months	mʌnθs	มันธ์ส์	0	M AH N TH S
monument	ˈmɑː.nju.mənt	มา-นิว-เมินท์	0	M AA N Y UW M AH N T
mood	muːd	มูด	0	M UW D
moon	muːn	มูน	0	M UW N
moral	ˈmɔː.rəl	มอ-เริล	0	M AO R AH L
morality	mɚˈæl.ə.ti	เมอร์-แอล-เลอะ-ที	1	M ER AE L AH T IY
more	mɔːr	มอร์	0	M AO R
moreover	mɔːˈroʊ.vɚ	มอ-โร-เวอร์	1	M AO R OW V ER
morning	ˈmɔːr.nɪŋ	มอร์-นิง	0	M AO R N IH NG
mortgage	ˈmɔːr.ɡədʒ	มอร์-เกิจ	0	M AO R G AH JH
mosque	mɑːsk	มาสค์	0	M AA S K
most	moʊst	โมสท์	0	M OW S T
mostly	ˈmoʊst.li	โมสท์-ลี	0	M OW S T L IY
mother	ˈmʌð.ɚ	มัธ-เธอร์	0	M AH DH ER
motion	ˈmoʊ.ʃən	โม-เชิน	0	M OW SH AH N
motivate	ˈmoʊ.təˌveɪt	โม-เทอะ-เวท	0	M OW T AH V EY T
motivation	ˌmoʊ.təˈveɪ.ʃən	โม-เทอะ-เว-เชิน	2	M OW T AH V EY SH AH N
motive	ˈmoʊ.tɪv	โม-ทิฟ	0	M OW T IH V
motor	ˈmoʊ.tɚ	โม-เทอร์	0	M OW T ER
motorcycle	ˈmoʊ.tɚˌsaɪ.kəl	โม-เทอร์-ไซ-เคิล	0	M OW T ER S AY K AH L
mount	maʊnt	เมาน์ท์	0	M AW N T
mountain	ˈmaʊn.tən	เมาน์-เทิน	0	M AW N T AH N
mouse	maʊs	เมาส์	0	M AW S
mouth	maʊθ	เมาธ์	0	M AW TH
move	muːv	มูฟ	0	M UW V
movement	ˈmuːv.mənt	มูฟ-เมินท์	0	M UW V M AH N T
movie	ˈmuː.vi	มู-วี	0	M UW V IY
much	mʌtʃ	มัช	0	M AH CH
mud	mʌd	มัด	0	M AH D
multiple	ˈmʌl.tə.pəl	มัล-เทอะ-เพิล	0	M AH L T AH P AH L
multiply	ˈmʌl.təˌplaɪ	มัล-เทอะ-ไพล	0	M AH L T AH P L AY
mum	mʌm	มัม	0	M AH M
municipal	mjuˈnɪs.ə.pəl	มิว-นิส-เซอะ-เพิล	1	M Y UW N IH S AH P AH L
murder	ˈmɝː.dɚ	เมอร์-เดอร์	0	M ER D ER
muscle	ˈmʌs.əl	มัส-เซิล	0	M AH S AH L
museum	mjuˈziː.əm	มิว-ซี-เอิม	1	M Y UW Z IY AH M
music	ˈmjuː.zɪk	มิว-ซิค	0	M Y UW Z IH K
musical	ˈmjuː.zɪ.kəl	มิว-ซิ-เคิล	0	M Y UW Z IH K AH L
musician	mjuˈzɪʃ.ən	มิว-ซิช-เชิน	1	M Y UW Z IH SH AH N
must	mʌst	มัสท์	0	M AH S T
mutual	ˈmjuː.tʃu.əl	มิว-ชู-เอิล	0	M Y UW CH UW AH L
my	maɪ	ไม	0	M AY
myself	ˌmaɪˈself	ไม-เซ็ลฟ์	1	M AY S EH L F
mysterious	mɪˈstɪr.i.əs	มิ-สติ-รี-เอิส	1	M IH S T IH R IY AH S
mystery	ˈmɪs.tɚ.i	มิส-เทอร์-อี	0	M IH S T ER IY
myth	mɪθ	มิธ	0	M IH TH
nail	neɪl	เนล	0	N EY L
naked	ˈneɪ.kəd	เน-เคิด	0	N EY K AH D
name	neɪm	เนม	0	N EY M
namely	ˈneɪm.li	เนม-ลี	0	N EY M L IY
narrative	ˈnær.ə.tɪv	แน-เรอะ-ทิฟ	0	N AE R AH T IH V
narrow	ˈner.oʊ	เน-โร	0	N EH R OW
nation	ˈneɪ.ʃən	เน-เชิน	0	N EY SH AH N
national	ˈnæʃ.ə.nəl	แนช-เชอะ-เนิล	0	N AE SH AH N AH L
native	ˈneɪ.tɪv	เน-ทิฟ	0	N EY T IH V
natural	ˈnætʃ.ɚ.əl	แนช-เชอร์-เอิล	0	N AE CH ER AH L
naturally	ˈnætʃ.ɚ.ə.li	แนช-เชอร์-อะ-ลี	0	N AE CH ER AH L IY
nature	ˈneɪ.tʃɚ	เน-เชอร์	0	N EY CH ER
naval	ˈneɪ.vəl	เน-เวิล	0	N EY V AH L
navigation	ˈnæv.əˈɡeɪ.ʃən	แนฟ-เวอะ-เก-เชิน	0	N AE V AH G EY SH AH N
navy	ˈneɪ.vi	เน-วี	0	N EY V IY
near	nɪr	เนียร์	0	N IH R
nearly	ˈnɪr.li	เนียร์-ลี	0	N IH R L IY
neat	niːt	นีท	0	N IY T
necessarily	ˌnes.əˈser.ə.li	เน็ส-เซอะ-เซ-เรอะ-ลี	2	N EH S AH S EH R AH L IY
necessary	ˈnes.əˌser.i	เน็ส-เซอะ-เซ-รี	0	N EH S AH S EH R IY
necessity	nəˈses.ə.ti	เนอะ-เซ็ส-เซอะ-ที	1	N AH S EH S AH T IY
neck	nek	เน็ค	0	N EH K
need	niːd	นีด	0	N IY D
needing	ˈniː.dɪŋ	นี-ดิง	0	N IY D IH NG
needle	ˈniː.dəl	นี-เดิล	0	N IY D AH L
negative	ˈneɡ.ə.tɪv	เน็ก-เกอะ-ทิฟ	0	N EH G AH T IH V
neglect	nəˈɡlekt	เนอะ-เกล็คท์	1	N AH G L EH K T
negotiate	nəˈɡoʊ.ʃiˌeɪt	เนอะ-โก-ชี-เอท	1	N AH G OW SH IY EY T
negotiating	nɪˈɡoʊ.ʃiˌeɪ.tɪŋ	นิ-โก-ชี-เอ-ทิง	1	N IH G OW SH IY EY T IH NG
negotiation	nɪˌɡoʊ.ʃiˈeɪ.ʃən	นิ-โก-ชี-เอ-เชิน	3	N IH G OW SH IY EY SH AH N
negotiations	nəˌɡoʊ.ʃiˈeɪ.ʃənz	เนอะ-โก-ชี-เอ-เชินซ์	3	N AH G OW SH IY EY SH AH N Z
neighbour	ˈneɪ.bɚ	เน-เบอร์	0	N EY B ER
neighbourhood	ˈneɪ.bɚˌhʊd	เน-เบอร์-ฮุด	0	N EY B ER HH UH D
neighbouring	ˈneɪ.bɚ.ɪŋ	เน-เบอร์-อิง	0	N EY B ER IH NG
neither	ˈniː.ðɚ	นี-เธอร์	0	N IY DH ER
nerve	nɝːv	เนิร์ฟ	0	N ER V
nervous	ˈnɝː.vəs	เนอร์-เวิส	0	N ER V AH S
net	net	เน็ท	0	N EH T
network	ˈnetˌwɝːk	เน็ท-เวิร์ค	0	N EH T W ER K
neutral	ˈnuː.trəl	นู-เทริล	0	N UW T R AH L
never	ˈnev.ɚ	เน็ฟ-เวอร์	0	N EH V ER
nevertheless	ˌnev.ɚ.ðəˈles	เน็ฟ-เวอร์-เธอะ-เล็ส	3	N EH V ER DH AH L EH S
new	nuː	นู	0	N UW
newly	ˈnuː.li	นู-ลี	0	N UW L IY
news	nuːz	นูซ	0	N UW Z
newsletter	ˈnuːzˌlet.ɚ	นูซ-เล็ท-เทอร์	0	N UW Z L EH T ER
newspaper	ˈnuːzˌpeɪ.pɚ	นูซ-เพ-เพอร์	0	N UW Z P EY P ER
next	nekst	เน็คส์ท์	0	N EH K S T
nice	naɪs	ไนส์	0	N AY S
niche	nɪtʃ	นิช	0	N IH CH
night	naɪt	ไนท์	0	N AY T
nightmare	ˈnaɪtˌmer	ไนท์-แมร์	0	N AY T M EH R
nine	naɪn	ไนน์	0	N AY N
nineteen	ˈnaɪnˈtiːn	ไนน์-ทีน	0	N AY N T IY N
ninety	ˈnaɪn.ti	ไนน์-ที	0	N AY N T IY
no	noʊ	โน	0	N OW
noble	ˈnoʊ.bəl	โน-เบิล	0	N OW B AH L
nobody	ˈnoʊˌbɑː.di	โน-บา-ดี	0	N OW B AA D IY
nod	nɑːd	นาด	0	N AA D
noise	nɔɪz	นอยซ์	0	N OY Z
noisy	ˈnɔɪ.zi	นอย-ซี	0	N OY Z IY
nominate	ˈnɑː.mə.nət	นา-เมอะ-เนิท	0	N AA M AH N AH T
nomination	ˌnɑː.məˈneɪ.ʃən	นา-เมอะ-เน-เชิน	2	N AA M AH N EY SH AH N
nominee	ˌnɑː.məˈniː	นา-เมอะ-นี	2	N AA M AH N IY
none	nʌn	นัน	0	N AH N
nonetheless	ˌnʌn.ðəˈles	นัน-เธอะ-เล็ส	2	N AH N DH AH L EH S
nor	nɔːr	นอร์	0	N AO R
norm	nɔːrm	นอร์ม์	0	N AO R M
normal	ˈnɔːr.məl	นอร์-เมิล	0	N AO R M AH L
normally	ˈnɔːr.mə.li	นอร์-เมอะ-ลี	0	N AO R M AH L IY
north	nɔːrθ	นอร์ธ์	0	N AO R TH
northern	ˈnɔːr.ðɚn	นอร์-เธิร์น	0	N AO R DH ER N
nose	noʊz	โนซ	0	N OW Z
not	nɑːt	นาท	0	N AA T
notable	ˈnoʊ.tə.bəl	โน-เทอะ-เบิล	0	N OW T AH B AH L
notably	ˈnoʊ.tə.bli	โน-เทอะ-บลี	0	N OW T AH B L IY
note	noʊt	โนท	0	N OW T
notebook	ˈnoʊtˌbʊk	โนท-บุค	0	N OW T B UH K
nothing	ˈnʌθ.ɪŋ	นัธ-ธิง	0	N AH TH IH NG
notice	ˈnoʊ.təs	โน-เทิส	0	N OW T AH S
notify	ˈnoʊ.təˌfaɪ	โน-เทอะ-ไฟ	0	N OW T AH F AY
notion	ˈnoʊ.ʃən	โน-เชิน	0	N OW SH AH N
notorious	noʊˈtɔː.ri.əs	โน-ทอ-รี-เอิส	1	N OW T AO R IY AH S
novel	ˈnɑː.vəl	นา-เวิล	0	N AA V AH L
novelist	ˈnɑː.və.ləst	นา-เวอะ-เลิสท์	0	N AA V AH L AH S T
november	noʊˈvem.bɚ	โน-เว็ม-เบอร์	1	N OW V EH M B ER
now	naʊ	เนา	0	N AW
nowhere	ˈnoʊˌwer	โน-แวร์	0	N OW W EH R
nuclear	ˈnuː.kli.ɚ	นู-คลี-เออร์	0	N UW K L IY ER
number	ˈnʌm.bɚ	นัม-เบอร์	0	N AH M B ER
numerous	ˈnuː.mɚ.əs	นู-เมอร์-เอิส	0	N UW M ER AH S
nurse	nɝːs	เนิร์ส	0	N ER S
nursery	ˈnɝː.sɚ.i	เนอร์-เซอร์-อี	0	N ER S ER IY
nursing	ˈnɝː.sɪŋ	เนอร์-ซิง	0	N ER S IH NG
nut	nʌt	นัท	0	N AH T
nutrition	nuˈtrɪʃ.ən	นู-ทริช-เชิน	1	N UW T R IH SH AH N
o'clock	əˈklɑːk	อะ-คลาค	1	AH K L AA K
obesity	oʊˈbiː.sə.ti	โอ-บี-เซอะ-ที	1	OW B IY S AH T IY
obey	oʊˈbeɪ	โอ-เบ	1	OW B EY
object	ˈɑːb.dʒekt	อาบ-เจ็คท์	0	AA B JH EH K T
objection	əbˈdʒek.ʃən	เอิบ-เจ็ค-เชิน	1	AH B JH EH K SH AH N
objective	əbˈdʒek.tɪv	เอิบ-เจ็ค-ทิฟ	1	AH B JH EH K T IH V
obligation	ˌɑː.bləˈɡeɪ.ʃən	อา-เบลอะ-เก-เชิน	2	AA B L AH G EY SH AH N
oblige	əˈblaɪdʒ	อะ-ไบลจ์	1	AH B L AY JH
obscure	əbˈskjʊr	เอิบ-สกัวร์	1	AH B S K Y UH R
observation	ˌɑːb.zɚˈveɪ.ʃən	อาบ-เซอร์-เว-เชิน	2	AA B Z ER V EY SH AH N
observe	əbˈzɝːv	เอิบ-เซิร์ฟ	1	AH B Z ER V
observer	əbˈzɝː.vɚ	เอิบ-เซอร์-เวอร์	1	AH B Z ER V ER
obsess	əbˈses	เอิบ-เซ็ส	1	AH B S EH S
obsession	əbˈseʃ.ən	เอิบ-เซ็ช-เชิน	1	AH B S EH SH AH N
obsolete	ˈɑːb.səˌliːt	อาบ-เซอะ-ลีท	0	AA B S AH L IY T
obstacle	ˈɑːb.stə.kəl	อาบ-สเตอะ-เคิล	0	AA B S T AH K AH L
obtain	əbˈteɪn	เอิบ-เทน	1	AH B T EY N
obvious	ˈɑːb.vi.əs	อาบ-วี-เอิส	0	AA B V IY AH S
obviously	ˈɑːb.vi.ə.sli	อาบ-วี-อะ-สลี	0	AA B V IY AH S L IY
occasion	əˈkeɪ.ʒən	อะ-เค-เชิน	1	AH K EY ZH AH N
occasionally	əˈkeɪ.ʒə.nə.li	อะ-เค-เชอะ-เนอะ-ลี	1	AH K EY ZH AH N AH L IY
occupation	ˌɑː.kjəˈpeɪ.ʃən	อา-เคอะ-เพ-เชิน	2	AA K Y AH P EY SH AH N
occupy	ˈɑː.kjəˌpaɪ	อา-เคอะ-ไพ	0	AA K Y AH P AY
occur	əˈkɝː	อะ-เคอร์	1	AH K ER
occurrence	əˈkɝː.əns	อะ-เคอร์-เอินส์	1	AH K ER AH N S
ocean	ˈoʊ.ʃən	โอ-เชิน	0	OW SH AH N
october	ɑːkˈtoʊ.bɚ	อาค-โท-เบอร์	1	AA K T OW B ER
odd	ɑːd	อาด	0	AA D
odds	ɑːdz	อาดซ์	0	AA D Z
of	ʌv	อัฟ	0	AH V
off	ɔːf	ออฟ	0	AO F
offence	əˈfens	อะ-เฟ็นส์	1	AH F EH N S
offend	əˈfend	อะ-เฟ็นด์	1	AH F EH N D
offender	əˈfen.dɚ	อะ-เฟ็น-เดอร์	1	AH F EH N D ER
offensive	əˈfen.sɪv	อะ-เฟ็น-ซิฟ	1	AH F EH N S IH V
offer	ˈɔː.fɚ	ออ-เฟอร์	0	AO F ER
offering	ˈɔː.fɚ.ɪŋ	ออ-เฟอร์-อิง	0	AO F ER IH NG
office	ˈɔː.fɪs	ออ-ฟิส	0	AO F IH S
officer	ˈɔː.fə.sɚ	ออ-เฟอะ-เซอร์	0	AO F AH S ER
official	əˈfɪʃ.əl	อะ-ฟิช-เชิล	1	AH F IH SH AH L
offspring	ˈɔːfˌsprɪŋ	ออฟ-สปริง	0	AO F S P R IH NG
often	ˈɔː.fən	ออ-เฟิน	0	AO F AH N
oh	oʊ	โอ	0	OW
oil	ɔɪl	ออยล์	0	OY L
ok	ˈoʊˈkeɪ	โอ-เค	0	OW K EY
old	oʊld	โอลด์	0	OW L D
on	ɑːn	อาน	0	AA N
once	wʌns	วันส์	0	W AH N S
one	wʌn	วัน	0	W AH N
ongoing	ˈɑːnˌɡoʊ.ɪŋ	อาน-โก-อิง	0	AA N G OW IH NG
onion	ˈʌn.jən	อัน-เยิน	0	AH N Y AH N
online	ˈɔːnˌlaɪn	ออน-ไลน์	0	AO N L AY N
only	ˈoʊn.li	โอน-ลี	0	OW N L IY
onto	ˈɑːn.tu	อาน-ทู	0	AA N T UW
open	ˈoʊ.pən	โอ-เพิน	0	OW P AH N
opened	ˈoʊ.pənd	โอ-เพินด์	0	OW P AH N D
opening	ˈoʊ.pə.nɪŋ	โอ-เพอะ-นิง	0	OW P AH N IH NG
openly	ˈoʊ.pən.li	โอ-เพิน-ลี	0	OW P AH N L IY
opens	ˈoʊ.pənz	โอ-เพินซ์	0	OW P AH N Z
opera	ˈɑː.prə	อา-เพรอะ	0	AA P R AH
operate	ˈɑː.pɚˌeɪt	อา-เพอร์-เอท	0	AA P ER EY T
operating	ˈɑː.pɚˌeɪ.tɪŋ	อา-เพอร์-เอ-ทิง	0	AA P ER EY T IH NG
operation	ˌɑː.pɚˈeɪ.ʃən	อา-เพอร์-เอ-เชิน	2	AA P ER EY SH AH N
operational	ˌɑː.pɚˈeɪ.ʃə.nəl	อา-เพอร์-เอ-เชอะ-เนิล	2	AA P ER EY SH AH N AH L
operator	ˈɑː.pɚˌeɪ.tɚ	อา-เพอร์-เอ-เทอร์	0	AA P ER EY T ER
opinion	əˈpɪn.jən	อะ-พิน-เยิน	1	AH P IH N Y AH N
opponent	əˈpoʊ.nənt	อะ-โพ-เนินท์	1	AH P OW N AH N T
opportunity	ˌɑː.pɚˈtuː.nə.ti	อา-เพอร์-ทู-เนอะ-ที	2	AA P ER T UW N AH T IY
oppose	əˈpoʊz	อะ-โพซ	1	AH P OW Z
opposed	əˈpoʊzd	อะ-โพซด์	1	AH P OW Z D
opposite	ˈɑː.pə.zət	อา-เพอะ-เซิท	0	AA P AH Z AH T
opposition	ˌɑː.pəˈzɪʃ.ən	อา-เพอะ-ซิช-เชิน	2	AA P AH Z IH SH AH N
opt	ɑːpt	อาปท์	0	AA P T
optical	ˈɑːp.tɪ.kəl	อาป-ทิ-เคิล	0	AA P T IH K AH L
optimism	ˈɑːp.təˌmɪz.əm	อาป-เทอะ-มิซ-เซิม	0	AA P T AH M IH Z AH M
optimistic	ˌɑːp.təˈmɪs.tɪk	อาป-เทอะ-มิส-ทิค	2	AA P T AH M IH S T IH K
option	ˈɑːp.ʃən	อาป-เชิน	0	AA P SH AH N
optional	ˈɑːp.ʃə.nəl	อาป-เชอะ-เนิล	0	AA P SH AH N AH L
or	ɔːr	ออร์	0	AO R
oral	ˈɔː.rəl	ออ-เริล	0	AO R AH L
orange	ˈɔː.rəndʒ	ออ-เรินจ์	0	AO R AH N JH
orbit	ˈɔːr.bət	ออร์-เบิท	0	AO R B AH T
orchestra	ˈɔːr.kə.strə	ออร์-เคอะ-สเตรอะ	0	AO R K AH S T R AH
order	ˈɔːr.dɚ	ออร์-เดอร์	0	AO R D ER
ordinary	ˈɔːr.dəˌner.i	ออร์-เดอะ-เน-รี	0	AO R D AH N EH R IY
organ	ˈɔːr.ɡən	ออร์-เกิน	0	AO R G AH N
organic	ɔːrˈɡæn.ɪk	ออร์-แกน-นิค	1	AO R G AE N IH K
organisation	ˌɔːr.ɡə.nɪˈzeɪ.ʃən	ออร์-เกอะ-นิ-เซ-เชิน	3	AO R G AH N IH Z EY SH AH N
organization	ˌɔːr.ɡə.nəˈzeɪ.ʃən	ออร์-เกอะ-เนอะ-เซ-เชิน	3	AO R G AH N AH Z EY SH AH N
organize	ˈɔːr.ɡəˌnaɪz	ออร์-เกอะ-ไนซ์	0	AO R G AH N AY Z
organized	ˈɔːr.ɡəˌnaɪzd	ออร์-เกอะ-ไนซ์ด์	0	AO R G AH N AY Z D
organizer	ˈɔːr.ɡəˌnaɪ.zɚ	ออร์-เกอะ-ไน-เซอร์	0	AO R G AH N AY Z ER
orientation	ˌɔː.ri.enˈteɪ.ʃən	ออ-รี-เอ็น-เท-เชิน	3	AO R IY EH N T EY SH AH N
oriented	ˈɔː.riˌen.təd	ออ-รี-เอ็น-เทิด	0	AO R IY EH N T AH D
origin	ˈɔː.rə.dʒən	ออ-เรอะ-เจิน	0	AO R AH JH AH N
original	ɚˈɪdʒ.ə.nəl	เออร์-อิจ-เจอะ-เนิล	1	ER IH JH AH N AH L
originally	ɚˈɪdʒ.ə.nə.li	เออร์-อิจ-เจอะ-เนอะ-ลี	1	ER IH JH AH N AH L IY
other	ˈʌð.ɚ	อัธ-เธอร์	0	AH DH ER
otherwise	ˈʌð.ɚˌwaɪz	อัธ-เธอร์-ไวซ์	0	AH DH ER W AY Z
ought	ɔːt	ออท	0	AO T
our	ˈaʊ.ɚ	เอา-เออร์	0	AW ER
ours	ˈaʊ.ɚz	เอา-เอิร์ซ	0	AW ER Z
ourselves	aʊ.ɚˈselvz	เอา-เออร์-เซ็ลฟ์ซ์	2	AW ER S EH L V Z
out	aʊt	เอาท์	0	AW T
outbreak	ˈaʊtˌbreɪk	เอาท์-เบรค	0	AW T B R EY K
outcome	ˈaʊtˌkʌm	เอาท์-คัม	0	AW T K AH M
outdoor	ˈaʊtˌdɔːr	เอาท์-ดอร์	0	AW T D AO R
outdoors	ˈaʊtˈdɔːrz	เอาท์-ดอร์ซ์	0	AW T D AO R Z
outer	ˈaʊ.tɚ	เอา-เทอร์	0	AW T ER
outfit	ˈaʊtˌfɪt	เอาท์-ฟิท	0	AW T F IH T
outlet	ˈaʊtˌlet	เอาท์-เล็ท	0	AW T L EH T
outline	ˈaʊtˌlaɪn	เอาท์-ไลน์	0	AW T L AY N
output	ˈaʊtˌpʊt	เอาท์-พุท	0	AW T P UH T
outrage	ˈaʊˌtreɪdʒ	เอา-เทรจ	0	AW T R EY JH
outside	ˈaʊtˈsaɪd	เอาท์-ไซด์	0	AW T S AY D
outsider	aʊtˈsaɪ.dɚ	เอาท์-ไซ-เดอร์	1	AW T S AY D ER
outstanding	ˌaʊtˈstæn.dɪŋ	เอาท์-สแตน-ดิง	1	AW T S T AE N D IH NG
oven	ˈʌv.ən	อัฟ-เวิน	0	AH V AH N
over	ˈoʊ.vɚ	โอ-เวอร์	0	OW V ER
overall	ˈoʊ.vɚˌɔːl	โอ-เวอร์-ออล	0	OW V ER AO L
overcome	ˈoʊ.vɚˌkʌm	โอ-เวอร์-คัม	0	OW V ER K AH M
overlook	ˈoʊ.vɚˌlʊk	โอ-เวอร์-ลุค	0	OW V ER L UH K
overnight	ˈoʊ.vɚˈnaɪt	โอ-เวอร์-ไนท์	0	OW V ER N AY T
oversee	ˈoʊ.vɚ.si	โอ-เวอร์-ซี	0	OW V ER S IY
overtaken	ˈoʊ.vɚˌteɪ.kən	โอ-เวอร์-เท-เคิน	0	OW V ER T EY K AH N
overturn	ˈoʊ.vɚˌtɝːn	โอ-เวอร์-เทิร์น	0	OW V ER T ER N
overwhelm	ˌoʊ.vɚˈwelm	โอ-เวอร์-เว็ลม์	2	OW V ER W EH L M
overwhelming	ˌoʊ.vɚˈwel.mɪŋ	โอ-เวอร์-เว็ล-มิง	2	OW V ER W EH L M IH NG
owe	oʊ	โอ	0	OW
own	oʊn	โอน	0	OW N
owner	ˈoʊ.nɚ	โอ-เนอร์	0	OW N ER
ownership	ˈoʊ.nɚˌʃɪp	โอ-เนอร์-ชิป	0	OW N ER SH IH P
oxygen	ˈɑːk.sə.dʒən	อาค-เซอะ-เจิน	0	AA K S AH JH AH N
pace	peɪs	เพส	0	P EY S
pack	pæk	แพค	0	P AE K
package	ˈpæk.ədʒ	แพค-เคิจ	0	P AE K AH JH
packet	ˈpæk.ət	แพค-เคิท	0	P AE K AH T
page	peɪdʒ	เพจ	0	P EY JH
pain	peɪn	เพน	0	P EY N
painful	ˈpeɪn.fəl	เพน-เฟิล	0	P EY N F AH L
paint	peɪnt	เพนท์	0	P EY N T
painter	ˈpeɪn.tɚ	เพน-เทอร์	0	P EY N T ER
painting	ˈpeɪn.tɪŋ	เพน-ทิง	0	P EY N T IH NG
pair	per	แพร์	0	P EH R
palace	ˈpæl.əs	แพล-เลิส	0	P AE L AH S
pale	peɪl	เพล	0	P EY L
pan	pæn	แพน	0	P AE N
panel	ˈpæn.əl	แพน-เนิล	0	P AE N AH L
pants	pænts	แพนท์ส์	0	P AE N T S
paper	ˈpeɪ.pɚ	เพ-เพอร์	0	P EY P ER
parade	pɚˈeɪd	เพอร์-เอด	1	P ER EY D
paradigm	ˈper.əˌdaɪm	เพ-เรอะ-ไดม์	0	P EH R AH D AY M
paradise	ˈper.əˌdaɪs	เพ-เรอะ-ไดส์	0	P EH R AH D AY S
paragraph	ˈpær.əˌɡræf	แพ-เรอะ-แกรฟ	0	P AE R AH G R AE F
parallel	ˈper.əˌlel	เพ-เรอะ-เล็ล	0	P EH R AH L EH L
parameter	pɚˈæm.ə.tɚ	เพอร์-แอม-เมอะ-เทอร์	1	P ER AE M AH T ER
parent	ˈper.ənt	เพ-เรินท์	0	P EH R AH N T
parental	pɚˈen.təl	เพอร์-เอ็น-เทิล	1	P ER EH N T AH L
park	pɑːrk	พาร์ค์	0	P AA R K
parking	ˈpɑːr.kɪŋ	พาร์-คิง	0	P AA R K IH NG
parliament	ˈpɑːr.lə.mənt	พาร์-เลอะ-เมินท์	0	P AA R L AH M AH N T
parliamentary	ˌpɑːr.ləˈmen.tɚ.i	พาร์-เลอะ-เม็น-เทอร์-อี	2	P AA R L AH M EH N T ER IY
part	pɑːrt	พาร์ท์	0	P AA R T
partial	ˈpɑːr.ʃəl	พาร์-เชิล	0	P AA R SH AH L
partially	ˈpɑːr.ʃə.li	พาร์-เชอะ-ลี	0	P AA R SH AH L IY
participant	pɑːrˈtɪs.ə.pənt	พาร์-ทิส-เซอะ-เพินท์	1	P AA R T IH S AH P AH N T
participate	pɑːrˈtɪs.əˌpeɪt	พาร์-ทิส-เซอะ-เพท	1	P AA R T IH S AH P EY T
participation	pɑːrˌtɪs.əˈpeɪ.ʃən	พาร์-ทิส-เซอะ-เพ-เชิน	3	P AA R T IH S AH P EY SH AH N
particle	ˈpɑːr.tə.kəl	พาร์-เทอะ-เคิล	0	P AA R T AH K AH L
particular	pɚˈtɪk.jə.lɚ	เพอร์-ทิค-เยอะ-เลอร์	1	P ER T IH K Y AH L ER
particularly	ˌpɑːrˈtɪk.jə.lɚ.li	พาร์-ทิค-เยอะ-เลอร์-ลี	1	P AA R T IH K Y AH L ER L IY
partly	ˈpɑːrt.li	พาร์ท์-ลี	0	P AA R T L IY
partner	ˈpɑːrt.nɚ	พาร์ท์-เนอร์	0	P AA R T N ER
partnership	ˈpɑːrt.nɚˌʃɪp	พาร์ท์-เนอร์-ชิป	0	P AA R T N ER SH IH P
party	ˈpɑːr.ti	พาร์-ที	0	P AA R T IY
pass	pæs	แพส	0	P AE S
passage	ˈpæs.ədʒ	แพส-เซิจ	0	P AE S AH JH
passenger	ˈpæs.ən.dʒɚ	แพส-เซิน-เจอร์	0	P AE S AH N JH ER
passengers	ˈpæs.ən.dʒɚz	แพส-เซิน-เจิร์ซ	0	P AE S AH N JH ER Z
passion	ˈpæʃ.ən	แพช-เชิน	0	P AE SH AH N
passionate	ˈpæʃ.ə.nət	แพช-เชอะ-เนิท	0	P AE SH AH N AH T
passive	ˈpæs.ɪv	แพส-ซิฟ	0	P AE S IH V
passport	ˈpæsˌpɔːrt	แพส-พอร์ท์	0	P AE S P AO R T
password	ˈpæsˌwɝːd	แพส-เวิร์ด	0	P AE S W ER D
past	pæst	แพสท์	0	P AE S T
patch	pætʃ	แพช	0	P AE CH
patent	ˈpæt.ənt	แพท-เทินท์	0	P AE T AH N T
path	pæθ	แพธ	0	P AE TH
pathway	ˈpæθˌweɪ	แพธ-เว	0	P AE TH W EY
patience	ˈpeɪ.ʃəns	เพ-เชินส์	0	P EY SH AH N S
patient	ˈpeɪ.ʃənt	เพ-เชินท์	0	P EY SH AH N T
patrol	pəˈtroʊl	เพอะ-โทรล	1	P AH T R OW L
patron	ˈpeɪ.trən	เพ-เทริน	0	P EY T R AH N
pattern	ˈpæt.ɚn	แพท-เทิร์น	0	P AE T ER N
pay	peɪ	เพ	0	P EY
payment	ˈpeɪ.mənt	เพ-เมินท์	0	P EY M AH N T
peace	piːs	พีส	0	P IY S
peaceful	ˈpiː.sfəl	พี-สเฟิล	0	P IY S F AH L
peak	piːk	พีค	0	P IY K
peasant	ˈpez.ənt	เพ็ซ-เซินท์	0	P EH Z AH N T
peculiar	pəˈkjuːl.jɚ	เพอะ-คิวล์-เยอร์	1	P AH K Y UW L Y ER
peer	pɪr	เพียร์	0	P IH R
pen	pen	เพ็น	0	P EH N
penalty	ˈpen.əl.ti	เพ็น-เนิล-ที	0	P EH N AH L T IY
pencil	ˈpen.səl	เพ็น-เซิล	0	P EH N S AH L
penny	ˈpen.i	เพ็น-นี	0	P EH N IY
pension	ˈpen.ʃən	เพ็น-เชิน	0	P EH N SH AH N
people	ˈpiː.pəl	พี-เพิล	0	P IY P AH L
pepper	ˈpep.ɚ	เพ็ป-เพอร์	0	P EH P ER
per	pɝː	เพอร์	0	P ER
perceive	pɚˈsiːv	เพอร์-ซีฟ	1	P ER S IY V
percentage	pɚˈsen.tədʒ	เพอร์-เซ็น-เทิจ	1	P ER S EH N T AH JH
perception	pɚˈsep.ʃən	เพอร์-เซ็ป-เชิน	1	P ER S EH P SH AH N
perfect	pɚˈfekt	เพอร์-เฟ็คท์	1	P ER F EH K T
perfectly	ˈpɝː.fəkt.li	เพอร์-เฟิคท์-ลี	0	P ER F AH K T L IY
perform	pɚˈfɔːrm	เพอร์-ฟอร์ม์	1	P ER F AO R M
performance	pɚˈfɔːr.məns	เพอร์-ฟอร์-เมินส์	1	P ER F AO R M AH N S
performer	pɚˈfɔːr.mɚ	เพอร์-ฟอร์-เมอร์	1	P ER F AO R M ER
perhaps	pɚˈhæps	เพอร์-แฮปส์	1	P ER HH AE P S
period	ˈpɪr.i.əd	พิ-รี-เอิด	0	P IH R IY AH D
permanent	ˈpɝː.mə.nənt	เพอร์-เมอะ-เนินท์	0	P ER M AH N AH N T
permanently	ˈpɝː.mə.nənt.li	เพอร์-เมอะ-เนินท์-ลี	0	P ER M AH N AH N T L IY
permission	pɚˈmɪʃ.ən	เพอร์-มิช-เชิน	1	P ER M IH SH AH N
permit	pɚˈmɪt	เพอร์-มิท	1	P ER M IH T
persist	pɚˈsɪst	เพอร์-ซิสท์	1	P ER S IH S T
persistent	pɚˈsɪs.tənt	เพอร์-ซิส-เทินท์	1	P ER S IH S T AH N T
person	ˈpɝː.sən	เพอร์-เซิน	0	P ER S AH N
personal	ˈpɝː.sɪ.nəl	เพอร์-ซิ-เนิล	0	P ER S IH N AH L
personality	ˌpɝː.səˈnæl.ɪ.ti	เพอร์-เซอะ-แนล-ลิ-ที	2	P ER S AH N AE L IH T IY
personally	ˈpɝː.sə.nə.li	เพอร์-เซอะ-เนอะ-ลี	0	P ER S AH N AH L IY
personnel	ˌpɝː.səˈnel	เพอร์-เซอะ-เน็ล	2	P ER S AH N EH L
perspective	pɚˈspek.tɪv	เพอร์-สเป็ค-ทิฟ	1	P ER S P EH K T IH V
persuade	pɚˈsweɪd	เพอร์-สเวด	1	P ER S W EY D
pet	pet	เพ็ท	0	P EH T
petition	pəˈtɪʃ.ən	เพอะ-ทิช-เชิน	1	P AH T IH SH AH N
petrol	ˈpet.roʊl	เพ็ท-โรล	0	P EH T R OW L
phase	feɪz	เฟซ	0	F EY Z
phenomenon	fəˈnɑː.məˌnɑːn	เฟอะ-นา-เมอะ-นาน	1	F AH N AA M AH N AA N
philosopher	fəˈlɑː.sə.fɚ	เฟอะ-ลา-เซอะ-เฟอร์	1	F AH L AA S AH F ER
philosophical	ˌfɪl.əˈsɑː.fɪ.kəl	ฟิล-เลอะ-ซา-ฟิ-เคิล	2	F IH L AH S AA F IH K AH L
philosophy	fəˈlɑː.sə.fi	เฟอะ-ลา-เซอะ-ฟี	1	F AH L AA S AH F IY
phone	foʊn	โฟน	0	F OW N
photo	ˈfoʊˌtoʊ	โฟ-โท	0	F OW T OW
photograph	ˈfoʊ.təˌɡræf	โฟ-เทอะ-แกรฟ	0	F OW T AH G R AE F
photographer	fəˈtɑː.ɡrə.fɚ	เฟอะ-ทา-เกรอะ-เฟอร์	1	F AH T AA G R AH F ER
photography	fəˈtɑː.ɡrə.fi	เฟอะ-ทา-เกรอะ-ฟี	1	F AH T AA G R AH F IY
photos	ˈfoʊˌtoʊz	โฟ-โทซ	0	F OW T OW Z
phrase	freɪz	เฟรซ	0	F R EY Z
physical	ˈfɪz.ɪ.kəl	ฟิซ-ซิ-เคิล	0	F IH Z IH K AH L
physician	fəˈzɪʃ.ən	เฟอะ-ซิช-เชิน	1	F AH Z IH SH AH N
physics	ˈfɪz.ɪks	ฟิซ-ซิคส์	0	F IH Z IH K S
piano	piˈæn.oʊ	พี-แอน-โน	1	P IY AE N OW
pick	pɪk	พิค	0	P IH K
picture	ˈpɪk.tʃɚ	พิค-เชอร์	0	P IH K CH ER
piece	piːs	พีส	0	P IY S
pig	pɪɡ	พิก	0	P IH G
pile	paɪl	ไพล์	0	P AY L
pilot	ˈpaɪ.lət	ไพ-เลิท	0	P AY L AH T
pin	pɪn	พิน	0	P IH N
pink	pɪŋk	พิงค์	0	P IH NG K
pioneer	ˌpaɪ.əˈnɪr	ไพ-อะ-เนียร์	2	P AY AH N IH R
pipe	paɪp	ไพป์	0	P AY P
pipeline	ˈpaɪˌplaɪn	ไพ-ไพลน์	0	P AY P L AY N
pit	pɪt	พิท	0	P IH T
pitch	pɪtʃ	พิช	0	P IH CH
place	pleɪs	เพลส	0	P L EY S
plain	pleɪn	เพลน	0	P L EY N
plan	plæn	แพลน	0	P L AE N
plane	pleɪn	เพลน	0	P L EY N
planet	ˈplæn.ət	แพลน-เนิท	0	P L AE N AH T
planning	ˈplæn.ɪŋ	แพลน-นิง	0	P L AE N IH NG
plant	plænt	แพลนท์	0	P L AE N T
plastic	ˈplæs.tɪk	แพลส-ทิค	0	P L AE S T IH K
plate	pleɪt	เพลท	0	P L EY T
platform	ˈplætˌfɔːrm	แพลท-ฟอร์ม์	0	P L AE T F AO R M
play	pleɪ	เพล	0	P L EY
played	pleɪd	เพลด	0	P L EY D
player	ˈpleɪ.ɚ	เพล-เออร์	0	P L EY ER
playing	ˈpleɪ.ɪŋ	เพล-อิง	0	P L EY IH NG
plea	pliː	พลี	0	P L IY
plead	pliːd	พลีด	0	P L IY D
pleasant	ˈplez.ənt	เพล็ซ-เซินท์	0	P L EH Z AH N T
please	pliːz	พลีซ	0	P L IY Z
pleased	pliːzd	พลีซด์	0	P L IY Z D
pleasure	ˈpleʒ.ɚ	เพล็ช-เชอร์	0	P L EH ZH ER
pledge	pledʒ	เพล็จ	0	P L EH JH
plenty	ˈplen.ti	เพล็น-ที	0	P L EH N T IY
plot	plɑːt	พลาท	0	P L AA T
plug	plʌɡ	พลัก	0	P L AH G
plunge	plʌndʒ	พลันจ์	0	P L AH N JH
plus	plʌs	พลัส	0	P L AH S
pocket	ˈpɑː.kət	พา-เคิท	0	P AA K AH T
poem	ˈpoʊ.əm	โพ-เอิม	0	P OW AH M
poet	ˈpoʊ.ət	โพ-เอิท	0	P OW AH T
poetry	ˈpoʊ.ə.tri	โพ-อะ-ทรี	0	P OW AH T R IY
point	pɔɪnt	พอยน์ท์	0	P OY N T
pointed	ˈpɔɪn.tɪd	พอยน์-ทิด	0	P OY N T IH D
poison	ˈpɔɪ.zən	พอย-เซิน	0	P OY Z AH N
poisonous	ˈpɔɪ.zə.nəs	พอย-เซอะ-เนิส	0	P OY Z AH N AH S
polar	ˈpoʊ.lɚ	โพ-เลอร์	0	P OW L ER
pole	poʊl	โพล	0	P OW L
police	pəˈliːs	เพอะ-ลีส	1	P AH L IY S
policeman	pəˈliː.smən	เพอะ-ลี-สเมิน	1	P AH L IY S M AH N
policing	pəˈliː.sɪŋ	เพอะ-ลี-ซิง	1	P AH L IY S IH NG
policy	ˈpɑː.lə.si	พา-เลอะ-ซี	0	P AA L AH S IY
polish	ˈpɑː.lɪʃ	พา-ลิช	0	P AA L IH SH
polite	pəˈlaɪt	เพอะ-ไลท์	1	P AH L AY T
political	pəˈlɪt.ə.kəl	เพอะ-ลิท-เทอะ-เคิล	1	P AH L IH T AH K AH L
politician	ˌpɑː.ləˈtɪʃ.ən	พา-เลอะ-ทิช-เชิน	2	P AA L AH T IH SH AH N
politics	ˈpɑː.ləˌtɪks	พา-เลอะ-ทิคส์	0	P AA L AH T IH K S
poll	poʊl	โพล	0	P OW L
pollute	pəˈluːt	เพอะ-ลูท	1	P AH L UW T
pollution	pəˈluː.ʃən	เพอะ-ลู-เชิน	1	P AH L UW SH AH N
pond	pɑːnd	พานด์	0	P AA N D
pool	puːl	พูล	0	P UW L
poor	puːr	พัวร์	0	P UW R
pop	pɑːp	พาป	0	P AA P
popular	ˈpɑː.pjə.lɚ	พา-เพอะ-เลอร์	0	P AA P Y AH L ER
popularity	ˌpɑː.pjəˈler.ə.ti	พา-เพอะ-เล-เรอะ-ที	2	P AA P Y AH L EH R AH T IY
population	ˌpɑː.pjəˈleɪ.ʃən	พา-เพอะ-เล-เชิน	2	P AA P Y AH L EY SH AH N
port	pɔːrt	พอร์ท์	0	P AO R T
portfolio	pɔːrtˈfoʊ.liˌoʊ	พอร์ท์-โฟ-ลี-โอ	1	P AO R T F OW L IY OW
portion	ˈpɔːr.ʃən	พอร์-เชิน	0	P AO R SH AH N
portrait	ˈpɔːr.trət	พอร์-เทริท	0	P AO R T R AH T
portray	pɔːrˈtreɪ	พอร์-เทร	1	P AO R T R EY
pose	poʊz	โพซ	0	P OW Z
position	pəˈzɪʃ.ən	เพอะ-ซิช-เชิน	1	P AH Z IH SH AH N
positive	ˈpɑː.zə.tɪv	พา-เซอะ-ทิฟ	0	P AA Z AH T IH V
possess	pəˈzes	เพอะ-เซ็ส	1	P AH Z EH S
possession	pəˈzeʃ.ən	เพอะ-เซ็ช-เชิน	1	P AH Z EH SH AH N
possibility	ˌpɑː.səˈbɪl.ə.ti	พา-เซอะ-บิล-เลอะ-ที	2	P AA S AH B IH L AH T IY
possible	ˈpɑː.sə.bəl	พา-เซอะ-เบิล	0	P AA S AH B AH L
possibly	ˈpɑː.sə.bli	พา-เซอะ-บลี	0	P AA S AH B L IY
post	poʊst	โพสท์	0	P OW S T
poster	ˈpoʊ.stɚ	โพ-สเตอร์	0	P OW S T ER
postpone	poʊstˈpoʊn	โพสท์-โพน	1	P OW S T P OW N
pot	pɑːt	พาท	0	P AA T
potato	pəˈteɪˌtoʊ	เพอะ-เท-โท	1	P AH T EY T OW
potential	pəˈten.ʃəl	เพอะ-เท็น-เชิล	1	P AH T EH N SH AH L
potentially	pəˈten.ʃə.li	เพอะ-เท็น-เชอะ-ลี	1	P AH T EH N SH AH L IY
pottery	ˈpɑː.tɚ.i	พา-เทอร์-อี	0	P AA T ER IY
pound	paʊnd	เพาน์ด์	0	P AW N D
pour	pɔːr	พอร์	0	P AO R
poverty	ˈpɑː.vɚ.ti	พา-เวอร์-ที	0	P AA V ER T IY
powder	ˈpaʊ.dɚ	เพา-เดอร์	0	P AW D ER
power	ˈpaʊ.ɚ	เพา-เออร์	0	P AW ER
powerful	ˈpaʊ.ɚ.fəl	เพา-เออร์-เฟิล	0	P AW ER F AH L
practical	ˈpræk.tə.kəl	แพรค-เทอะ-เคิล	0	P R AE K T AH K AH L
practice	ˈpræk.təs	แพรค-เทิส	0	P R AE K T AH S
practise	ˈpræk.tɪs	แพรค-ทิส	0	P R AE K T IH S
practitioner	prækˈtɪʃ.ə.nɚ	แพรค-ทิช-เชอะ-เนอร์	1	P R AE K T IH SH AH N ER
praise	preɪz	เพรซ	0	P R EY Z
pray	preɪ	เพร	0	P R EY
prayer	prer	แพรร์	0	P R EH R
precede	prɪˈsiːd	พริ-ซีด	1	P R IH S IY D
precious	ˈpreʃ.əs	เพร็ช-เชิส	0	P R EH SH AH S
precise	prɪˈsaɪs	พริ-ไซส์	1	P R IH S AY S
precisely	prɪˈsaɪ.sli	พริ-ไซ-สลี	1	P R IH S AY S L IY
precision	priˈsɪʒ.ən	พรี-ซิช-เชิน	1	P R IY S IH ZH AH N
predator	ˈpred.ə.tɚ	เพร็ด-เดอะ-เทอร์	0	P R EH D AH T ER
predecessor	ˈpred.əˌses.ɚ	เพร็ด-เดอะ-เซ็ส-เซอร์	0	P R EH D AH S EH S ER
predict	prɪˈdɪkt	พริ-ดิคท์	1	P R IH D IH K T
predictable	prɪˈdɪk.tə.bəl	พริ-ดิค-เทอะ-เบิล	1	P R IH D IH K T AH B AH L
prediction	priˈdɪk.ʃən	พรี-ดิค-เชิน	1	P R IY D IH K SH AH N
predominantly	ˌprɪdˈɑː.mə.nənt.li	พริด-ดา-เมอะ-เนินท์-ลี	1	P R IH D AA M AH N AH N T L IY
prefer	prəˈfɝː	เพรอะ-เฟอร์	1	P R AH F ER
pregnancy	ˈpreɡ.nən.si	เพร็ก-เนิน-ซี	0	P R EH G N AH N S IY
pregnant	ˈpreɡ.nənt	เพร็ก-เนินท์	0	P R EH G N AH N T
prejudice	ˈpredʒ.ə.dɪs	เพร็จ-เจอะ-ดิส	0	P R EH JH AH D IH S
preliminary	prɪˈlɪm.əˌner.i	พริ-ลิม-เมอะ-เน-รี	1	P R IH L IH M AH N EH R IY
premier	preˈmɪr	เพร-เมียร์	1	P R EH M IH R
premise	ˈprem.ɪs	เพร็ม-มิส	0	P R EH M IH S
premium	ˈpriː.mi.əm	พรี-มี-เอิม	0	P R IY M IY AH M
preparation	ˌprep.ɚˈeɪ.ʃən	เพร็ป-เพอร์-เอ-เชิน	2	P R EH P ER EY SH AH N
prepare	priˈper	พรี-แพร์	1	P R IY P EH R
prepared	priˈperd	พรี-แพร์ด์	1	P R IY P EH R D
prescribe	prəˈskraɪb	เพรอะ-สไกรบ์	1	P R AH S K R AY B
prescription	prəˈskrɪp.ʃən	เพรอะ-สกริป-เชิน	1	P R AH S K R IH P SH AH N
presence	ˈprez.əns	เพร็ซ-เซินส์	0	P R EH Z AH N S
present	ˈprez.ənt	เพร็ซ-เซินท์	0	P R EH Z AH N T
presentation	ˌprez.ənˈteɪ.ʃən	เพร็ซ-เซิน-เท-เชิน	2	P R EH Z AH N T EY SH AH N
presently	ˈprez.ənt.li	เพร็ซ-เซินท์-ลี	0	P R EH Z AH N T L IY
preservation	ˌprez.ɚˈveɪ.ʃən	เพร็ซ-เซอร์-เว-เชิน	2	P R EH Z ER V EY SH AH N
preserve	prəˈzɝːv	เพรอะ-เซิร์ฟ	1	P R AH Z ER V
presidency	ˈprez.ə.dən.si	เพร็ซ-เซอะ-เดิน-ซี	0	P R EH Z AH D AH N S IY
president	ˈprez.əˌdent	เพร็ซ-เซอะ-เด็นท์	0	P R EH Z AH D EH N T
presidential	ˌprez.əˈden.ʃəl	เพร็ซ-เซอะ-เด็น-เชิล	2	P R EH Z AH D EH N SH AH L
press	pres	เพร็ส	0	P R EH S
pressure	ˈpreʃ.ɚ	เพร็ช-เชอร์	0	P R EH SH ER
prestigious	preˈstɪdʒ.əs	เพร-สติจ-เจิส	1	P R EH S T IH JH AH S
presumably	prəˈzuː.mə.bli	เพรอะ-ซู-เมอะ-บลี	1	P R AH Z UW M AH B L IY
presume	prɪˈzuːm	พริ-ซูม	1	P R IH Z UW M
pretend	priˈtend	พรี-เท็นด์	1	P R IY T EH N D
pretty	ˈprɪt.i	พริท-ที	0	P R IH T IY
prevail	prɪˈveɪl	พริ-เวล	1	P R IH V EY L
prevailing	prɪˈveɪ.lɪŋ	พริ-เว-ลิง	1	P R IH V EY L IH NG
prevalence	ˈprev.ə.ləns	เพร็ฟ-เวอะ-เลินส์	0	P R EH V AH L AH N S
prevent	prɪˈvent	พริ-เว็นท์	1	P R IH V EH N T
prevention	priˈven.ʃən	พรี-เว็น-เชิน	1	P R IY V EH N SH AH N
previous	ˈpriː.vi.əs	พรี-วี-เอิส	0	P R IY V IY AH S
previously	ˈpriː.vi.ə.sli	พรี-วี-อะ-สลี	0	P R IY V IY AH S L IY
prey	preɪ	เพร	0	P R EY
price	praɪs	ไพรส์	0	P R AY S
prices	ˈpraɪ.səz	ไพร-เซิซ	0	P R AY S AH Z
priest	priːst	พรีสท์	0	P R IY S T
primary	ˈpraɪˌmer.i	ไพร-เม-รี	0	P R AY M EH R IY
prime	praɪm	ไพรม์	0	P R AY M
prince	prɪns	พรินส์	0	P R IH N S
princess	ˈprɪn.ses	พริน-เซ็ส	0	P R IH N S EH S
principal	ˈprɪn.sə.pəl	พริน-เซอะ-เพิล	0	P R IH N S AH P AH L
principle	ˈprɪn.sə.pəl	พริน-เซอะ-เพิล	0	P R IH N S AH P AH L
print	prɪnt	พรินท์	0	P R IH N T
printer	ˈprɪn.tɚ	พริน-เทอร์	0	P R IH N T ER
printing	ˈprɪn.tɪŋ	พริน-ทิง	0	P R IH N T IH NG
prior	ˈpraɪ.ɚ	ไพร-เออร์	0	P R AY ER
priority	praɪˈɔː.rə.ti	ไพร-ออ-เรอะ-ที	1	P R AY AO R AH T IY
prison	ˈprɪz.ən	พริซ-เซิน	0	P R IH Z AH N
prisoner	ˈprɪz.ə.nɚ	พริซ-เซอะ-เนอร์	0	P R IH Z AH N ER
privacy	ˈpraɪ.və.si	ไพร-เวอะ-ซี	0	P R AY V AH S IY
private	ˈpraɪ.vət	ไพร-เวิท	0	P R AY V AH T
privatization	ˈpraɪ.və.təˈzeɪ.ʃən	ไพร-เวอะ-เทอะ-เซ-เชิน	0	P R AY V AH T AH Z EY SH AH N
privilege	ˈprɪv.lədʒ	พริฟ-เลิจ	0	P R IH V L AH JH
prize	praɪz	ไพรซ์	0	P R AY Z
probably	ˈprɑː.bə.bli	พรา-เบอะ-บลี	0	P R AA B AH B L IY
probe	proʊb	โพรบ	0	P R OW B
problem	ˈprɑː.bləm	พรา-เบลิม	0	P R AA B L AH M
problematic	ˌprɑː.bləˈmæt.ɪk	พรา-เบลอะ-แมท-ทิค	2	P R AA B L AH M AE T IH K
procedure	prəˈsiː.dʒɚ	เพรอะ-ซี-เจอร์	1	P R AH S IY JH ER
proceed	prəˈsiːd	เพรอะ-ซีด	1	P R AH S IY D
proceedings	proʊˈsiː.dɪŋz	โพร-ซี-ดิงซ์	1	P R OW S IY D IH NG Z
proceeds	prəˈsiːdz	เพรอะ-ซีดซ์	1	P R AH S IY D Z
process	ˈprɑːˌses	พรา-เซ็ส	0	P R AA S EH S
processing	ˈprɑː.se.sɪŋ	พรา-เซ-ซิง	0	P R AA S EH S IH NG
processor	ˈprɑːˌses.ɚ	พรา-เซ็ส-เซอร์	0	P R AA S EH S ER
proclaim	proʊˈkleɪm	โพร-เคลม	1	P R OW K L EY M
produce	prəˈduːs	เพรอะ-ดูส	1	P R AH D UW S
producer	prəˈduː.sɚ	เพรอะ-ดู-เซอร์	1	P R AH D UW S ER
product	ˈprɑː.dəkt	พรา-เดิคท์	0	P R AA D AH K T
production	prəˈdʌk.ʃən	เพรอะ-ดัค-เชิน	1	P R AH D AH K SH AH N
productive	prəˈdʌk.tɪv	เพรอะ-ดัค-ทิฟ	1	P R AH D AH K T IH V
productivity	ˌproʊ.dəkˈtɪv.ə.ti	โพร-เดิค-ทิฟ-เวอะ-ที	2	P R OW D AH K T IH V AH T IY
profession	prəˈfeʃ.ən	เพรอะ-เฟ็ช-เชิน	1	P R AH F EH SH AH N
professional	prəˈfeʃ.ə.nəl	เพรอะ-เฟ็ช-เชอะ-เนิล	1	P R AH F EH SH AH N AH L
professor	prəˈfes.ɚ	เพรอะ-เฟ็ส-เซอร์	1	P R AH F EH S ER
profile	ˈproʊˌfaɪl	โพร-ไฟล์	0	P R OW F AY L
profit	ˈprɑː.fət	พรา-เฟิท	0	P R AA F AH T
profitable	ˈprɑː.fə.tə.bəl	พรา-เฟอะ-เทอะ-เบิล	0	P R AA F AH T AH B AH L
profound	proʊˈfaʊnd	โพร-เฟาน์ด์	1	P R OW F AW N D
program	ˈproʊˌɡræm	โพร-แกรม	0	P R OW G R AE M
programme	ˈproʊˌɡræm	โพร-แกรม	0	P R OW G R AE M
programming	ˈproʊˌɡræm.ɪŋ	โพร-แกรม-มิง	0	P R OW G R AE M IH NG
progress	ˈprɑːˌɡres	พรา-เกร็ส	0	P R AA G R EH S
progressive	prəˈɡres.ɪv	เพรอะ-เกร็ส-ซิฟ	1	P R AH G R EH S IH V
prohibit	proʊˈhɪb.ət	โพร-ฮิบ-เบิท	1	P R OW HH IH B AH T
project	ˈprɑː.dʒekt	พรา-เจ็คท์	0	P R AA JH EH K T
prominent	ˈprɑː.mə.nənt	พรา-เมอะ-เนินท์	0	P R AA M AH N AH N T
promise	ˈprɑː.məs	พรา-เมิส	0	P R AA M AH S
promising	ˈprɑː.mə.sɪŋ	พรา-เมอะ-ซิง	0	P R AA M AH S IH NG
promote	prəˈmoʊt	เพรอะ-โมท	1	P R AH M OW T
promotion	prəˈmoʊ.ʃən	เพรอะ-โม-เชิน	1	P R AH M OW SH AH N
prompt	prɑːmpt	พรามป์ท์	0	P R AA M P T
prone	proʊn	โพรน	0	P R OW N
pronounce	prəˈnaʊns	เพรอะ-เนาน์ส์	1	P R AH N AW N S
pronunciation	proʊˌnʌn.siˈeɪ.ʃən	โพร-นัน-ซี-เอ-เชิน	3	P R OW N AH N S IY EY SH AH N
proof	pruːf	พรูฟ	0	P R UW F
propaganda	ˌprɑː.pəˈɡæn.də	พรา-เพอะ-แกน-เดอะ	2	P R AA P AH G AE N D AH
proper	ˈprɑː.pɚ	พรา-เพอร์	0	P R AA P ER
properly	ˈprɑː.pɚ.li	พรา-เพอร์-ลี	0	P R AA P ER L IY
property	ˈprɑː.pɚ.ti	พรา-เพอร์-ที	0	P R AA P ER T IY
proportion	prəˈpɔːr.ʃən	เพรอะ-พอร์-เชิน	1	P R AH P AO R SH AH N
proposal	prəˈpoʊ.zəl	เพรอะ-โพ-เซิล	1	P R AH P OW Z AH L
propose	prəˈpoʊz	เพรอะ-โพซ	1	P R AH P OW Z
prosecute	ˈprɑː.səˌkjuːt	พรา-เซอะ-คิวท์	0	P R AA S AH K Y UW T
prosecution	ˌprɑː.səˈkjuː.ʃən	พรา-เซอะ-คิว-เชิน	2	P R AA S AH K Y UW SH AH N
prosecutor	ˈprɑː.sɪˌkjuː.tɚ	พรา-ซิ-คิว-เทอร์	0	P R AA S IH K Y UW T ER
prospect	ˈprɑː.spekt	พรา-สเป็คท์	0	P R AA S P EH K T
prospective	prəˈspek.tɪv	เพรอะ-สเป็ค-ทิฟ	1	P R AH S P EH K T IH V
prosperity	prɑːˈsper.ə.ti	พรา-สเป-เรอะ-ที	1	P R AA S P EH R AH T IY
protect	prəˈtekt	เพรอะ-เท็คท์	1	P R AH T EH K T
protection	prəˈtek.ʃən	เพรอะ-เท็ค-เชิน	1	P R AH T EH K SH AH N
protective	prəˈtek.tɪv	เพรอะ-เท็ค-ทิฟ	1	P R AH T EH K T IH V
protest	ˈproʊˌtest	โพร-เท็สท์	0	P R OW T EH S T
protester	ˈproʊˌtes.tɚ	โพร-เท็ส-เทอร์	0	P R OW T EH S T ER
protests	ˈproʊˌtests	โพร-เท็สท์ส์	0	P R OW T EH S T S
protocol	ˈproʊ.təˌkɑːl	โพร-เทอะ-คาล	0	P R OW T AH K AA L
proud	praʊd	เพราด์	0	P R AW D
prove	pruːv	พรูฟ	0	P R UW V
provide	prəˈvaɪd	เพรอะ-ไวด์	1	P R AH V AY D
province	ˈprɑː.vəns	พรา-เวินส์	0	P R AA V AH N S
provincial	prəˈvɪn.ʃəl	เพรอะ-วิน-เชิล	1	P R AH V IH N SH AH L
provision	prəˈvɪʒ.ən	เพรอะ-วิช-เชิน	1	P R AH V IH ZH AH N
provoke	prəˈvoʊk	เพรอะ-โวค	1	P R AH V OW K
provoking	prəˈvoʊ.kɪŋ	เพรอะ-โว-คิง	1	P R AH V OW K IH NG
psychiatric	ˌsaɪ.kiˈæt.rɪk	ไซ-คี-แอท-ริค	2	S AY K IY AE T R IH K
psychological	ˌsaɪ.kəˈlɑː.dʒɪ.kəl	ไซ-เคอะ-ลา-จิ-เคิล	2	S AY K AH L AA JH IH K AH L
psychologist	saɪˈkɑː.lə.dʒəst	ไซ-คา-เลอะ-เจิสท์	1	S AY K AA L AH JH AH S T
psychology	saɪˈkɑː.lə.dʒi	ไซ-คา-เลอะ-จี	1	S AY K AA L AH JH IY
pub	pʌb	พับ	0	P AH B
public	ˈpʌb.lɪk	พับ-ลิค	0	P AH B L IH K
publication	ˌpʌb.lɪˈkeɪ.ʃən	พับ-ลิ-เค-เชิน	2	P AH B L IH K EY SH AH N
publicity	pəˈblɪs.ə.ti	เพอะ-บลิส-เซอะ-ที	1	P AH B L IH S AH T IY
publicly	ˈpʌb.lɪ.kli	พับ-ลิ-คลี	0	P AH B L IH K L IY
publish	ˈpʌb.lɪʃ	พับ-ลิช	0	P AH B L IH SH
published	ˈpʌb.lɪʃt	พับ-ลิชท์	0	P AH B L IH SH T
publisher	ˈpʌb.lɪ.ʃɚ	พับ-ลิ-เชอร์	0	P AH B L IH SH ER
publishing	ˈpʌb.lɪ.ʃɪŋ	พับ-ลิ-ชิง	0	P AH B L IH SH IH NG
pull	pʊl	พุล	0	P UH L
pump	pʌmp	พัมป์	0	P AH M P
punch	pʌntʃ	พันช์	0	P AH N CH
punish	ˈpʌn.ɪʃ	พัน-นิช	0	P AH N IH SH
punishment	ˈpʌn.ɪʃ.mənt	พัน-นิช-เมินท์	0	P AH N IH SH M AH N T
pupil	ˈpjuː.pəl	พิว-เพิล	0	P Y UW P AH L
purchase	ˈpɝː.tʃəs	เพอร์-เชิส	0	P ER CH AH S
pure	pjʊr	พัวร์	0	P Y UH R
purple	ˈpɝː.pəl	เพอร์-เพิล	0	P ER P AH L
purpose	ˈpɝː.pəs	เพอร์-เพิส	0	P ER P AH S
pursue	pɚˈsuː	เพอร์-ซู	1	P ER S UW
push	pʊʃ	พุช	0	P UH SH
put	pʊt	พุท	0	P UH T
puzzle	ˈpʌz.əl	พัซ-เซิล	0	P AH Z AH L
qualification	ˌkwɑː.lə.fəˈkeɪ.ʃən	ควา-เลอะ-เฟอะ-เค-เชิน	3	K W AA L AH F AH K EY SH AH N
qualified	ˈkwɑː.ləˌfaɪd	ควา-เลอะ-ไฟด์	0	K W AA L AH F AY D
qualify	ˈkwɑː.ləˌfaɪ	ควา-เลอะ-ไฟ	0	K W AA L AH F AY
qualitative	ˈkwɑː.ləˌteɪ.tɪv	ควา-เลอะ-เท-ทิฟ	0	K W AA L AH T EY T IH V
quality	ˈkwɑː.lə.ti	ควา-เลอะ-ที	0	K W AA L AH T IY
quantity	ˈkwɑːn.tə.ti	ควาน-เทอะ-ที	0	K W AA N T AH T IY
quarter	ˈkwɔːr.tɚ	ควอร์-เทอร์	0	K W AO R T ER
queen	kwiːn	ควีน	0	K W IY N
quest	kwest	เคว็สท์	0	K W EH S T
question	ˈkwes.tʃən	เคว็ส-เชิน	0	K W EH S CH AH N
questionable	ˈkwes.tʃə.nə.bəl	เคว็ส-เชอะ-เนอะ-เบิล	0	K W EH S CH AH N AH B AH L
questioning	ˈkwes.tʃə.nɪŋ	เคว็ส-เชอะ-นิง	0	K W EH S CH AH N IH NG
questionnaire	ˌkwes.tʃəˈner	เคว็ส-เชอะ-แนร์	2	K W EH S CH AH N EH R
queue	kjuː	คิว	0	K Y UW
quick	kwɪk	ควิค	0	K W IH K
quickly	ˈkwɪk.li	ควิค-ลี	0	K W IH K L IY
quiet	ˈkwaɪ.ət	ไคว-เอิท	0	K W AY AH T
quietly	ˈkwaɪ.ət.li	ไคว-เอิท-ลี	0	K W AY AH T L IY
quit	kwɪt	ควิท	0	K W IH T
quite	kwaɪt	ไควท์	0	K W AY T
quota	ˈkwoʊ.tə	โคว-เทอะ	0	K W OW T AH
quotation	kwoʊˈteɪ.ʃən	โคว-เท-เชิน	1	K W OW T EY SH AH N
quote	kwoʊt	โควท	0	K W OW T
race	reɪs	เรส	0	R EY S
racial	ˈreɪ.ʃəl	เร-เชิล	0	R EY SH AH L
racing	ˈreɪ.sɪŋ	เร-ซิง	0	R EY S IH NG
racism	ˈreɪˌsɪz.əm	เร-ซิซ-เซิม	0	R EY S IH Z AH M
racist	ˈreɪ.sɪst	เร-ซิสท์	0	R EY S IH S T
radar	ˈreɪˌdɑːr	เร-ดาร์	0	R EY D AA R
radiation	ˌreɪ.diˈeɪ.ʃən	เร-ดี-เอ-เชิน	2	R EY D IY EY SH AH N
radical	ˈræd.ə.kəl	แรด-เดอะ-เคิล	0	R AE D AH K AH L
radio	ˈreɪ.diˌoʊ	เร-ดี-โอ	0	R EY D IY OW
rage	reɪdʒ	เรจ	0	R EY JH
raid	reɪd	เรด	0	R EY D
railway	ˈreɪlˌweɪ	เรล-เว	0	R EY L W EY
rain	reɪn	เรน	0	R EY N
raining	ˈreɪ.nɪŋ	เร-นิง	0	R EY N IH NG
raise	reɪz	เรซ	0	R EY Z
rally	ˈræl.i	แรล-ลี	0	R AE L IY
random	ˈræn.dəm	แรน-เดิม	0	R AE N D AH M
range	reɪndʒ	เรนจ์	0	R EY N JH
rank	ræŋk	แรงค์	0	R AE NG K
ranking	ˈræŋ.kɪŋ	แรง-คิง	0	R AE NG K IH NG
rapid	ˈræp.əd	แรป-เพิด	0	R AE P AH D
rapidly	ˈræp.əd.li	แรป-เพิด-ลี	0	R AE P AH D L IY
rare	rer	แรร์	0	R EH R
rarely	ˈrer.li	แรร์-ลี	0	R EH R L IY
rate	reɪt	เรท	0	R EY T
rather	ˈræð.ɚ	แรธ-เธอร์	0	R AE DH ER
ratio	ˈreɪ.ʃiˌoʊ	เร-ชี-โอ	0	R EY SH IY OW
rational	ˈræʃ.ə.nəl	แรช-เชอะ-เนิล	0	R AE SH AH N AH L
raw	rɑː	รา	0	R AA
ray	reɪ	เร	0	R EY
reach	riːtʃ	รีช	0	R IY CH
reached	riːtʃt	รีชท์	0	R IY CH T
react	riˈækt	รี-แอคท์	1	R IY AE K T
reaction	riˈæk.ʃən	รี-แอค-เชิน	1	R IY AE K SH AH N
read	red	เร็ด	0	R EH D
reader	ˈriː.dɚ	รี-เดอร์	0	R IY D ER
readily	ˈred.ə.li	เร็ด-เดอะ-ลี	0	R EH D AH L IY
reading	ˈriː.dɪŋ	รี-ดิง	0	R IY D IH NG
ready	ˈred.i	เร็ด-ดี	0	R EH D IY
real	riːl	รีล	0	R IY L
realised	ˈriː.əˌlaɪzd	รี-อะ-ไลซ์ด์	0	R IY AH L AY Z D
realistic	ˌriː.əˈlɪs.tɪk	รี-อะ-ลิส-ทิค	2	R IY AH L IH S T IH K
reality	ˌriːˈæl.ə.ti	รี-แอล-เลอะ-ที	1	R IY AE L AH T IY
realization	ˈriː.ləˈzeɪ.ʃən	รี-เลอะ-เซ-เชิน	0	R IY L AH Z EY SH AH N
realize	ˈriː.əˌlaɪz	รี-อะ-ไลซ์	0	R IY AH L AY Z
really	ˈrɪl.i	ริล-ลี	0	R IH L IY
realm	relm	เร็ลม์	0	R EH L M
rear	rɪr	เรียร์	0	R IH R
reason	ˈriː.zən	รี-เซิน	0	R IY Z AH N
reasonable	ˈriː.zə.nə.bəl	รี-เซอะ-เนอะ-เบิล	0	R IY Z AH N AH B AH L
reasoning	ˈriː.zə.nɪŋ	รี-เซอะ-นิง	0	R IY Z AH N IH NG
reassessing	ri.əˈses.ɪŋ	รี-อะ-เซ็ส-ซิง	2	R IY AH S EH S IH NG
reassure	ˌriː.əˈʃʊr	รี-อะ-ชัวร์	2	R IY AH SH UH R
rebel	ˈreb.əl	เร็บ-เบิล	0	R EH B AH L
rebellion	rɪˈbel.jən	ริ-เบ็ล-เยิน	1	R IH B EH L Y AH N
rebuild	riˈbɪld	รี-บิลด์	1	R IY B IH L D
recall	ˈriːˌkɔːl	รี-คอล	0	R IY K AO L
receipt	rɪˈsiːt	ริ-ซีท	1	R IH S IY T
receive	rəˈsiːv	เรอะ-ซีฟ	1	R AH S IY V
received	rəˈsiːvd	เรอะ-ซีฟด์	1	R AH S IY V D
recent	ˈriː.sənt	รี-เซินท์	0	R IY S AH N T
recently	ˈriː.sənt.li	รี-เซินท์-ลี	0	R IY S AH N T L IY
reception	rɪˈsep.ʃən	ริ-เซ็ป-เชิน	1	R IH S EH P SH AH N
recession	rɪˈseʃ.ən	ริ-เซ็ช-เชิน	1	R IH S EH SH AH N
recipe	ˈres.ə.pi	เร็ส-เซอะ-พี	0	R EH S AH P IY
recipient	rəˈsɪp.i.ənt	เรอะ-ซิป-พี-เอินท์	1	R AH S IH P IY AH N T
reckon	ˈrek.ən	เร็ค-เคิน	0	R EH K AH N
recognition	ˌrek.əɡˈnɪʃ.ən	เร็ค-เคิก-นิช-เชิน	2	R EH K AH G N IH SH AH N
recognize	ˈrek.əɡˌnaɪz	เร็ค-เคิก-ไนซ์	0	R EH K AH G N AY Z
recommend	ˌrek.əˈmend	เร็ค-เคอะ-เม็นด์	2	R EH K AH M EH N D
recommendation	ˌrek.ə.mənˈdeɪ.ʃən	เร็ค-เคอะ-เมิน-เด-เชิน	3	R EH K AH M AH N D EY SH AH N
recommended	ˌrek.əˈmen.dɪd	เร็ค-เคอะ-เม็น-ดิด	2	R EH K AH M EH N D IH D
reconstruction	ˌriː.kənˈstrʌk.ʃən	รี-เคิน-สตรัค-เชิน	2	R IY K AH N S T R AH K SH AH N
record	rəˈkɔːrd	เรอะ-คอร์ด์	1	R AH K AO R D
recording	rəˈkɔːr.dɪŋ	เรอะ-คอร์-ดิง	1	R AH K AO R D IH NG
recount	rɪˈkaʊnt	ริ-เคาน์ท์	1	R IH K AW N T
recover	rɪˈkʌv.ɚ	ริ-คัฟ-เวอร์	1	R IH K AH V ER
recovery	rɪˈkʌv.ri	ริ-คัฟ-รี	1	R IH K AH V R IY
recruit	rəˈkruːt	เรอะ-ครูท	1	R AH K R UW T
recruitment	rəˈkruːt.mənt	เรอะ-ครูท-เมินท์	1	R AH K R UW T M AH N T
recycle	riˈsaɪ.kəl	รี-ไซ-เคิล	1	R IY S AY K AH L
red	red	เร็ด	0	R EH D
reduce	rəˈduːs	เรอะ-ดูส	1	R AH D UW S
reduction	rəˈdʌk.ʃən	เรอะ-ดัค-เชิน	1	R AH D AH K SH AH N
redundant	rɪˈdʌn.dənt	ริ-ดัน-เดินท์	1	R IH D AH N D AH N T
refer	rəˈfɝː	เรอะ-เฟอร์	1	R AH F ER
referee	ˌref.ɚˈiː	เร็ฟ-เฟอร์-อี	2	R EH F ER IY
reference	ˈref.ɚ.əns	เร็ฟ-เฟอร์-เอินส์	0	R EH F ER AH N S
referendum	ˌref.ɚˈen.dəm	เร็ฟ-เฟอร์-เอ็น-เดิม	2	R EH F ER EH N D AH M
reflect	rɪˈflekt	ริ-เฟล็คท์	1	R IH F L EH K T
reflection	rɪˈflek.ʃən	ริ-เฟล็ค-เชิน	1	R IH F L EH K SH AH N
reform	rəˈfɔːrm	เรอะ-ฟอร์ม์	1	R AH F AO R M
reforms	rəˈfɔːrmz	เรอะ-ฟอร์ม์ซ์	1	R AH F AO R M Z
refuge	ˈref.judʒ	เร็ฟ-ยูจ	0	R EH F Y UW JH
refugee	ˈref.ju.dʒi	เร็ฟ-ยู-จี	0	R EH F Y UW JH IY
refusal	rəˈfjuː.zəl	เรอะ-ฟิว-เซิล	1	R AH F Y UW Z AH L
refuse	rəˈfjuːz	เรอะ-ฟิวซ์	1	R AH F Y UW Z
regain	rɪˈɡeɪn	ริ-เกน	1	R IH G EY N
regard	rɪˈɡɑːrd	ริ-การ์ด์	1	R IH G AA R D
regardless	rəˈɡɑːrd.ləs	เรอะ-การ์ด์-เลิส	1	R AH G AA R D L AH S
regime	rəˈʒiːm	เรอะ-ชีม	1	R AH ZH IY M
region	ˈriː.dʒən	รี-เจิน	0	R IY JH AH N
regional	ˈriː.dʒə.nəl	รี-เจอะ-เนิล	0	R IY JH AH N AH L
register	ˈredʒ.ɪ.stɚ	เร็จ-จิ-สเตอร์	0	R EH JH IH S T ER
regret	rəˈɡret	เรอะ-เกร็ท	1	R AH G R EH T
regular	ˈreɡ.jə.lɚ	เร็ก-เยอะ-เลอร์	0	R EH G Y AH L ER
regularly	ˈreɡ.jə.lɚ.li	เร็ก-เยอะ-เลอร์-ลี	0	R EH G Y AH L ER L IY
regulation	ˌreɡ.jəˈleɪ.ʃən	เร็ก-เยอะ-เล-เชิน	2	R EH G Y AH L EY SH AH N
regulations	ˌreɡ.jəˈleɪ.ʃənz	เร็ก-เยอะ-เล-เชินซ์	2	R EH G Y AH L EY SH AH N Z
regulator	ˈreɡ.jəˌleɪ.tɚ	เร็ก-เยอะ-เล-เทอร์	0	R EH G Y AH L EY T ER
regulatory	ˈreɡ.jə.ləˌtɔː.ri	เร็ก-เยอะ-เลอะ-ทอ-รี	0	R EH G Y AH L AH T AO R IY
rehabilitation	ˌriː.həˌbɪl.əˈteɪ.ʃən	รี-เฮอะ-บิล-เลอะ-เท-เชิน	4	R IY HH AH B IH L AH T EY SH AH N
reign	reɪn	เรน	0	R EY N
reinforce	ˌriː.ɪnˈfɔːrs	รี-อิน-ฟอร์ส์	2	R IY IH N F AO R S
reject	rɪˈdʒekt	ริ-เจ็คท์	1	R IH JH EH K T
rejection	rɪˈdʒek.ʃən	ริ-เจ็ค-เชิน	1	R IH JH EH K SH AH N
relate	rɪˈleɪt	ริ-เลท	1	R IH L EY T
related	rɪˈleɪ.tɪd	ริ-เล-ทิด	1	R IH L EY T IH D
relation	riˈleɪ.ʃən	รี-เล-เชิน	1	R IY L EY SH AH N
relationship	riˈleɪ.ʃənˌʃɪp	รี-เล-เชิน-ชิป	1	R IY L EY SH AH N SH IH P
relative	ˈrel.ə.tɪv	เร็ล-เลอะ-ทิฟ	0	R EH L AH T IH V
relatively	ˈrel.ə.tɪv.li	เร็ล-เลอะ-ทิฟ-ลี	0	R EH L AH T IH V L IY
relax	rɪˈlæks	ริ-แลคส์	1	R IH L AE K S
relaxed	rɪˈlækst	ริ-แลคส์ท์	1	R IH L AE K S T
relaxing	rɪˈlæk.sɪŋ	ริ-แลค-ซิง	1	R IH L AE K S IH NG
release	riˈliːs	รี-ลีส	1	R IY L IY S
relevance	ˈrel.ə.vəns	เร็ล-เลอะ-เวินส์	0	R EH L AH V AH N S
relevant	ˈrel.ə.vənt	เร็ล-เลอะ-เวินท์	0	R EH L AH V AH N T
reliability	riˌlaɪ.əˈbɪl.ə.ti	รี-ไล-อะ-บิล-เลอะ-ที	3	R IY L AY AH B IH L AH T IY
reliable	rɪˈlaɪ.ə.bəl	ริ-ไล-อะ-เบิล	1	R IH L AY AH B AH L
relief	rɪˈliːf	ริ-ลีฟ	1	R IH L IY F
religion	rɪˈlɪdʒ.ən	ริ-ลิจ-เจิน	1	R IH L IH JH AH N
religious	rɪˈlɪdʒ.əs	ริ-ลิจ-เจิส	1	R IH L IH JH AH S
reluctant	rɪˈlʌk.tənt	ริ-ลัค-เทินท์	1	R IH L AH K T AH N T
rely	rɪˈlaɪ	ริ-ไล	1	R IH L AY
remain	rɪˈmeɪn	ริ-เมน	1	R IH M EY N
remainder	rɪˈmeɪn.dɚ	ริ-เมน-เดอร์	1	R IH M EY N D ER
remains	rɪˈmeɪnz	ริ-เมนซ์	1	R IH M EY N Z
remark	rɪˈmɑːrk	ริ-มาร์ค์	1	R IH M AA R K
remarkable	rɪˈmɑːr.kə.bəl	ริ-มาร์-เคอะ-เบิล	1	R IH M AA R K AH B AH L
remedy	ˈrem.ə.di	เร็ม-เมอะ-ดี	0	R EH M AH D IY
remember	rɪˈmem.bɚ	ริ-เม็ม-เบอร์	1	R IH M EH M B ER
remind	riˈmaɪnd	รี-ไมน์ด์	1	R IY M AY N D
reminder	riˈmaɪn.dɚ	รี-ไมน์-เดอร์	1	R IY M AY N D ER
remote	rɪˈmoʊt	ริ-โมท	1	R IH M OW T
removal	rɪˈmuː.vəl	ริ-มู-เวิล	1	R IH M UW V AH L
remove	riˈmuːv	รี-มูฟ	1	R IY M UW V
render	ˈren.dɚ	เร็น-เดอร์	0	R EH N D ER
renew	rɪˈnuː	ริ-นู	1	R IH N UW
renewable	riˈnuː.ə.bəl	รี-นู-อะ-เบิล	1	R IY N UW AH B AH L
renowned	rɪˈnaʊnd	ริ-เนาน์ด์	1	R IH N AW N D
rent	rent	เร็นท์	0	R EH N T
rental	ˈren.təl	เร็น-เทิล	0	R EH N T AH L
repair	rɪˈper	ริ-แพร์	1	R IH P EH R
repeat	rɪˈpiːt	ริ-พีท	1	R IH P IY T
repeated	rɪˈpiː.tɪd	ริ-พี-ทิด	1	R IH P IY T IH D
replace	ˌriːˈpleɪs	รี-เพลส	1	R IY P L EY S
replacement	rɪˈpleɪ.smənt	ริ-เพล-สเมินท์	1	R IH P L EY S M AH N T
reply	rɪˈplaɪ	ริ-ไพล	1	R IH P L AY
report	riˈpɔːrt	รี-พอร์ท์	1	R IY P AO R T
reportedly	rɪˈpɔːr.təd.li	ริ-พอร์-เทิด-ลี	1	R IH P AO R T AH D L IY
reporter	rɪˈpɔːr.tɚ	ริ-พอร์-เทอร์	1	R IH P AO R T ER
represent	ˌrep.rɪˈzent	เร็ป-ริ-เซ็นท์	2	R EH P R IH Z EH N T
representation	ˌrep.rə.zenˈteɪ.ʃən	เร็ป-เรอะ-เซ็น-เท-เชิน	3	R EH P R AH Z EH N T EY SH AH N
representative	ˌrep.rəˈzen.tə.tɪv	เร็ป-เรอะ-เซ็น-เทอะ-ทิฟ	2	R EH P R AH Z EH N T AH T IH V
reproduce	ˌriː.prəˈduːs	รี-เพรอะ-ดูส	2	R IY P R AH D UW S
reproduction	ˌriː.prəˈdʌk.ʃən	รี-เพรอะ-ดัค-เชิน	2	R IY P R AH D AH K SH AH N
republic	riˈpʌb.lək	รี-พับ-เลิค	1	R IY P AH B L AH K
reputation	ˌrep.jəˈteɪ.ʃən	เร็ป-เยอะ-เท-เชิน	2	R EH P Y AH T EY SH AH N
request	rɪˈkwest	ริ-เคว็สท์	1	R IH K W EH S T
require	ˌriːˈkwaɪ.ɚ	รี-ไคว-เออร์	1	R IY K W AY ER
requirement	rɪˈkwaɪr.mənt	ริ-ไควร์-เมินท์	1	R IH K W AY R M AH N T
rescue	ˈres.kju	เร็ส-คิว	0	R EH S K Y UW
research	riˈsɝːtʃ	รี-เซิร์ช	1	R IY S ER CH
researcher	ˈriː.sɚ.tʃɚ	รี-เซอร์-เชอร์	0	R IY S ER CH ER
researchers	ˈriː.sɚ.tʃɚz	รี-เซอร์-เชิร์ซ	0	R IY S ER CH ER Z
resemble	rɪˈzem.bəl	ริ-เซ็ม-เบิล	1	R IH Z EH M B AH L
reservation	ˌrez.ɚˈveɪ.ʃən	เร็ซ-เซอร์-เว-เชิน	2	R EH Z ER V EY SH AH N
reserve	rɪˈzɝːv	ริ-เซิร์ฟ	1	R IH Z ER V
reside	rɪˈzaɪd	ริ-ไซด์	1	R IH Z AY D
residence	ˈrez.ɪ.dəns	เร็ซ-ซิ-เดินส์	0	R EH Z IH D AH N S
resident	ˈrez.ɪ.dənt	เร็ซ-ซิ-เดินท์	0	R EH Z IH D AH N T
residential	ˌrez.ɪˈden.ʃəl	เร็ซ-ซิ-เด็น-เชิล	2	R EH Z IH D EH N SH AH L
residue	ˈrez.əˌduː	เร็ซ-เซอะ-ดู	0	R EH Z AH D UW
resign	rɪˈzaɪn	ริ-ไซน์	1	R IH Z AY N
resignation	ˌrez.əɡˈneɪ.ʃən	เร็ซ-เซิก-เน-เชิน	2	R EH Z AH G N EY SH AH N
resigned	rɪˈzaɪnd	ริ-ไซน์ด์	1	R IH Z AY N D
resist	rɪˈzɪst	ริ-ซิสท์	1	R IH Z IH S T
resistance	rɪˈzɪs.təns	ริ-ซิส-เทินส์	1	R IH Z IH S T AH N S
resolution	ˌrez.əˈluː.ʃən	เร็ซ-เซอะ-ลู-เชิน	2	R EH Z AH L UW SH AH N
resolve	riˈzɑːlv	รี-ซาลฟ์	1	R IY Z AA L V
resort	rɪˈzɔːrt	ริ-ซอร์ท์	1	R IH Z AO R T
resource	ˈriː.sɔːrs	รี-ซอร์ส์	0	R IY S AO R S
respect	rɪˈspekt	ริ-สเป็คท์	1	R IH S P EH K T
respective	rɪˈspek.tɪv	ริ-สเป็ค-ทิฟ	1	R IH S P EH K T IH V
respectively	rɪˈspek.tɪv.li	ริ-สเป็ค-ทิฟ-ลี	1	R IH S P EH K T IH V L IY
respond	rɪˈspɑːnd	ริ-สปานด์	1	R IH S P AA N D
response	rɪˈspɑːns	ริ-สปานส์	1	R IH S P AA N S
responsibility	riˌspɑːn.səˈbɪl.ə.ti	รี-สปาน-เซอะ-บิล-เลอะ-ที	3	R IY S P AA N S AH B IH L AH T IY
responsible	riˈspɑːn.sə.bəl	รี-สปาน-เซอะ-เบิล	1	R IY S P AA N S AH B AH L
rest	rest	เร็สท์	0	R EH S T
restaurant	ˈres.tɚˌɑːnt	เร็ส-เทอร์-อานท์	0	R EH S T ER AA N T
restoration	ˌres.tɚˈeɪ.ʃən	เร็ส-เทอร์-เอ-เชิน	2	R EH S T ER EY SH AH N
restore	rɪˈstɔːr	ริ-สตอร์	1	R IH S T AO R
restrict	riˈstrɪkt	รี-สตริคท์	1	R IY S T R IH K T
restriction	riˈstrɪk.ʃən	รี-สตริค-เชิน	1	R IY S T R IH K SH AH N
restructuring	riˈstrʌk.tʃɚ.ɪŋ	รี-สตรัค-เชอร์-อิง	1	R IY S T R AH K CH ER IH NG
rests	rests	เร็สท์ส์	0	R EH S T S
result	rɪˈzʌlt	ริ-ซัลท์	1	R IH Z AH L T
resume	rɪˈzuːm	ริ-ซูม	1	R IH Z UW M
retail	ˈriːˌteɪl	รี-เทล	0	R IY T EY L
retailer	ˈriːˌteɪ.lɚ	รี-เท-เลอร์	0	R IY T EY L ER
retain	rɪˈteɪn	ริ-เทน	1	R IH T EY N
retire	rɪˈtaɪr	ริ-ไทร์	1	R IH T AY R
retired	rɪˈtaɪrd	ริ-ไทร์ด์	1	R IH T AY R D
retirement	riˈtaɪ.ɚ.mənt	รี-ไท-เออร์-เมินท์	1	R IY T AY ER M AH N T
retires	rɪˈtaɪrz	ริ-ไทร์ซ์	1	R IH T AY R Z
retreat	riˈtriːt	รี-ทรีท	1	R IY T R IY T
retrieve	rɪˈtriːv	ริ-ทรีฟ	1	R IH T R IY V
return	rɪˈtɝːn	ริ-เทิร์น	1	R IH T ER N
reveal	rɪˈviːl	ริ-วีล	1	R IH V IY L
revelation	ˌrev.əˈleɪ.ʃən	เร็ฟ-เวอะ-เล-เชิน	2	R EH V AH L EY SH AH N
revenge	riˈvendʒ	รี-เว็นจ์	1	R IY V EH N JH
revenue	ˈrev.əˌnuː	เร็ฟ-เวอะ-นู	0	R EH V AH N UW
reverse	rɪˈvɝːs	ริ-เวิร์ส	1	R IH V ER S
review	ˌriːˈvjuː	รี-วิว	1	R IY V Y UW
revise	rɪˈvaɪz	ริ-ไวซ์	1	R IH V AY Z
revival	rɪˈvaɪ.vəl	ริ-ไว-เวิล	1	R IH V AY V AH L
revive	rɪˈvaɪv	ริ-ไวฟ์	1	R IH V AY V
revolution	ˌrev.əˈluː.ʃən	เร็ฟ-เวอะ-ลู-เชิน	2	R EH V AH L UW SH AH N
revolutionary	ˌrev.əˈluː.ʃəˌner.i	เร็ฟ-เวอะ-ลู-เชอะ-เน-รี	2	R EH V AH L UW SH AH N EH R IY
reward	rɪˈwɔːrd	ริ-วอร์ด์	1	R IH W AO R D
rhetoric	ˈret.ɚ.ɪk	เร็ท-เทอร์-อิค	0	R EH T ER IH K
rhythm	ˈrɪð.əm	ริธ-เธิม	0	R IH DH AH M
rice	raɪs	ไรส์	0	R AY S
rich	rɪtʃ	ริช	0	R IH CH
rid	rɪd	ริด	0	R IH D
ride	raɪd	ไรด์	0	R AY D
rifle	ˈraɪ.fəl	ไร-เฟิล	0	R AY F AH L
right	raɪt	ไรท์	0	R AY T
ring	rɪŋ	ริง	0	R IH NG
riot	ˈraɪ.ət	ไร-เอิท	0	R AY AH T
rise	raɪz	ไรซ์	0	R AY Z
rising	ˈraɪ.zɪŋ	ไร-ซิง	0	R AY Z IH NG
risk	rɪsk	ริสค์	0	R IH S K
ritual	ˈrɪtʃ.u.əl	ริช-ชู-เอิล	0	R IH CH UW AH L
rival	ˈraɪ.vəl	ไร-เวิล	0	R AY V AH L
river	ˈrɪv.ɚ	ริฟ-เวอร์	0	R IH V ER
road	roʊd	โรด	0	R OW D
roads	roʊdz	โรดซ์	0	R OW D Z
robbery	ˈrɑː.bɚ.i	รา-เบอร์-อี	0	R AA B ER IY
robot	ˈroʊˌbɑːt	โร-บาท	0	R OW B AA T
rock	rɑːk	ราค	0	R AA K
rocket	ˈrɑː.kət	รา-เคิท	0	R AA K AH T
rod	rɑːd	ราด	0	R AA D
role	roʊl	โรล	0	R OW L
roll	roʊl	โรล	0	R OW L
romantic	roʊˈmæn.tɪk	โร-แมน-ทิค	1	R OW M AE N T IH K
roof	ruːf	รูฟ	0	R UW F
room	ruːm	รูม	0	R UW M
root	ruːt	รูท	0	R UW T
rope	roʊp	โรป	0	R OW P
rotate	ˈroʊˌteɪt	โร-เทท	0	R OW T EY T
rotation	roʊˈteɪ.ʃən	โร-เท-เชิน	1	R OW T EY SH AH N
rough	rʌf	รัฟ	0	R AH F
round	raʊnd	เราน์ด์	0	R AW N D
route	ruːt	รูท	0	R UW T
routine	ruˈtiːn	รู-ทีน	1	R UW T IY N
row	roʊ	โร	0	R OW
royal	ˈrɔɪ.əl	รอย-เอิล	0	R OY AH L
rub	rʌb	รับ	0	R AH B
rubber	ˈrʌb.ɚ	รับ-เบอร์	0	R AH B ER
rubbish	ˈrʌb.ɪʃ	รับ-บิช	0	R AH B IH SH
rude	ruːd	รูด	0	R UW D
rugby	ˈrʌɡ.bi	รัก-บี	0	R AH G B IY
rule	ruːl	รูล	0	R UW L
rules	ruːlz	รูลซ์	0	R UW L Z
ruling	ˈruː.lɪŋ	รู-ลิง	0	R UW L IH NG
rumour	ˈruː.mɚ	รู-เมอร์	0	R UW M ER
run	rʌn	รัน	0	R AH N
runner	ˈrʌn.ɚ	รัน-เนอร์	0	R AH N ER
running	ˈrʌn.ɪŋ	รัน-นิง	0	R AH N IH NG
rural	ˈrʊr.əl	รุ-เริล	0	R UH R AH L
rush	rʌʃ	รัช	0	R AH SH
sacred	ˈseɪ.krəd	เซ-เคริด	0	S EY K R AH D
sacrifice	ˈsæk.rəˌfaɪs	แซค-เรอะ-ไฟส์	0	S AE K R AH F AY S
sad	sæd	แซด	0	S AE D
sadly	ˈsæd.li	แซด-ลี	0	S AE D L IY
safe	seɪf	เซฟ	0	S EY F
safety	ˈseɪf.ti	เซฟ-ที	0	S EY F T IY
sail	seɪl	เซล	0	S EY L
sailing	ˈseɪ.lɪŋ	เซ-ลิง	0	S EY L IH NG
sailor	ˈseɪ.lɚ	เซ-เลอร์	0	S EY L ER
saint	seɪnt	เซนท์	0	S EY N T
sake	seɪk	เซค	0	S EY K
salad	ˈsæl.əd	แซล-เลิด	0	S AE L AH D
salary	ˈsæl.ɚ.i	แซล-เลอร์-อี	0	S AE L ER IY
sale	seɪl	เซล	0	S EY L
salt	sɔːlt	ซอลท์	0	S AO L T
same	seɪm	เซม	0	S EY M
sample	ˈsæm.pəl	แซม-เพิล	0	S AE M P AH L
sanction	ˈsæŋk.ʃən	แซงค์-เชิน	0	S AE NG K SH AH N
sand	sænd	แซนด์	0	S AE N D
sandwich	ˈsæn.dwɪtʃ	แซน-ดวิช	0	S AE N D W IH CH
satellite	ˈsæt.əˌlaɪt	แซท-เทอะ-ไลท์	0	S AE T AH L AY T
satisfied	ˈsæt.əˌsfaɪd	แซท-เทอะ-สไฟด์	0	S AE T AH S F AY D
satisfy	ˈsæt.əˌsfaɪ	แซท-เทอะ-สไฟ	0	S AE T AH S F AY
saturday	ˈsæt.ɚ.di	แซท-เทอร์-ดี	0	S AE T ER D IY
sauce	sɔːs	ซอส	0	S AO S
save	seɪv	เซฟ	0	S EY V
saving	ˈseɪ.vɪŋ	เซ-วิง	0	S EY V IH NG
saw	sɔː	ซอ	0	S AO
say	seɪ	เซ	0	S EY
scale	skeɪl	สเกล	0	S K EY L
scan	skæn	สแกน	0	S K AE N
scandal	ˈskæn.dəl	สแกน-เดิล	0	S K AE N D AH L
scare	sker	สแกร์	0	S K EH R
scared	skerd	สแกร์ด์	0	S K EH R D
scary	ˈsker.i	สเก-รี	0	S K EH R IY
scatter	ˈskæt.ɚ	สแกท-เทอร์	0	S K AE T ER
scenario	sɪˈner.i.oʊ	ซิ-เน-รี-โอ	1	S IH N EH R IY OW
scene	siːn	ซีน	0	S IY N
sceptical	ˈskep.tə.kəl	สเก็ป-เทอะ-เคิล	0	S K EH P T AH K AH L
schedule	ˈskedʒ.ʊl	สเก็จ-จุล	0	S K EH JH UH L
scheme	skiːm	สกีม	0	S K IY M
scholar	ˈskɑː.lɚ	สกา-เลอร์	0	S K AA L ER
scholarship	ˈskɑː.lɚˌʃɪp	สกา-เลอร์-ชิป	0	S K AA L ER SH IH P
school	skuːl	สกูล	0	S K UW L
science	ˈsaɪ.əns	ไซ-เอินส์	0	S AY AH N S
scientific	ˌsaɪ.ənˈtɪf.ɪk	ไซ-เอิน-ทิฟ-ฟิค	2	S AY AH N T IH F IH K
scientist	ˈsaɪ.ən.tɪst	ไซ-เอิน-ทิสท์	0	S AY AH N T IH S T
scientists	ˈsaɪ.ən.tɪsts	ไซ-เอิน-ทิสท์ส์	0	S AY AH N T IH S T S
scope	skoʊp	สโกป	0	S K OW P
score	skɔːr	สกอร์	0	S K AO R
scratch	skrætʃ	สแกรช	0	S K R AE CH
scream	skriːm	สกรีม	0	S K R IY M
screen	skriːn	สกรีน	0	S K R IY N
screening	ˈskriː.nɪŋ	สกรี-นิง	0	S K R IY N IH NG
screw	skruː	สกรู	0	S K R UW
script	skrɪpt	สกริปท์	0	S K R IH P T
scrutinising	ˈskruː.təˌnaɪ.zɪŋ	สกรู-เทอะ-ไน-ซิง	0	S K R UW T AH N AY Z IH NG
scrutiny	ˈskruː.tə.ni	สกรู-เทอะ-นี	0	S K R UW T AH N IY
sculpture	ˈskʌlp.tʃɚ	สกัลป์-เชอร์	0	S K AH L P CH ER
sea	siː	ซี	0	S IY
seal	siːl	ซีล	0	S IY L
search	sɝːtʃ	เซิร์ช	0	S ER CH
season	ˈsiː.zən	ซี-เซิน	0	S IY Z AH N
seat	siːt	ซีท	0	S IY T
second	ˈsek.ənd	เซ็ค-เคินด์	0	S EH K AH N D
secondary	ˈsek.ənˌder.i	เซ็ค-เคิน-เด-รี	0	S EH K AH N D EH R IY
secondly	ˈsek.ənd.li	เซ็ค-เคินด์-ลี	0	S EH K AH N D L IY
secret	ˈsiː.krət	ซี-เคริท	0	S IY K R AH T
secretary	ˈsek.rəˌter.i	เซ็ค-เรอะ-เท-รี	0	S EH K R AH T EH R IY
section	ˈsek.ʃən	เซ็ค-เชิน	0	S EH K SH AH N
sector	ˈsek.tɚ	เซ็ค-เทอร์	0	S EH K T ER
secure	sɪˈkjʊr	ซิ-คัวร์	1	S IH K Y UH R
security	sɪˈkjʊr.ə.ti	ซิ-คิว-เรอะ-ที	1	S IH K Y UH R AH T IY
see	siː	ซี	0	S IY
seed	siːd	ซีด	0	S IY D
seek	siːk	ซีค	0	S IY K
seem	siːm	ซีม	0	S IY M
seemingly	ˈsiː.mɪŋ.li	ซี-มิง-ลี	0	S IY M IH NG L IY
seen	siːn	ซีน	0	S IY N
segment	ˈseɡ.mənt	เซ็ก-เมินท์	0	S EH G M AH N T
seize	siːz	ซีซ	0	S IY Z
seldom	ˈsel.dəm	เซ็ล-เดิม	0	S EH L D AH M
select	səˈlekt	เซอะ-เล็คท์	1	S AH L EH K T
selection	səˈlek.ʃən	เซอะ-เล็ค-เชิน	1	S AH L EH K SH AH N
selective	səˈlek.tɪv	เซอะ-เล็ค-ทิฟ	1	S AH L EH K T IH V
self	self	เซ็ลฟ์	0	S EH L F
sell	sel	เซ็ล	0	S EH L
send	send	เซ็นด์	0	S EH N D
senior	ˈsiː.njɚ	ซี-เนอร์	0	S IY N Y ER
sensation	senˈseɪ.ʃən	เซ็น-เซ-เชิน	1	S EH N S EY SH AH N
sense	sens	เซ็นส์	0	S EH N S
sensible	ˈsen.sə.bəl	เซ็น-เซอะ-เบิล	0	S EH N S AH B AH L
sensitive	ˈsen.sə.tɪv	เซ็น-เซอะ-ทิฟ	0	S EH N S AH T IH V
sensitivity	ˌsen.sɪˈtɪv.ɪ.ti	เซ็น-ซิ-ทิฟ-วิ-ที	2	S EH N S IH T IH V IH T IY
sentence	ˈsen.təns	เซ็น-เทินส์	0	S EH N T AH N S
sentiment	ˈsen.tə.mənt	เซ็น-เทอะ-เมินท์	0	S EH N T AH M AH N T
separate	ˈsep.ɚˌeɪt	เซ็ป-เพอร์-เอท	0	S EH P ER EY T
separation	ˌsep.ɚˈeɪ.ʃən	เซ็ป-เพอร์-เอ-เชิน	2	S EH P ER EY SH AH N
september	sepˈtem.bɚ	เซ็ป-เท็ม-เบอร์	1	S EH P T EH M B ER
sequence	ˈsiː.kwəns	ซี-เควินส์	0	S IY K W AH N S
serial	ˈsɪrˌiː.əl	ซิ-รี-เอิล	0	S IH R IY AH L
series	ˈsɪr.iz	ซิ-รีซ	0	S IH R IY Z
serious	ˈsɪr.i.əs	ซิ-รี-เอิส	0	S IH R IY AH S
seriously	ˈsɪr.i.ə.sli	ซิ-รี-อะ-สลี	0	S IH R IY AH S L IY
servant	ˈsɝː.vənt	เซอร์-เวินท์	0	S ER V AH N T
serve	sɝːv	เซิร์ฟ	0	S ER V
service	ˈsɝː.vəs	เซอร์-เวิส	0	S ER V AH S
session	ˈseʃ.ən	เซ็ช-เชิน	0	S EH SH AH N
set	set	เซ็ท	0	S EH T
setting	ˈset.ɪŋ	เซ็ท-ทิง	0	S EH T IH NG
settle	ˈset.əl	เซ็ท-เทิล	0	S EH T AH L
settlement	ˈset.əl.mənt	เซ็ท-เทิล-เมินท์	0	S EH T AH L M AH N T
seven	ˈsev.ən	เซ็ฟ-เวิน	0	S EH V AH N
seventeen	ˈsev.ənˈtiːn	เซ็ฟ-เวิน-ทีน	0	S EH V AH N T IY N
seventy	ˈsev.ən.ti	เซ็ฟ-เวิน-ที	0	S EH V AH N T IY
several	ˈsev.rəl	เซ็ฟ-เริล	0	S EH V R AH L
severe	səˈvɪr	เซอะ-เวียร์	1	S AH V IH R
sex	seks	เซ็คส์	0	S EH K S
sexual	ˈsek.ʃu.əl	เซ็ค-ชู-เอิล	0	S EH K SH UW AH L
sexuality	ˌsek.ʃuˈæl.ə.ti	เซ็ค-ชู-แอล-เลอะ-ที	2	S EH K SH UW AE L AH T IY
shade	ʃeɪd	เชด	0	SH EY D
shadow	ˈʃædˌoʊ	แชด-โด	0	SH AE D OW
shake	ʃeɪk	เชค	0	SH EY K
shall	ʃæl	แชล	0	SH AE L
shallow	ˈʃæl.oʊ	แชล-โล	0	SH AE L OW
shame	ʃeɪm	เชม	0	SH EY M
shape	ʃeɪp	เชป	0	SH EY P
share	ʃer	แชร์	0	SH EH R
shareholder	ˈʃerˌhoʊl.dɚ	แชร์-โฮล-เดอร์	0	SH EH R HH OW L D ER
sharp	ʃɑːrp	ชาร์ป์	0	SH AA R P
shatter	ˈʃæt.ɚ	แชท-เทอร์	0	SH AE T ER
she	ʃiː	ชี	0	SH IY
shed	ʃed	เช็ด	0	SH EH D
sheep	ʃiːp	ชีป	0	SH IY P
sheer	ʃɪr	เชียร์	0	SH IH R
sheet	ʃiːt	ชีท	0	SH IY T
shelf	ʃelf	เช็ลฟ์	0	SH EH L F
shell	ʃel	เช็ล	0	SH EH L
shelter	ˈʃel.tɚ	เช็ล-เทอร์	0	SH EH L T ER
shift	ʃɪft	ชิฟท์	0	SH IH F T
shine	ʃaɪn	ไชน์	0	SH AY N
shining	ˈʃaɪ.nɪŋ	ไช-นิง	0	SH AY N IH NG
shiny	ˈʃaɪ.ni	ไช-นี	0	SH AY N IY
ship	ʃɪp	ชิป	0	SH IH P
shipping	ˈʃɪp.ɪŋ	ชิป-พิง	0	SH IH P IH NG
shirt	ʃɝːt	เชิร์ท	0	SH ER T
shock	ʃɑːk	ชาค	0	SH AA K
shocked	ʃɑːkt	ชาคท์	0	SH AA K T
shoe	ʃuː	ชู	0	SH UW
shoot	ʃuːt	ชูท	0	SH UW T
shooting	ˈʃuː.tɪŋ	ชู-ทิง	0	SH UW T IH NG
shop	ʃɑːp	ชาป	0	SH AA P
shopping	ˈʃɑː.pɪŋ	ชา-พิง	0	SH AA P IH NG
short	ʃɔːrt	ชอร์ท์	0	SH AO R T
shortage	ˈʃɔːr.tədʒ	ชอร์-เทิจ	0	SH AO R T AH JH
shortly	ˈʃɔːrt.li	ชอร์ท์-ลี	0	SH AO R T L IY
shot	ʃɑːt	ชาท	0	SH AA T
should	ʃʊd	ชุด	0	SH UH D
shoulder	ˈʃoʊl.dɚ	โชล-เดอร์	0	SH OW L D ER
shout	ʃaʊt	เชาท์	0	SH AW T
show	ʃoʊ	โช	0	SH OW
shower	ˈʃaʊ.ɚ	เชา-เออร์	0	SH AW ER
shrink	ʃrɪŋk	ชริงค์	0	SH R IH NG K
shut	ʃʌt	ชัท	0	SH AH T
shy	ʃaɪ	ไช	0	SH AY
sibling	ˈsɪb.lɪŋ	ซิบ-ลิง	0	S IH B L IH NG
sick	sɪk	ซิค	0	S IH K
side	saɪd	ไซด์	0	S AY D
sides	saɪdz	ไซด์ซ์	0	S AY D Z
siege	siːdʒ	ซีจ	0	S IY JH
sight	saɪt	ไซท์	0	S AY T
sign	saɪn	ไซน์	0	S AY N
signal	ˈsɪɡ.nəl	ซิก-เนิล	0	S IH G N AH L
signature	ˈsɪɡ.nə.tʃɚ	ซิก-เนอะ-เชอร์	0	S IH G N AH CH ER
signed	saɪnd	ไซน์ด์	0	S AY N D
significant	səɡˈnɪf.ɪ.kənt	เซิก-นิฟ-ฟิ-เคินท์	1	S AH G N IH F IH K AH N T
significantly	sɪɡˈnɪf.ɪ.kənt.li	ซิก-นิฟ-ฟิ-เคินท์-ลี	1	S IH G N IH F IH K AH N T L IY
silence	ˈsaɪ.ləns	ไซ-เลินส์	0	S AY L AH N S
silent	ˈsaɪ.lənt	ไซ-เลินท์	0	S AY L AH N T
silk	sɪlk	ซิลค์	0	S IH L K
silly	ˈsɪl.i	ซิล-ลี	0	S IH L IY
silver	ˈsɪl.vɚ	ซิล-เวอร์	0	S IH L V ER
similar	ˈsɪm.ə.lɚ	ซิม-เมอะ-เลอร์	0	S IH M AH L ER
similarity	ˌsɪm.əˈler.ə.ti	ซิม-เมอะ-เล-เรอะ-ที	2	S IH M AH L EH R AH T IY
similarly	ˈsɪm.ə.lɚ.li	ซิม-เมอะ-เลอร์-ลี	0	S IH M AH L ER L IY
simple	ˈsɪm.pəl	ซิม-เพิล	0	S IH M P AH L
simply	ˈsɪm.pli	ซิม-พลี	0	S IH M P L IY
simulate	ˈsɪm.jə.lət	ซิม-เยอะ-เลิท	0	S IH M Y AH L AH T
simulation	ˌsɪm.jəˈleɪ.ʃən	ซิม-เยอะ-เล-เชิน	2	S IH M Y AH L EY SH AH N
simultaneously	ˌsaɪ.məlˈteɪ.ni.ə.sli	ไซ-เมิล-เท-นี-อะ-สลี	2	S AY M AH L T EY N IY AH S L IY
since	sɪns	ซินส์	0	S IH N S
sincere	sɪnˈsɪr	ซิน-เซียร์	1	S IH N S IH R
sing	sɪŋ	ซิง	0	S IH NG
singer	ˈsɪŋ.ɚ	ซิง-เออร์	0	S IH NG ER
singing	ˈsɪŋ.ɪŋ	ซิง-อิง	0	S IH NG IH NG
single	ˈsɪŋ.ɡəl	ซิง-เกิล	0	S IH NG G AH L
sink	sɪŋk	ซิงค์	0	S IH NG K
sir	sɝː	เซอร์	0	S ER
sister	ˈsɪs.tɚ	ซิส-เทอร์	0	S IH S T ER
sit	sɪt	ซิท	0	S IH T
site	saɪt	ไซท์	0	S AY T
situated	ˈsɪtʃ.uˌeɪ.tɪd	ซิช-ชู-เอ-ทิด	0	S IH CH UW EY T IH D
situation	ˌsɪtʃ.uˈeɪ.ʃən	ซิช-ชู-เอ-เชิน	2	S IH CH UW EY SH AH N
six	sɪks	ซิคส์	0	S IH K S
sixteen	sɪkˈstiːn	ซิค-สตีน	1	S IH K S T IY N
sixty	ˈsɪk.sti	ซิค-สตี	0	S IH K S T IY
size	saɪz	ไซซ์	0	S AY Z
sketch	sketʃ	สเก็ช	0	S K EH CH
ski	skiː	สกี	0	S K IY
skiing	ˈskiː.ɪŋ	สกี-อิง	0	S K IY IH NG
skill	skɪl	สกิล	0	S K IH L
skin	skɪn	สกิน	0	S K IH N
skirt	skɝːt	สเกิร์ท	0	S K ER T
skull	skʌl	สกัล	0	S K AH L
sky	skaɪ	สไก	0	S K AY
slave	sleɪv	สเลฟ	0	S L EY V
slavery	ˈsleɪ.vɚ.i	สเล-เวอร์-อี	0	S L EY V ER IY
sleep	sliːp	สลีป	0	S L IY P
sleeping	ˈsliː.pɪŋ	สลี-พิง	0	S L IY P IH NG
slice	slaɪs	สไลส์	0	S L AY S
slide	slaɪd	สไลด์	0	S L AY D
slight	slaɪt	สไลท์	0	S L AY T
slightly	ˈslaɪt.li	สไลท์-ลี	0	S L AY T L IY
slip	slɪp	สลิป	0	S L IH P
slope	sloʊp	สโลป	0	S L OW P
slot	slɑːt	สลาท	0	S L AA T
slow	sloʊ	สโล	0	S L OW
slowly	ˈsloʊ.li	สโล-ลี	0	S L OW L IY
small	smɔːl	สมอล	0	S M AO L
smart	smɑːrt	สมาร์ท์	0	S M AA R T
smarter	ˈsmɑːr.tɚ	สมาร์-เทอร์	0	S M AA R T ER
smartphone	ˈsmɑːrtˌfoʊn	สมาร์ท์-โฟน	0	S M AA R T F OW N
smartphones	ˈsmɑːrtˌfoʊnz	สมาร์ท์-โฟนซ์	0	S M AA R T F OW N Z
smash	smæʃ	สแมช	0	S M AE SH
smell	smel	สเม็ล	0	S M EH L
smile	smaɪl	สไมล์	0	S M AY L
smoke	smoʊk	สโมค	0	S M OW K
smoking	ˈsmoʊ.kɪŋ	สโม-คิง	0	S M OW K IH NG
smooth	smuːð	สมูธ	0	S M UW DH
snake	sneɪk	สเนค	0	S N EY K
snow	snoʊ	สโน	0	S N OW
so	soʊ	โซ	0	S OW
soap	soʊp	โซป	0	S OW P
soar	sɔːr	ซอร์	0	S AO R
soccer	ˈsɑː.kɚ	ซา-เคอร์	0	S AA K ER
social	ˈsoʊ.ʃəl	โซ-เชิล	0	S OW SH AH L
socialist	ˈsoʊ.ʃə.ləst	โซ-เชอะ-เลิสท์	0	S OW SH AH L AH S T
society	səˈsaɪ.ə.ti	เซอะ-ไซ-อะ-ที	1	S AH S AY AH T IY
sock	sɑːk	ซาค	0	S AA K
soft	sɑːft	ซาฟท์	0	S AA F T
software	ˈsɔːfˌtwer	ซอฟ-แทวร์	0	S AO F T W EH R
soil	sɔɪl	ซอยล์	0	S OY L
solar	ˈsoʊ.lɚ	โซ-เลอร์	0	S OW L ER
soldier	ˈsoʊl.dʒɚ	โซล-เจอร์	0	S OW L JH ER
sole	soʊl	โซล	0	S OW L
solely	ˈsoʊ.ə.li	โซ-อะ-ลี	0	S OW AH L IY
solicitor	səˈlɪs.ə.tɚ	เซอะ-ลิส-เซอะ-เทอร์	1	S AH L IH S AH T ER
solid	ˈsɑː.ləd	ซา-เลิด	0	S AA L AH D
solidarity	ˌsɑː.ləˈder.ə.ti	ซา-เลอะ-เด-เรอะ-ที	2	S AA L AH D EH R AH T IY
solo	ˈsoʊˌloʊ	โซ-โล	0	S OW L OW
solution	səˈluː.ʃən	เซอะ-ลู-เชิน	1	S AH L UW SH AH N
solve	sɑːlv	ซาลฟ์	0	S AA L V
some	sʌm	ซัม	0	S AH M
somebody	ˈsʌmˌbɑː.di	ซัม-บา-ดี	0	S AH M B AA D IY
someone	ˈsʌmˌwʌn	ซัม-วัน	0	S AH M W AH N
something	ˈsʌm.θɪŋ	ซัม-ธิง	0	S AH M TH IH NG
sometimes	səmˈtaɪmz	เซิม-ไทม์ซ์	1	S AH M T AY M Z
somewhat	ˈsʌmˈwʌt	ซัม-วัท	0	S AH M W AH T
somewhere	ˈsʌmˌwer	ซัม-แวร์	0	S AH M W EH R
son	sʌn	ซัน	0	S AH N
song	sɔːŋ	ซอง	0	S AO NG
soon	suːn	ซูน	0	S UW N
sophisticated	səˈfɪs.təˌkeɪ.tɪd	เซอะ-ฟิส-เทอะ-เค-ทิด	1	S AH F IH S T AH K EY T IH D
sorry	ˈsɑː.ri	ซา-รี	0	S AA R IY
sort	sɔːrt	ซอร์ท์	0	S AO R T
soul	soʊl	โซล	0	S OW L
sound	saʊnd	เซาน์ด์	0	S AW N D
soup	suːp	ซูป	0	S UW P
source	sɔːrs	ซอร์ส์	0	S AO R S
south	saʊθ	เซาธ์	0	S AW TH
southern	ˈsʌð.ɚn	ซัธ-เธิร์น	0	S AH DH ER N
sovereignty	ˈsɑːv.rən.ti	ซาฟ-เริน-ที	0	S AA V R AH N T IY
space	speɪs	สเปส	0	S P EY S
span	spæn	สแปน	0	S P AE N
spare	sper	สแปร์	0	S P EH R
spark	spɑːrk	สปาร์ค์	0	S P AA R K
speak	spiːk	สปีค	0	S P IY K
speaker	ˈspiː.kɚ	สปี-เคอร์	0	S P IY K ER
special	ˈspeʃ.əl	สเป็ช-เชิล	0	S P EH SH AH L
specialist	ˈspeʃ.ə.ləst	สเป็ช-เชอะ-เลิสท์	0	S P EH SH AH L AH S T
specialize	ˈspeʃ.əˌlaɪz	สเป็ช-เชอะ-ไลซ์	0	S P EH SH AH L AY Z
specialized	ˈspeʃ.əˌlaɪzd	สเป็ช-เชอะ-ไลซ์ด์	0	S P EH SH AH L AY Z D
species	ˈspiː.ʃiz	สปี-ชีซ	0	S P IY SH IY Z
specific	spəˈsɪf.ɪk	สเปอะ-ซิฟ-ฟิค	1	S P AH S IH F IH K
specifically	spəˈsɪf.ɪ.kli	สเปอะ-ซิฟ-ฟิ-คลี	1	S P AH S IH F IH K L IY
specify	ˈspes.əˌfaɪ	สเป็ส-เซอะ-ไฟ	0	S P EH S AH F AY
specimen	ˈspes.ə.mən	สเป็ส-เซอะ-เมิน	0	S P EH S AH M AH N
spectacle	ˈspek.tə.kəl	สเป็ค-เทอะ-เคิล	0	S P EH K T AH K AH L
spectacular	spekˈtæk.jə.lɚ	สเป็ค-แทค-เยอะ-เลอร์	1	S P EH K T AE K Y AH L ER
spectator	ˈspek.teɪ.tɚ	สเป็ค-เท-เทอร์	0	S P EH K T EY T ER
spectrum	ˈspek.trəm	สเป็ค-เทริม	0	S P EH K T R AH M
speculate	ˈspek.jəˌleɪt	สเป็ค-เยอะ-เลท	0	S P EH K Y AH L EY T
speculation	ˌspek.jəˈleɪ.ʃən	สเป็ค-เยอะ-เล-เชิน	2	S P EH K Y AH L EY SH AH N
speech	spiːtʃ	สปีช	0	S P IY CH
speed	spiːd	สปีด	0	S P IY D
spell	spel	สเป็ล	0	S P EH L
spelling	ˈspel.ɪŋ	สเป็ล-ลิง	0	S P EH L IH NG
spend	spend	สเป็นด์	0	S P EH N D
spending	ˈspen.dɪŋ	สเป็น-ดิง	0	S P EH N D IH NG
sphere	sfɪr	สเฟียร์	0	S F IH R
spicy	ˈspaɪ.si	สไป-ซี	0	S P AY S IY
spider	ˈspaɪ.dɚ	สไป-เดอร์	0	S P AY D ER
spill	spɪl	สปิล	0	S P IH L
spin	spɪn	สปิน	0	S P IH N
spine	spaɪn	สไปน์	0	S P AY N
spirit	ˈspɪr.ət	สปิ-เริท	0	S P IH R AH T
spiritual	ˈspɪr.ɪˌtʃuː.əl	สปิ-ริ-ชู-เอิล	0	S P IH R IH CH UW AH L
split	splɪt	สปลิท	0	S P L IH T
spoken	ˈspoʊ.kən	สโป-เคิน	0	S P OW K AH N
spokesman	ˈspoʊk.smən	สโปค-สเมิน	0	S P OW K S M AH N
spokesperson	ˈspoʊk.spɚ.sən	สโปค-สเปอร์-เซิน	0	S P OW K S P ER S AH N
spokeswoman	ˈspoʊkˌswʊm.ən	สโปค-สวุม-เมิน	0	S P OW K S W UH M AH N
sponsor	ˈspɑːn.sɚ	สปาน-เซอร์	0	S P AA N S ER
sponsorship	ˈspɑːn.sɚˌʃɪp	สปาน-เซอร์-ชิป	0	S P AA N S ER SH IH P
spoon	spuːn	สปูน	0	S P UW N
sport	spɔːrt	สปอร์ท์	0	S P AO R T
sports	spɔːrts	สปอร์ท์ส์	0	S P AO R T S
spot	spɑːt	สปาท	0	S P AA T
spouse	spaʊs	สเปาส์	0	S P AW S
spread	spred	สเปร็ด	0	S P R EH D
spring	sprɪŋ	สปริง	0	S P R IH NG
spy	spaɪ	สไป	0	S P AY
squad	skwɑːd	สกวาด	0	S K W AA D
square	skwer	สแกวร์	0	S K W EH R
squeeze	skwiːz	สกวีซ	0	S K W IY Z
stability	stəˈbɪl.ɪ.ti	สเตอะ-บิล-ลิ-ที	1	S T AH B IH L IH T IY
stabilize	ˈsteɪ.bəˌlaɪz	สเต-เบอะ-ไลซ์	0	S T EY B AH L AY Z
stable	ˈsteɪ.bəl	สเต-เบิล	0	S T EY B AH L
stadium	ˈsteɪ.di.əm	สเต-ดี-เอิม	0	S T EY D IY AH M
staff	stæf	สแตฟ	0	S T AE F
stage	steɪdʒ	สเตจ	0	S T EY JH
stair	ster	สแตร์	0	S T EH R
stake	steɪk	สเตค	0	S T EY K
stall	stɔːl	สตอล	0	S T AO L
stamp	stæmp	สแตมป์	0	S T AE M P
stance	stæns	สแตนส์	0	S T AE N S
stand	stænd	สแตนด์	0	S T AE N D
standard	ˈstæn.dɚd	สแตน-เดิร์ด	0	S T AE N D ER D
standing	ˈstæn.dɪŋ	สแตน-ดิง	0	S T AE N D IH NG
star	stɑːr	สตาร์	0	S T AA R
stare	ster	สแตร์	0	S T EH R
stark	stɑːrk	สตาร์ค์	0	S T AA R K
start	stɑːrt	สตาร์ท์	0	S T AA R T
started	ˈstɑːr.tɪd	สตาร์-ทิด	0	S T AA R T IH D
starve	stɑːrv	สตาร์ฟ์	0	S T AA R V
state	steɪt	สเตท	0	S T EY T
statement	ˈsteɪt.mənt	สเตท-เมินท์	0	S T EY T M AH N T
station	ˈsteɪ.ʃən	สเต-เชิน	0	S T EY SH AH N
statistic	stəˈtɪs.tɪk	สเตอะ-ทิส-ทิค	1	S T AH T IH S T IH K
statistical	stəˈtɪs.tɪ.kəl	สเตอะ-ทิส-ทิ-เคิล	1	S T AH T IH S T IH K AH L
statue	ˈstætʃˌuː	สแตช-ชู	0	S T AE CH UW
status	ˈstæt.əs	สแตท-เทิส	0	S T AE T AH S
stay	steɪ	สเต	0	S T EY
staying	ˈsteɪ.ɪŋ	สเต-อิง	0	S T EY IH NG
steadily	ˈsted.ə.li	สเต็ด-เดอะ-ลี	0	S T EH D AH L IY
steady	ˈsted.i	สเต็ด-ดี	0	S T EH D IY
steal	stiːl	สตีล	0	S T IY L
steel	stiːl	สตีล	0	S T IY L
steep	stiːp	สตีป	0	S T IY P
steer	stɪr	สเตียร์	0	S T IH R
stem	stem	สเต็ม	0	S T EH M
step	step	สเต็ป	0	S T EH P
stereotype	ˈster.i.əˌtaɪp	สเต-รี-อะ-ไทป์	0	S T EH R IY AH T AY P
stick	stɪk	สติค	0	S T IH K
sticky	ˈstɪk.i	สติค-คี	0	S T IH K IY
stiff	stɪf	สติฟ	0	S T IH F
still	stɪl	สติล	0	S T IH L
stimulate	ˈstɪm.jəˌleɪt	สติม-เยอะ-เลท	0	S T IH M Y AH L EY T
stimulus	ˈstɪm.jə.ləs	สติม-เยอะ-เลิส	0	S T IH M Y AH L AH S
stir	stɝː	สเตอร์	0	S T ER
stock	stɑːk	สตาค	0	S T AA K
stomach	ˈstʌm.ək	สตัม-เมิค	0	S T AH M AH K
stone	stoʊn	สโตน	0	S T OW N
stop	stɑːp	สตาป	0	S T AA P
storage	ˈstɔː.rədʒ	สตอ-เริจ	0	S T AO R AH JH
store	stɔːr	สตอร์	0	S T AO R
storm	stɔːrm	สตอร์ม์	0	S T AO R M
story	ˈstɔː.ri	สตอ-รี	0	S T AO R IY
straight	streɪt	สเตรท	0	S T R EY T
straightforward	ˈstreɪtˈfɔːr.wɚd	สเตรท-ฟอร์-เวิร์ด	0	S T R EY T F AO R W ER D
strain	streɪn	สเตรน	0	S T R EY N
strand	strænd	สแตรนด์	0	S T R AE N D
strange	streɪndʒ	สเตรนจ์	0	S T R EY N JH
stranger	ˈstreɪn.dʒɚ	สเตรน-เจอร์	0	S T R EY N JH ER
strategic	strəˈtiː.dʒɪk	สเตรอะ-ที-จิค	1	S T R AH T IY JH IH K
strategy	ˈstræt.ə.dʒi	สแตรท-เทอะ-จี	0	S T R AE T AH JH IY
stream	striːm	สตรีม	0	S T R IY M
street	striːt	สตรีท	0	S T R IY T
strength	streŋkθ	สเตร็งค์ธ์	0	S T R EH NG K TH
strengthen	ˈstreŋ.θən	สเตร็ง-เธิน	0	S T R EH NG TH AH N
stress	stres	สเตร็ส	0	S T R EH S
stretch	stretʃ	สเตร็ช	0	S T R EH CH
strict	strɪkt	สตริคท์	0	S T R IH K T
strictly	ˈstrɪkt.li	สตริคท์-ลี	0	S T R IH K T L IY
strike	straɪk	สไตรค์	0	S T R AY K
striking	ˈstraɪ.kɪŋ	สไตร-คิง	0	S T R AY K IH NG
string	strɪŋ	สตริง	0	S T R IH NG
strip	strɪp	สตริป	0	S T R IH P
stroke	stroʊk	สโตรค	0	S T R OW K
strong	strɔːŋ	สตรอง	0	S T R AO NG
strongly	ˈstrɔːŋ.li	สตรอง-ลี	0	S T R AO NG L IY
structural	ˈstrʌk.tʃɚ.əl	สตรัค-เชอร์-เอิล	0	S T R AH K CH ER AH L
structure	ˈstrʌk.tʃɚ	สตรัค-เชอร์	0	S T R AH K CH ER
struggle	ˈstrʌɡ.əl	สตรัก-เกิล	0	S T R AH G AH L
student	ˈstuː.dənt	สตู-เดินท์	0	S T UW D AH N T
students	ˈstuː.dənts	สตู-เดินท์ส์	0	S T UW D AH N T S
studio	ˈstuː.diˌoʊ	สตู-ดี-โอ	0	S T UW D IY OW
study	ˈstʌd.i	สตัด-ดี	0	S T AH D IY
studying	ˈstʌd.i.ɪŋ	สตัด-ดี-อิง	0	S T AH D IY IH NG
stuff	stʌf	สตัฟ	0	S T AH F
stumble	ˈstʌm.bəl	สตัม-เบิล	0	S T AH M B AH L
stun	stʌn	สตัน	0	S T AH N
stunning	ˈstʌn.ɪŋ	สตัน-นิง	0	S T AH N IH NG
stupid	ˈstuː.pəd	สตู-เพิด	0	S T UW P AH D
style	staɪl	สไตล์	0	S T AY L
subject	səbˈdʒekt	เซิบ-เจ็คท์	1	S AH B JH EH K T
subjective	səbˈdʒek.tɪv	เซิบ-เจ็ค-ทิฟ	1	S AH B JH EH K T IH V
submission	səbˈmɪʃ.ən	เซิบ-มิช-เชิน	1	S AH B M IH SH AH N
submit	səbˈmɪt	เซิบ-มิท	1	S AH B M IH T
subscriber	səbˈskraɪ.bɚ	เซิบ-สไกร-เบอร์	1	S AH B S K R AY B ER
subscription	səbˈskrɪp.ʃən	เซิบ-สกริป-เชิน	1	S AH B S K R IH P SH AH N
subsequent	ˈsʌb.sə.kwənt	ซับ-เซอะ-เควินท์	0	S AH B S AH K W AH N T
subsequently	ˈsʌb.sə.kwənt.li	ซับ-เซอะ-เควินท์-ลี	0	S AH B S AH K W AH N T L IY
subsidy	ˈsʌb.sɪ.di	ซับ-ซิ-ดี	0	S AH B S IH D IY
substance	ˈsʌb.stəns	ซับ-สเตินส์	0	S AH B S T AH N S
substantial	səbˈstæn.ʃəl	เซิบ-สแตน-เชิล	1	S AH B S T AE N SH AH L
substantially	səbˈstæn.ʃə.li	เซิบ-สแตน-เชอะ-ลี	1	S AH B S T AE N SH AH L IY
substitute	ˈsʌb.stəˌtuːt	ซับ-สเตอะ-ทูท	0	S AH B S T AH T UW T
substitution	ˌsʌb.stɪˈtuː.ʃən	ซับ-สติ-ทู-เชิน	2	S AH B S T IH T UW SH AH N
subtle	ˈsʌt.əl	ซัท-เทิล	0	S AH T AH L
suburb	ˈsʌb.ɚb	ซับ-เบิร์บ	0	S AH B ER B
suburban	səˈbɝː.bən	เซอะ-เบอร์-เบิน	1	S AH B ER B AH N
succeed	səkˈsiːd	เซิค-ซีด	1	S AH K S IY D
success	səkˈses	เซิค-เซ็ส	1	S AH K S EH S
successful	səkˈses.fəl	เซิค-เซ็ส-เฟิล	1	S AH K S EH S F AH L
successfully	səkˈses.fə.li	เซิค-เซ็ส-เฟอะ-ลี	1	S AH K S EH S F AH L IY
succession	səkˈseʃ.ən	เซิค-เซ็ช-เชิน	1	S AH K S EH SH AH N
successive	səkˈses.ɪv	เซิค-เซ็ส-ซิฟ	1	S AH K S EH S IH V
successor	səkˈses.ɚ	เซิค-เซ็ส-เซอร์	1	S AH K S EH S ER
such	sʌtʃ	ซัช	0	S AH CH
sudden	ˈsʌd.ən	ซัด-เดิน	0	S AH D AH N
suddenly	ˈsʌd.ən.li	ซัด-เดิน-ลี	0	S AH D AH N L IY
sue	suː	ซู	0	S UW
suffer	ˈsʌf.ɚ	ซัฟ-เฟอร์	0	S AH F ER
sugar	ˈʃʊɡ.ɚ	ชุก-เกอร์	0	SH UH G ER
suggest	səˈdʒest	เซอะ-เจ็สท์	1	S AH JH EH S T
suggestion	səˈdʒes.tʃən	เซอะ-เจ็ส-เชิน	1	S AH JH EH S CH AH N
suicide	ˈsuː.əˌsaɪd	ซู-อะ-ไซด์	0	S UW AH S AY D
suit	suːt	ซูท	0	S UW T
suitable	ˈsuː.tə.bəl	ซู-เทอะ-เบิล	0	S UW T AH B AH L
suite	swiːt	สวีท	0	S W IY T
sum	sʌm	ซัม	0	S AH M
summarize	ˈsʌm.ɚˌaɪz	ซัม-เมอร์-ไอซ์	0	S AH M ER AY Z
summary	ˈsʌm.ɚ.i	ซัม-เมอร์-อี	0	S AH M ER IY
summer	ˈsʌm.ɚ	ซัม-เมอร์	0	S AH M ER
summit	ˈsʌm.ət	ซัม-เมิท	0	S AH M AH T
sun	sʌn	ซัน	0	S AH N
sunday	ˈsʌnˌdeɪ	ซัน-เด	0	S AH N D EY
sunny	ˈsʌn.i	ซัน-นี	0	S AH N IY
superb	sʊˈpɝːb	ซุ-เพิร์บ	1	S UH P ER B
superior	suˈpɪr.i.ɚ	ซู-พิ-รี-เออร์	1	S UW P IH R IY ER
supermarket	ˈsuː.pɚˌmɑːr.kɪt	ซู-เพอร์-มาร์-คิท	0	S UW P ER M AA R K IH T
supervise	ˈsuː.pɚˌvaɪz	ซู-เพอร์-ไวซ์	0	S UW P ER V AY Z
supervision	ˌsuː.pɚˈvɪʒ.ən	ซู-เพอร์-วิช-เชิน	2	S UW P ER V IH ZH AH N
supervisor	ˈsuː.pɚˌvaɪ.zɚ	ซู-เพอร์-ไว-เซอร์	0	S UW P ER V AY Z ER
supplement	ˈsʌp.lə.mənt	ซัป-เลอะ-เมินท์	0	S AH P L AH M AH N T
supply	səˈplaɪ	เซอะ-ไพล	1	S AH P L AY
support	səˈpɔːrt	เซอะ-พอร์ท์	1	S AH P AO R T
supporter	səˈpɔːr.tɚ	เซอะ-พอร์-เทอร์	1	S AH P AO R T ER
supportive	səˈpɔːr.tɪv	เซอะ-พอร์-ทิฟ	1	S AH P AO R T IH V
suppose	səˈpoʊz	เซอะ-โพซ	1	S AH P OW Z
supposedly	səˈpoʊ.zəd.li	เซอะ-โพ-เซิด-ลี	1	S AH P OW Z AH D L IY
suppress	səˈpres	เซอะ-เพร็ส	1	S AH P R EH S
supreme	səˈpriːm	เซอะ-พรีม	1	S AH P R IY M
sure	ʃʊr	ชัวร์	0	SH UH R
surely	ˈʃʊr.li	ชัวร์-ลี	0	SH UH R L IY
surface	ˈsɝː.fəs	เซอร์-เฟิส	0	S ER F AH S
surge	sɝːdʒ	เซิร์จ	0	S ER JH
surgeon	ˈsɝː.dʒən	เซอร์-เจิน	0	S ER JH AH N
surgery	ˈsɝː.dʒɚ.i	เซอร์-เจอร์-อี	0	S ER JH ER IY
surgical	ˈsɝː.dʒɪ.kəl	เซอร์-จิ-เคิล	0	S ER JH IH K AH L
surplus	ˈsɝː.pləs	เซอร์-เพลิส	0	S ER P L AH S
surprise	sɚˈpraɪz	เซอร์-ไพรซ์	1	S ER P R AY Z
surprised	sɚˈpraɪzd	เซอร์-ไพรซ์ด์	1	S ER P R AY Z D
surprising	sɚˈpraɪ.zɪŋ	เซอร์-ไพร-ซิง	1	S ER P R AY Z IH NG
surrender	sɚˈen.dɚ	เซอร์-เอ็น-เดอร์	1	S ER EH N D ER
surround	sɚˈaʊnd	เซอร์-เอาน์ด์	1	S ER AW N D
surrounding	sɚˈaʊn.dɪŋ	เซอร์-เอาน์-ดิง	1	S ER AW N D IH NG
surveillance	sɚˈveɪ.ləns	เซอร์-เว-เลินส์	1	S ER V EY L AH N S
survey	sɚˈveɪ	เซอร์-เว	1	S ER V EY
survival	sɚˈvaɪ.vəl	เซอร์-ไว-เวิล	1	S ER V AY V AH L
survive	sɚˈvaɪv	เซอร์-ไวฟ์	1	S ER V AY V
survivor	sɚˈvaɪ.vɚ	เซอร์-ไว-เวอร์	1	S ER V AY V ER
suspect	səˈspekt	เซอะ-สเป็คท์	1	S AH S P EH K T
suspend	səˈspend	เซอะ-สเป็นด์	1	S AH S P EH N D
suspension	səˈspen.ʃən	เซอะ-สเป็น-เชิน	1	S AH S P EH N SH AH N
suspicion	səˈspɪʃ.ən	เซอะ-สปิช-เชิน	1	S AH S P IH SH AH N
suspicious	səˈspɪʃ.əs	เซอะ-สปิช-เชิส	1	S AH S P IH SH AH S
sustain	səˈsteɪn	เซอะ-สเตน	1	S AH S T EY N
sustainable	səˈsteɪ.nə.bəl	เซอะ-สเต-เนอะ-เบิล	1	S AH S T EY N AH B AH L
swallow	ˈswɑː.loʊ	สวา-โล	0	S W AA L OW
swap	swɑːp	สวาป	0	S W AA P
swear	swer	สแวร์	0	S W EH R
sweater	ˈswet.ɚ	สเว็ท-เทอร์	0	S W EH T ER
sweep	swiːp	สวีป	0	S W IY P
sweet	swiːt	สวีท	0	S W IY T
swim	swɪm	สวิม	0	S W IH M
swimming	ˈswɪm.ɪŋ	สวิม-มิง	0	S W IH M IH NG
swing	swɪŋ	สวิง	0	S W IH NG
switch	swɪtʃ	สวิช	0	S W IH CH
sword	sɔːrd	ซอร์ด์	0	S AO R D
symbol	ˈsɪm.bəl	ซิม-เบิล	0	S IH M B AH L
symbolic	sɪmˈbɑː.lɪk	ซิม-บา-ลิค	1	S IH M B AA L IH K
sympathetic	ˌsɪm.pəˈθet.ɪk	ซิม-เพอะ-เธ็ท-ทิค	2	S IH M P AH TH EH T IH K
sympathy	ˈsɪm.pə.θi	ซิม-เพอะ-ธี	0	S IH M P AH TH IY
symptom	ˈsɪmp.təm	ซิมป์-เทิม	0	S IH M P T AH M
syndrome	ˈsɪnˌdroʊm	ซิน-โดรม	0	S IH N D R OW M
synthesis	ˈsɪn.θə.səs	ซิน-เธอะ-เซิส	0	S IH N TH AH S AH S
system	ˈsɪs.təm	ซิส-เทิม	0	S IH S T AH M
systematic	ˌsɪs.təˈmæt.ɪk	ซิส-เทอะ-แมท-ทิค	2	S IH S T AH M AE T IH K
t	tiː	ที	0	T IY
table	ˈteɪ.bəl	เท-เบิล	0	T EY B AH L
tablet	ˈtæb.lət	แทบ-เลิท	0	T AE B L AH T
tackle	ˈtæk.əl	แทค-เคิล	0	T AE K AH L
tactic	ˈtæk.tɪk	แทค-ทิค	0	T AE K T IH K
tactical	ˈtæk.tɪ.kəl	แทค-ทิ-เคิล	0	T AE K T IH K AH L
tail	teɪl	เทล	0	T EY L
take	teɪk	เทค	0	T EY K
tale	teɪl	เทล	0	T EY L
talent	ˈtæl.ənt	แทล-เลินท์	0	T AE L AH N T
talented	ˈtæl.ən.tɪd	แทล-เลิน-ทิด	0	T AE L AH N T IH D
talk	tɔːk	ทอค	0	T AO K
talking	ˈtɔː.kɪŋ	ทอ-คิง	0	T AO K IH NG
tall	tɔːl	ทอล	0	T AO L
tank	tæŋk	แทงค์	0	T AE NG K
tape	teɪp	เทป	0	T EY P
target	ˈtɑːr.ɡət	ทาร์-เกิท	0	T AA R G AH T
task	tæsk	แทสค์	0	T AE S K
taste	teɪst	เทสท์	0	T EY S T
tax	tæks	แทคส์	0	T AE K S
taxi	ˈtæk.si	แทค-ซี	0	T AE K S IY
taxpayer	ˈtækˌspeɪ.ɚ	แทค-สเป-เออร์	0	T AE K S P EY ER
tea	tiː	ที	0	T IY
teach	tiːtʃ	ทีช	0	T IY CH
teacher	ˈtiː.tʃɚ	ที-เชอร์	0	T IY CH ER
teaching	ˈtiː.tʃɪŋ	ที-ชิง	0	T IY CH IH NG
team	tiːm	ทีม	0	T IY M
tear	ter	แทร์	0	T EH R
technical	ˈtek.nɪ.kəl	เท็ค-นิ-เคิล	0	T EH K N IH K AH L
technique	tekˈniːk	เท็ค-นีค	1	T EH K N IY K
technology	tekˈnɑː.lə.dʒi	เท็ค-นา-เลอะ-จี	1	T EH K N AA L AH JH IY
teenage	ˈtiːˌneɪdʒ	ที-เนจ	0	T IY N EY JH
teenager	ˈtiːˌneɪ.dʒɚ	ที-เน-เจอร์	0	T IY N EY JH ER
teenagers	ˈtiːˌneɪ.dʒɚz	ที-เน-เจิร์ซ	0	T IY N EY JH ER Z
teens	tiːnz	ทีนซ์	0	T IY N Z
telephone	ˈtel.əˌfoʊn	เท็ล-เลอะ-โฟน	0	T EH L AH F OW N
telescope	ˈtel.əˌskoʊp	เท็ล-เลอะ-สโกป	0	T EH L AH S K OW P
television	ˈtel.əˌvɪʒ.ən	เท็ล-เลอะ-วิช-เชิน	0	T EH L AH V IH ZH AH N
tell	tel	เท็ล	0	T EH L
temperature	ˈtem.prə.tʃɚ	เท็ม-เพรอะ-เชอร์	0	T EH M P R AH CH ER
temple	ˈtem.pəl	เท็ม-เพิล	0	T EH M P AH L
temporarily	ˌtem.pɚˈer.ə.li	เท็ม-เพอร์-เอ-เรอะ-ลี	2	T EH M P ER EH R AH L IY
temporary	ˈtem.pɚˌer.i	เท็ม-เพอร์-เอ-รี	0	T EH M P ER EH R IY
tempt	tempt	เท็มป์ท์	0	T EH M P T
ten	ten	เท็น	0	T EH N
tenant	ˈten.ənt	เท็น-เนินท์	0	T EH N AH N T
tend	tend	เท็นด์	0	T EH N D
tender	ˈten.dɚ	เท็น-เดอร์	0	T EH N D ER
tennis	ˈten.əs	เท็น-เนิส	0	T EH N AH S
tension	ˈten.ʃən	เท็น-เชิน	0	T EH N SH AH N
tent	tent	เท็นท์	0	T EH N T
tenure	ˈten.jɚ	เท็น-เยอร์	0	T EH N Y ER
term	tɝːm	เทิร์ม	0	T ER M
terminal	ˈtɝː.mə.nəl	เทอร์-เมอะ-เนิล	0	T ER M AH N AH L
terminate	ˈtɝː.məˌneɪt	เทอร์-เมอะ-เนท	0	T ER M AH N EY T
terrain	tɚˈeɪn	เทอร์-เอน	1	T ER EY N
terrible	ˈter.ə.bəl	เท-เรอะ-เบิล	0	T EH R AH B AH L
terrific	tɚˈɪf.ɪk	เทอร์-อิฟ-ฟิค	1	T ER IH F IH K
territory	ˈter.ɪˌtɔː.ri	เท-ริ-ทอ-รี	0	T EH R IH T AO R IY
terror	ˈter.ɚ	เท-เรอร์	0	T EH R ER
terrorism	ˈter.ɚˌɪz.əm	เท-เรอร์-อิซ-เซิม	0	T EH R ER IH Z AH M
terrorist	ˈter.ɚ.ɪst	เท-เรอร์-อิสท์	0	T EH R ER IH S T
test	test	เท็สท์	0	T EH S T
testify	ˈtes.təˌfaɪ	เท็ส-เทอะ-ไฟ	0	T EH S T AH F AY
testimony	ˈtes.təˌmoʊ.ni	เท็ส-เทอะ-โม-นี	0	T EH S T AH M OW N IY
testing	ˈtes.tɪŋ	เท็ส-ทิง	0	T EH S T IH NG
text	tekst	เท็คส์ท์	0	T EH K S T
textbook	ˈtekstˌbʊk	เท็คส์ท์-บุค	0	T EH K S T B UH K
texture	ˈteks.tʃɚ	เท็คส์-เชอร์	0	T EH K S CH ER
thai	taɪ	ไท	0	T AY
than	ðæn	แธน	0	DH AE N
thank	θæŋk	แธงค์	0	TH AE NG K
thankfully	ˈθæŋk.fə.li	แธงค์-เฟอะ-ลี	0	TH AE NG K F AH L IY
thanks	θæŋks	แธงค์ส์	0	TH AE NG K S
that	ðæt	แธท	0	DH AE T
the	ðə	เธอะ	0	DH AH
theatre	ˈθiː.ə.tɚ	ธี-อะ-เทอร์	0	TH IY AH T ER
theatrical	θiˈæt.rɪ.kəl	ธี-แอท-ริ-เคิล	1	TH IY AE T R IH K AH L
theft	θeft	เธ็ฟท์	0	TH EH F T
their	ðer	แธร์	0	DH EH R
theirs	ðerz	แธร์ซ์	0	DH EH R Z
them	ðem	เธ็ม	0	DH EH M
theme	θiːm	ธีม	0	TH IY M
themselves	ðemˈselvz	เธ็ม-เซ็ลฟ์ซ์	1	DH EH M S EH L V Z
then	ðen	เธ็น	0	DH EH N
theoretical	ˌθiː.ɚˈet.ɪ.kəl	ธี-เออร์-เอ็ท-ทิ-เคิล	2	TH IY ER EH T IH K AH L
theory	ˈθɪr.i	ธิ-รี	0	TH IH R IY
therapist	ˈθer.ə.pəst	เธ-เรอะ-เพิสท์	0	TH EH R AH P AH S T
therapy	ˈθer.ə.pi	เธ-เรอะ-พี	0	TH EH R AH P IY
there	ðer	แธร์	0	DH EH R
thereafter	ðeˈræf.tɚ	เธ-แรฟ-เทอร์	1	DH EH R AE F T ER
thereby	ˈðerˈbaɪ	แธร์-ไบ	0	DH EH R B AY
therefore	ˈðerˌfɔːr	แธร์-ฟอร์	0	DH EH R F AO R
thesis	ˈθiː.səs	ธี-เซิส	0	TH IY S AH S
they	ðeɪ	เธ	0	DH EY
thick	θɪk	ธิค	0	TH IH K
thief	θiːf	ธีฟ	0	TH IY F
thieves	θiːvz	ธีฟซ์	0	TH IY V Z
thin	θɪn	ธิน	0	TH IH N
thing	θɪŋ	ธิง	0	TH IH NG
think	θɪŋk	ธิงค์	0	TH IH NG K
thinking	ˈθɪŋ.kɪŋ	ธิง-คิง	0	TH IH NG K IH NG
third	θɝːd	เธิร์ด	0	TH ER D
thirsty	ˈθɝː.sti	เธอร์-สตี	0	TH ER S T IY
thirteen	ˈθɝːˈtiːn	เธอร์-ทีน	0	TH ER T IY N
thirty	ˈθɝː.di	เธอร์-ดี	0	TH ER D IY
this	ðɪs	ธิส	0	DH IH S
thorough	ˈθɝː.oʊ	เธอร์-โอ	0	TH ER OW
thoroughly	ˈθɝː.oʊ.li	เธอร์-โอ-ลี	0	TH ER OW L IY
those	ðoʊz	โธซ	0	DH OW Z
though	ðoʊ	โธ	0	DH OW
thought	θɔːt	ธอท	0	TH AO T
thoughtful	ˈθɔːt.fəl	ธอท-เฟิล	0	TH AO T F AH L
thousand	ˈθaʊ.zənd	เธา-เซินด์	0	TH AW Z AH N D
thread	θred	เธร็ด	0	TH R EH D
threat	θret	เธร็ท	0	TH R EH T
threaten	ˈθret.ən	เธร็ท-เทิน	0	TH R EH T AH N
three	θriː	ธรี	0	TH R IY
threshold	ˈθreʃˌoʊld	เธร็ช-โชลด์	0	TH R EH SH OW L D
thrilled	θrɪld	ธริลด์	0	TH R IH L D
thrilling	ˈθrɪl.ɪŋ	ธริล-ลิง	0	TH R IH L IH NG
thrive	θraɪv	ไธรฟ์	0	TH R AY V
throat	θroʊt	โธรท	0	TH R OW T
through	θruː	ธรู	0	TH R UW
throughout	θruˈaʊt	ธรู-เอาท์	1	TH R UW AW T
throw	θroʊ	โธร	0	TH R OW
thursday	ˈθɝːzˌdeɪ	เธิร์ซ-เด	0	TH ER Z D EY
thus	ðʌs	ธัส	0	DH AH S
ticket	ˈtɪk.ət	ทิค-เคิท	0	T IH K AH T
tide	taɪd	ไทด์	0	T AY D
tidy	ˈtaɪ.di	ไท-ดี	0	T AY D IY
tie	taɪ	ไท	0	T AY
tight	taɪt	ไทท์	0	T AY T
tighten	ˈtaɪ.tən	ไท-เทิน	0	T AY T AH N
till	tɪl	ทิล	0	T IH L
timber	ˈtɪm.bɚ	ทิม-เบอร์	0	T IH M B ER
time	taɪm	ไทม์	0	T AY M
timing	ˈtaɪ.mɪŋ	ไท-มิง	0	T AY M IH NG
tin	tɪn	ทิน	0	T IH N
tiny	ˈtaɪ.ni	ไท-นี	0	T AY N IY
tip	tɪp	ทิป	0	T IH P
tired	ˈtaɪ.ɚd	ไท-เอิร์ด	0	T AY ER D
tissue	ˈtɪsˌjuː	ทิส-ยู	0	T IH S Y UW
title	ˈtaɪ.təl	ไท-เทิล	0	T AY T AH L
to	tuː	ทู	0	T UW
today	təˈdeɪ	เทอะ-เด	1	T AH D EY
toe	toʊ	โท	0	T OW
together	təˈɡeð.ɚ	เทอะ-เก็ธ-เธอร์	1	T AH G EH DH ER
toilet	ˈtɔɪ.lət	ทอย-เลิท	0	T OY L AH T
tolerance	ˈtɑː.lɚ.əns	ทา-เลอร์-เอินส์	0	T AA L ER AH N S
tolerate	ˈtɑː.lɚˌeɪt	ทา-เลอร์-เอท	0	T AA L ER EY T
toll	toʊl	โทล	0	T OW L
tomato	təˈmeɪˌtoʊ	เทอะ-เม-โท	1	T AH M EY T OW
tomb	tuːm	ทูม	0	T UW M
tomorrow	təˈmɑːˌroʊ	เทอะ-มา-โร	1	T AH M AA R OW
tone	toʊn	โทน	0	T OW N
tongue	tʌŋ	ทัง	0	T AH NG
tonight	təˈnaɪt	เทอะ-ไนท์	1	T AH N AY T
too	tuː	ทู	0	T UW
tool	tuːl	ทูล	0	T UW L
tooth	tuːθ	ทูธ	0	T UW TH
top	tɑːp	ทาป	0	T AA P
topic	ˈtɑː.pɪk	ทา-พิค	0	T AA P IH K
torture	ˈtɔːr.tʃɚ	ทอร์-เชอร์	0	T AO R CH ER
total	ˈtoʊ.təl	โท-เทิล	0	T OW T AH L
totally	ˈtoʊ.tə.li	โท-เทอะ-ลี	0	T OW T AH L IY
touch	tʌtʃ	ทัช	0	T AH CH
tough	tʌf	ทัฟ	0	T AH F
tour	tʊr	ทัวร์	0	T UH R
tourism	ˈtʊrˌɪz.əm	ทุ-ริซ-เซิม	0	T UH R IH Z AH M
tourist	ˈtʊr.əst	ทุ-เริสท์	0	T UH R AH S T
tournament	ˈtʊr.nə.mənt	ทัวร์-เนอะ-เมินท์	0	T UH R N AH M AH N T
towards	təˈwɔːrdz	เทอะ-วอร์ด์ซ์	1	T AH W AO R D Z
towel	ˈtaʊ.əl	เทา-เอิล	0	T AW AH L
tower	ˈtaʊ.ɚ	เทา-เออร์	0	T AW ER
town	taʊn	เทาน์	0	T AW N
toxic	ˈtɑːk.sɪk	ทาค-ซิค	0	T AA K S IH K
toy	tɔɪ	ทอย	0	T OY
trace	treɪs	เทรส	0	T R EY S
track	træk	แทรค	0	T R AE K
trade	treɪd	เทรด	0	T R EY D
trademark	ˈtreɪdˌmɑːrk	เทรด-มาร์ค์	0	T R EY D M AA R K
trader	ˈtreɪ.dɚ	เทร-เดอร์	0	T R EY D ER
trading	ˈtreɪ.dɪŋ	เทร-ดิง	0	T R EY D IH NG
tradition	trəˈdɪʃ.ən	เทรอะ-ดิช-เชิน	1	T R AH D IH SH AH N
traditional	trəˈdɪʃ.ə.nəl	เทรอะ-ดิช-เชอะ-เนิล	1	T R AH D IH SH AH N AH L
traffic	ˈtræf.ɪk	แทรฟ-ฟิค	0	T R AE F IH K
tragedy	ˈtrædʒ.ə.di	แทรจ-เจอะ-ดี	0	T R AE JH AH D IY
tragic	ˈtrædʒ.ɪk	แทรจ-จิค	0	T R AE JH IH K
trail	treɪl	เทรล	0	T R EY L
trailer	ˈtreɪ.lɚ	เทร-เลอร์	0	T R EY L ER
train	treɪn	เทรน	0	T R EY N
trainer	ˈtreɪ.nɚ	เทร-เนอร์	0	T R EY N ER
training	ˈtreɪ.nɪŋ	เทร-นิง	0	T R EY N IH NG
trait	treɪt	เทรท	0	T R EY T
transaction	trænˈzæk.ʃən	แทรน-แซค-เชิน	1	T R AE N Z AE K SH AH N
transcript	ˈtrænˌskrɪpt	แทรน-สกริปท์	0	T R AE N S K R IH P T
transfer	trænˈsfɝː	แทรน-สเฟอร์	1	T R AE N S F ER
transform	trænˈsfɔːrm	แทรน-สฟอร์ม์	1	T R AE N S F AO R M
transformation	ˌtræn.sfɚˈmeɪ.ʃən	แทรน-สเฟอร์-เม-เชิน	2	T R AE N S F ER M EY SH AH N
transit	ˈtræn.zɪt	แทรน-ซิท	0	T R AE N Z IH T
transition	trænˈzɪʃ.ən	แทรน-ซิช-เชิน	1	T R AE N Z IH SH AH N
translate	trænzˈleɪt	แทรนซ์-เลท	1	T R AE N Z L EY T
translation	trænzˈleɪ.ʃən	แทรนซ์-เล-เชิน	1	T R AE N Z L EY SH AH N
transmission	trænˈsmɪʃ.ən	แทรน-สมิช-เชิน	1	T R AE N S M IH SH AH N
transmit	trænzˈmɪt	แทรนซ์-มิท	1	T R AE N Z M IH T
transparency	trænˈsper.ən.si	แทรน-สเป-เริน-ซี	1	T R AE N S P EH R AH N S IY
transparent	trænˈsper.ənt	แทรน-สเป-เรินท์	1	T R AE N S P EH R AH N T
transport	trænˈspɔːrt	แทรน-สปอร์ท์	1	T R AE N S P AO R T
transportation	ˌtræn.spɚˈteɪ.ʃən	แทรน-สเปอร์-เท-เชิน	2	T R AE N S P ER T EY SH AH N
trap	træp	แทรป	0	T R AE P
trauma	ˈtrɔː.mə	ทรอ-เมอะ	0	T R AO M AH
travel	ˈtræv.əl	แทรฟ-เวิล	0	T R AE V AH L
traveller	ˈtræv.ə.lɚ	แทรฟ-เวอะ-เลอร์	0	T R AE V AH L ER
treasure	ˈtreʒ.ɚ	เทร็ช-เชอร์	0	T R EH ZH ER
treat	triːt	ทรีท	0	T R IY T
treatment	ˈtriːt.mənt	ทรีท-เมินท์	0	T R IY T M AH N T
treaty	ˈtriː.ti	ทรี-ที	0	T R IY T IY
tree	triː	ทรี	0	T R IY
tremendous	trəˈmen.dəs	เทรอะ-เม็น-เดิส	1	T R AH M EH N D AH S
trend	trend	เทร็นด์	0	T R EH N D
trial	ˈtraɪ.əl	ไทร-เอิล	0	T R AY AH L
tribal	ˈtraɪ.bəl	ไทร-เบิล	0	T R AY B AH L
tribe	traɪb	ไทรบ์	0	T R AY B
tribunal	trəˈbjuː.nəl	เทรอะ-บิว-เนิล	1	T R AH B Y UW N AH L
tribute	ˈtrɪb.jut	ทริบ-ยูท	0	T R IH B Y UW T
trick	trɪk	ทริค	0	T R IH K
tried	traɪd	ไทรด์	0	T R AY D
trigger	ˈtrɪɡ.ɚ	ทริก-เกอร์	0	T R IH G ER
triggered	ˈtrɪɡ.ɚd	ทริก-เกิร์ด	0	T R IH G ER D
trillion	ˈtrɪl.jən	ทริล-เยิน	0	T R IH L Y AH N
trio	ˈtriːˌoʊ	ทรี-โอ	0	T R IY OW
trip	trɪp	ทริป	0	T R IH P
triumph	ˈtraɪ.əmf	ไทร-เอิมฟ์	0	T R AY AH M F
troop	truːp	ทรูป	0	T R UW P
trophy	ˈtroʊ.fi	โทร-ฟี	0	T R OW F IY
tropical	ˈtrɑː.pɪ.kəl	ทรา-พิ-เคิล	0	T R AA P IH K AH L
trouble	ˈtrʌb.əl	ทรับ-เบิล	0	T R AH B AH L
troubled	ˈtrʌb.əld	ทรับ-เบิลด์	0	T R AH B AH L D
trousers	ˈtraʊ.zɚz	เทรา-เซิร์ซ	0	T R AW Z ER Z
truck	trʌk	ทรัค	0	T R AH K
true	truː	ทรู	0	T R UW
truly	ˈtruː.li	ทรู-ลี	0	T R UW L IY
trust	trʌst	ทรัสท์	0	T R AH S T
trustee	ˌtrʌsˈtiː	ทรัส-ที	1	T R AH S T IY
truth	truːθ	ทรูธ	0	T R UW TH
try	traɪ	ไทร	0	T R AY
tube	tuːb	ทูบ	0	T UW B
tuesday	ˈtuːz.di	ทูซ-ดี	0	T UW Z D IY
tuition	tjuˈɪʃ.ən	ทิว-อิช-เชิน	1	T Y UW IH SH AH N
tune	tuːn	ทูน	0	T UW N
tunnel	ˈtʌn.əl	ทัน-เนิล	0	T AH N AH L
turn	tɝːn	เทิร์น	0	T ER N
turnout	ˈtɝːˌnaʊt	เทอร์-เนาท์	0	T ER N AW T
turnover	ˈtɝːˌnoʊ.vɚ	เทอร์-โน-เวอร์	0	T ER N OW V ER
tv	ˈtiːˈviː	ที-วี	0	T IY V IY
twelve	twelv	เทว็ลฟ์	0	T W EH L V
twenty	ˈtwen.ti	เทว็น-ที	0	T W EH N T IY
twice	twaɪs	ไทวส์	0	T W AY S
twin	twɪn	ทวิน	0	T W IH N
twist	twɪst	ทวิสท์	0	T W IH S T
two	tuː	ทู	0	T UW
type	taɪp	ไทป์	0	T AY P
typical	ˈtɪp.ə.kəl	ทิป-เพอะ-เคิล	0	T IH P AH K AH L
typically	ˈtɪp.ɪ.kli	ทิป-พิ-คลี	0	T IH P IH K L IY
tyre	taɪr	ไทร์	0	T AY R
ubiquitous	juˈbɪk.wɪ.təs	ยู-บิค-วิ-เทิส	1	Y UW B IH K W IH T AH S
ugly	ˈʌɡ.li	อัก-ลี	0	AH G L IY
ultimately	ˈʌl.tə.mət.li	อัล-เทอะ-เมิท-ลี	0	AH L T AH M AH T L IY
umbrella	əmˈbrel.ə	เอิม-เบร็ล-เลอะ	1	AH M B R EH L AH
unable	əˈneɪ.bəl	อะ-เน-เบิล	1	AH N EY B AH L
uncle	ˈʌŋ.kəl	อัง-เคิล	0	AH NG K AH L
uncomfortable	ənˈkʌm.fɚ.tə.bəl	เอิน-คัม-เฟอร์-เทอะ-เบิล	1	AH N K AH M F ER T AH B AH L
unconscious	ˌʌnˈkɑːn.ʃəs	อัน-คาน-เชิส	1	AH N K AA N SH AH S
under	ˈʌn.dɚ	อัน-เดอร์	0	AH N D ER
undergo	ˌʌn.dɚˈɡoʊ	อัน-เดอร์-โก	2	AH N D ER G OW
undergraduate	ˌʌn.dɚˈɡrædʒ.ə.wət	อัน-เดอร์-แกรจ-เจอะ-เวิท	2	AH N D ER G R AE JH AH W AH T
underground	ˈʌn.dɚˌɡraʊnd	อัน-เดอร์-เกราน์ด์	0	AH N D ER G R AW N D
underlying	ˌʌn.dɚˈlaɪ.ɪŋ	อัน-เดอร์-ไล-อิง	2	AH N D ER L AY IH NG
undermine	ˈʌn.dɚˌmaɪn	อัน-เดอร์-ไมน์	0	AH N D ER M AY N
understand	ˌʌn.dɚˈstænd	อัน-เดอร์-สแตนด์	2	AH N D ER S T AE N D
understanding	ˌʌn.dɚˈstæn.dɪŋ	อัน-เดอร์-สแตน-ดิง	2	AH N D ER S T AE N D IH NG
undertake	ˈʌn.dɚˌteɪk	อัน-เดอร์-เทค	0	AH N D ER T EY K
underwear	ˈʌn.dɚˌwer	อัน-เดอร์-แวร์	0	AH N D ER W EH R
undoubtedly	ənˈdaʊ.tɪd.li	เอิน-เดา-ทิด-ลี	1	AH N D AW T IH D L IY
unemployed	ˌʌn.emˈplɔɪd	อัน-เน็ม-พลอยด์	2	AH N EH M P L OY D
unemployment	ˌʌn.ɪmˈplɔɪ.mənt	อัน-นิม-พลอย-เมินท์	2	AH N IH M P L OY M AH N T
unexpected	ˌʌn.ɪkˈspek.tɪd	อัน-นิค-สเป็ค-ทิด	2	AH N IH K S P EH K T IH D
unfair	ənˈfer	เอิน-แฟร์	1	AH N F EH R
unfortunately	ənˈfɔːr.tʃə.nət.li	เอิน-ฟอร์-เชอะ-เนิท-ลี	1	AH N F AO R CH AH N AH T L IY
unhappy	ənˈhæp.i	เอิน-แฮป-พี	1	AH N HH AE P IY
uniform	ˈjuː.nəˌfɔːrm	ยู-เนอะ-ฟอร์ม์	0	Y UW N AH F AO R M
unify	ˈjuː.nəˌfaɪ	ยู-เนอะ-ไฟ	0	Y UW N AH F AY
union	ˈjuː.njən	ยู-เนิน	0	Y UW N Y AH N
unions	ˈjuː.njənz	ยู-เนินซ์	0	Y UW N Y AH N Z
unique	juˈniːk	ยู-นีค	1	Y UW N IY K
unit	ˈjuː.nət	ยู-เนิท	0	Y UW N AH T
united	juˈnaɪ.tɪd	ยู-ไน-ทิด	1	Y UW N AY T IH D
universe	ˈjuː.nəˌvɝːs	ยู-เนอะ-เวิร์ส	0	Y UW N AH V ER S
university	ˌjuː.nəˈvɝː.sə.ti	ยู-เนอะ-เวอร์-เซอะ-ที	2	Y UW N AH V ER S AH T IY
unknown	ənˈnoʊn	เอิน-โนน	1	AH N N OW N
unless	ənˈles	เอิน-เล็ส	1	AH N L EH S
unlike	ənˈlaɪk	เอิน-ไลค์	1	AH N L AY K
unlikely	ənˈlaɪ.kli	เอิน-ไล-คลี	1	AH N L AY K L IY
unnecessary	ənˈnes.əˌser.i	เอิน-เน็ส-เซอะ-เซ-รี	1	AH N N EH S AH S EH R IY
unpleasant	ənˈplez.ənt	เอิน-เพล็ซ-เซินท์	1	AH N P L EH Z AH N T
unprecedented	ənˈpres.ɪˌden.tɪd	เอิน-เพร็ส-ซิ-เด็น-ทิด	1	AH N P R EH S IH D EH N T IH D
until	ənˈtɪl	เอิน-ทิล	1	AH N T IH L
unusual	əˈnjuːˌʒuː.əl	อะ-นิว-ชู-เอิล	1	AH N Y UW ZH UW AH L
unveil	ənˈveɪl	เอิน-เวล	1	AH N V EY L
up	ʌp	อัป	0	AH P
upcoming	ˈʌpˌkʌm.ɪŋ	อัป-คัม-มิง	0	AH P K AH M IH NG
update	əpˈdeɪt	เอิป-เดท	1	AH P D EY T
upgrade	əpˈɡreɪd	เอิป-เกรด	1	AH P G R EY D
uphold	əpˈhoʊld	เอิป-โฮลด์	1	AH P HH OW L D
upon	əˈpɑːn	อะ-พาน	1	AH P AA N
upper	ˈʌp.ɚ	อัป-เพอร์	0	AH P ER
upset	əpˈset	เอิป-เซ็ท	1	AH P S EH T
upstairs	əpˈsterz	เอิป-สแตร์ซ์	1	AH P S T EH R Z
upwards	ˈʌp.wɚdz	อัป-เวิร์ดซ์	0	AH P W ER D Z
urban	ˈɝː.bən	เออร์-เบิน	0	ER B AH N
urge	ɝːdʒ	เอิร์จ	0	ER JH
us	ʌs	อัส	0	AH S
use	juːs	ยูส	0	Y UW S
used	juːzd	ยูซด์	0	Y UW Z D
useful	ˈjuː.sfəl	ยู-สเฟิล	0	Y UW S F AH L
user	ˈjuː.zɚ	ยู-เซอร์	0	Y UW Z ER
using	ˈjuː.zɪŋ	ยู-ซิง	0	Y UW Z IH NG
usual	ˈjuː.ʒə.wəl	ยู-เชอะ-เวิล	0	Y UW ZH AH W AH L
usually	ˈjuː.ʒə.wə.li	ยู-เชอะ-เวอะ-ลี	0	Y UW ZH AH W AH L IY
utility	juˈtɪl.ə.ti	ยู-ทิล-เลอะ-ที	1	Y UW T IH L AH T IY
utilize	ˈjuː.təˌlaɪz	ยู-เทอะ-ไลซ์	0	Y UW T AH L AY Z
utterly	ˈʌt.ɚ.li	อัท-เทอร์-ลี	0	AH T ER L IY
vacation	veɪˈkeɪ.ʃən	เว-เค-เชิน	1	V EY K EY SH AH N
vacuum	ˈvæk.jum	แวค-ยูม	0	V AE K Y UW M
vague	veɪɡ	เวก	0	V EY G
valid	ˈvæl.ɪd	แวล-ลิด	0	V AE L IH D
validity	vəˈlɪd.ə.ti	เวอะ-ลิด-เดอะ-ที	1	V AH L IH D AH T IY
valley	ˈvæl.i	แวล-ลี	0	V AE L IY
valuable	ˈvæl.jə.bəl	แวล-เยอะ-เบิล	0	V AE L Y AH B AH L
value	ˈvæl.ju	แวล-ยู	0	V AE L Y UW
van	væn	แวน	0	V AE N
vanish	ˈvæn.ɪʃ	แวน-นิช	0	V AE N IH SH
variable	ˈver.i.ə.bəl	เว-รี-อะ-เบิล	0	V EH R IY AH B AH L
variation	ˌver.iˈeɪ.ʃən	เว-รี-เอ-เชิน	2	V EH R IY EY SH AH N
varied	ˈver.id	เว-รีด	0	V EH R IY D
variety	vɚˈaɪ.ə.ti	เวอร์-ไอ-อะ-ที	1	V ER AY AH T IY
various	ˈver.i.əs	เว-รี-เอิส	0	V EH R IY AH S
vary	ˈver.i	เว-รี	0	V EH R IY
vast	væst	แวสท์	0	V AE S T
vegetable	ˈvedʒ.tə.bəl	เว็จ-เทอะ-เบิล	0	V EH JH T AH B AH L
vehicle	ˈviː.hɪ.kəl	วี-ฮิ-เคิล	0	V IY HH IH K AH L
vein	veɪn	เวน	0	V EY N
venture	ˈven.tʃɚ	เว็น-เชอร์	0	V EH N CH ER
venue	ˈven.ju	เว็น-ยู	0	V EH N Y UW
verbal	ˈvɝː.bəl	เวอร์-เบิล	0	V ER B AH L
verdict	ˈvɝː.dɪkt	เวอร์-ดิคท์	0	V ER D IH K T
verify	ˈver.əˌfaɪ	เว-เรอะ-ไฟ	0	V EH R AH F AY
verse	vɝːs	เวิร์ส	0	V ER S
version	ˈvɝː.ʒən	เวอร์-เชิน	0	V ER ZH AH N
versus	ˈvɝː.səs	เวอร์-เซิส	0	V ER S AH S
vertical	ˈvɝː.tɪ.kəl	เวอร์-ทิ-เคิล	0	V ER T IH K AH L
very	ˈver.i	เว-รี	0	V EH R IY
vessel	ˈves.əl	เว็ส-เซิล	0	V EH S AH L
veteran	ˈvet.ɚ.ən	เว็ท-เทอร์-เอิน	0	V EH T ER AH N
via	ˈvaɪ.ə	ไว-อะ	0	V AY AH
viable	ˈvaɪ.ə.bəl	ไว-อะ-เบิล	0	V AY AH B AH L
vibrant	ˈvaɪ.brənt	ไว-เบรินท์	0	V AY B R AH N T
vice	vaɪs	ไวส์	0	V AY S
vicious	ˈvɪʃ.əs	วิช-เชิส	0	V IH SH AH S
victim	ˈvɪk.təm	วิค-เทิม	0	V IH K T AH M
victory	ˈvɪk.tɚ.i	วิค-เทอร์-อี	0	V IH K T ER IY
video	ˈvɪd.i.oʊ	วิด-ดี-โอ	0	V IH D IY OW
view	vjuː	วิว	0	V Y UW
viewer	ˈvjuː.ɚ	วิว-เออร์	0	V Y UW ER
village	ˈvɪl.ədʒ	วิล-เลิจ	0	V IH L AH JH
villager	ˈvɪl.ɪ.dʒɚ	วิล-ลิ-เจอร์	0	V IH L IH JH ER
villagers	ˈvɪl.ɪ.dʒɚz	วิล-ลิ-เจิร์ซ	0	V IH L IH JH ER Z
violate	ˈvaɪ.ə.leɪt	ไว-อะ-เลท	0	V AY AH L EY T
violation	vaɪ.əˈleɪ.ʃən	ไว-อะ-เล-เชิน	2	V AY AH L EY SH AH N
violence	ˈvaɪ.ə.ləns	ไว-อะ-เลินส์	0	V AY AH L AH N S
violent	ˈvaɪ.ə.lənt	ไว-อะ-เลินท์	0	V AY AH L AH N T
virtual	ˈvɝː.tʃu.əl	เวอร์-ชู-เอิล	0	V ER CH UW AH L
virtue	ˈvɝː.tʃu	เวอร์-ชู	0	V ER CH UW
virus	ˈvaɪ.rəs	ไว-เริส	0	V AY R AH S
visa	ˈviː.zə	วี-เซอะ	0	V IY Z AH
visibility	ˌvɪz.əˈbɪl.ɪ.ti	วิซ-เซอะ-บิล-ลิ-ที	2	V IH Z AH B IH L IH T IY
visible	ˈvɪz.ə.bəl	วิซ-เซอะ-เบิล	0	V IH Z AH B AH L
vision	ˈvɪʒ.ən	วิช-เชิน	0	V IH ZH AH N
visit	ˈvɪz.ɪt	วิซ-ซิท	0	V IH Z IH T
visited	ˈvɪz.ɪ.tɪd	วิซ-ซิ-ทิด	0	V IH Z IH T IH D
visitor	ˈvɪz.ɪ.tɚ	วิซ-ซิ-เทอร์	0	V IH Z IH T ER
visual	ˈvɪʒ.ə.wəl	วิช-เชอะ-เวิล	0	V IH ZH AH W AH L
vital	ˈvaɪ.təl	ไว-เทิล	0	V AY T AH L
vitamin	ˈvaɪ.tə.mən	ไว-เทอะ-เมิน	0	V AY T AH M AH N
vocal	ˈvoʊ.kəl	โว-เคิล	0	V OW K AH L
voice	vɔɪs	วอยส์	0	V OY S
volume	ˈvɑːl.jum	วาล-ยูม	0	V AA L Y UW M
voluntary	ˈvɑː.lən.te.ri	วา-เลิน-เท-รี	0	V AA L AH N T EH R IY
volunteer	ˌvɑː.lənˈtɪr	วา-เลิน-เทียร์	2	V AA L AH N T IH R
vote	voʊt	โวท	0	V OW T
voting	ˈvoʊ.tɪŋ	โว-ทิง	0	V OW T IH NG
vow	vaʊ	เวา	0	V AW
vulnerability	ˌvʌl.nɚ.əˈbɪl.ɪ.ti	วัล-เนอร์-อะ-บิล-ลิ-ที	3	V AH L N ER AH B IH L IH T IY
vulnerable	ˈvʌl.nɚ.ə.bəl	วัล-เนอร์-อะ-เบิล	0	V AH L N ER AH B AH L
wage	weɪdʒ	เวจ	0	W EY JH
wait	weɪt	เวท	0	W EY T
waiter	ˈweɪ.tɚ	เว-เทอร์	0	W EY T ER
waiting	ˈweɪ.tɪŋ	เว-ทิง	0	W EY T IH NG
wake	weɪk	เวค	0	W EY K
walk	wɔːk	วอค	0	W AO K
walking	ˈwɔː.kɪŋ	วอ-คิง	0	W AO K IH NG
wall	wɔːl	วอล	0	W AO L
wallet	ˈwɔː.lət	วอ-เลิท	0	W AO L AH T
wander	ˈwɑːn.dɚ	วาน-เดอร์	0	W AA N D ER
want	wɑːnt	วานท์	0	W AA N T
war	wɔːr	วอร์	0	W AO R
ward	wɔːrd	วอร์ด์	0	W AO R D
warehouse	ˈwerˌhaʊs	แวร์-เฮาส์	0	W EH R HH AW S
warfare	ˈwɔːrˌfer	วอร์-แฟร์	0	W AO R F EH R
warm	wɔːrm	วอร์ม์	0	W AO R M
warn	wɔːrn	วอร์น์	0	W AO R N
warning	ˈwɔːr.nɪŋ	วอร์-นิง	0	W AO R N IH NG
warrant	ˈwɔː.rənt	วอ-เรินท์	0	W AO R AH N T
warrior	ˈwɔː.ri.ɚ	วอ-รี-เออร์	0	W AO R IY ER
was	wɑːz	วาซ	0	W AA Z
wash	wɑːʃ	วาช	0	W AA SH
washing	ˈwɑː.ʃɪŋ	วา-ชิง	0	W AA SH IH NG
wasn't	ˈwɑː.zənt	วา-เซินท์	0	W AA Z AH N T
waste	weɪst	เวสท์	0	W EY S T
watch	wɑːtʃ	วาช	0	W AA CH
watching	ˈwɑː.tʃɪŋ	วา-ชิง	0	W AA CH IH NG
water	ˈwɔː.tɚ	วอ-เทอร์	0	W AO T ER
wave	weɪv	เวฟ	0	W EY V
way	weɪ	เว	0	W EY
we	wiː	วี	0	W IY
weak	wiːk	วีค	0	W IY K
weaken	ˈwiː.kən	วี-เคิน	0	W IY K AH N
weakness	ˈwiːk.nəs	วีค-เนิส	0	W IY K N AH S
wealth	welθ	เว็ลธ์	0	W EH L TH
wealthy	ˈwel.θi	เว็ล-ธี	0	W EH L TH IY
weapon	ˈwep.ən	เว็ป-เพิน	0	W EH P AH N
wear	wer	แวร์	0	W EH R
wearing	ˈwer.ɪŋ	เว-ริง	0	W EH R IH NG
weather	ˈweð.ɚ	เว็ธ-เธอร์	0	W EH DH ER
weave	wiːv	วีฟ	0	W IY V
web	web	เว็บ	0	W EH B
website	ˈwebˌsaɪt	เว็บ-ไซท์	0	W EH B S AY T
wedding	ˈwed.ɪŋ	เว็ด-ดิง	0	W EH D IH NG
wednesday	ˈwenz.di	เว็นซ์-ดี	0	W EH N Z D IY
weed	wiːd	วีด	0	W IY D
week	wiːk	วีค	0	W IY K
weekend	ˈwiːˌkend	วี-เค็นด์	0	W IY K EH N D
weekly	ˈwiː.kli	วี-คลี	0	W IY K L IY
weeks	wiːks	วีคส์	0	W IY K S
weigh	weɪ	เว	0	W EY
weight	weɪt	เวท	0	W EY T
welcome	ˈwel.kəm	เว็ล-เคิม	0	W EH L K AH M
welfare	ˈwelˌfer	เว็ล-แฟร์	0	W EH L F EH R
well	wel	เว็ล	0	W EH L
went	went	เว็นท์	0	W EH N T
were	wɝː	เวอร์	0	W ER
west	west	เว็สท์	0	W EH S T
western	ˈwes.tɚn	เว็ส-เทิร์น	0	W EH S T ER N
wet	wet	เว็ท	0	W EH T
what	wʌt	วัท	0	W AH T
whatever	ˌwʌtˈev.ɚ	วัท-เท็ฟ-เวอร์	1	W AH T EH V ER
whatsoever	ˌwʌt.soʊˈev.ɚ	วัท-โซ-เอ็ฟ-เวอร์	2	W AH T S OW EH V ER
wheat	wiːt	วีท	0	W IY T
wheel	wiːl	วีล	0	W IY L
when	wen	เว็น	0	W EH N
whenever	weˈnev.ɚ	เว-เน็ฟ-เวอร์	1	W EH N EH V ER
where	wer	แวร์	0	W EH R
whereas	weˈræz	เว-แรซ	1	W EH R AE Z
wherever	weˈrev.ɚ	เว-เร็ฟ-เวอร์	1	W EH R EH V ER
whether	ˈweð.ɚ	เว็ธ-เธอร์	0	W EH DH ER
which	wɪtʃ	วิช	0	W IH CH
while	waɪl	ไวล์	0	W AY L
whilst	waɪlst	ไวล์ส์ท์	0	W AY L S T
whisper	ˈwɪs.pɚ	วิส-เพอร์	0	W IH S P ER
white	waɪt	ไวท์	0	W AY T
who	huː	ฮู	0	HH UW
whoever	huˈev.ɚ	ฮู-เอ็ฟ-เวอร์	1	HH UW EH V ER
whole	hoʊl	โฮล	0	HH OW L
whom	huːm	ฮูม	0	HH UW M
whose	huːz	ฮูซ	0	HH UW Z
why	waɪ	ไว	0	W AY
wide	waɪd	ไวด์	0	W AY D
widely	ˈwaɪd.li	ไวด์-ลี	0	W AY D L IY
widow	ˈwɪd.oʊ	วิด-โด	0	W IH D OW
width	wɪdθ	วิดธ์	0	W IH D TH
wife	waɪf	ไวฟ์	0	W AY F
wild	waɪld	ไวล์ด์	0	W AY L D
wildlife	ˈwaɪldˌlaɪf	ไวล์ด์-ไลฟ์	0	W AY L D L AY F
wildly	ˈwaɪld.li	ไวล์ด์-ลี	0	W AY L D L IY
will	wɪl	วิล	0	W IH L
willing	ˈwɪl.ɪŋ	วิล-ลิง	0	W IH L IH NG
willingness	ˈwɪl.ɪŋ.nəs	วิล-ลิง-เนิส	0	W IH L IH NG N AH S
win	wɪn	วิน	0	W IH N
wind	waɪnd	ไวน์ด์	0	W AY N D
window	ˈwɪn.doʊ	วิน-โด	0	W IH N D OW
wine	waɪn	ไวน์	0	W AY N
wing	wɪŋ	วิง	0	W IH NG
winner	ˈwɪn.ɚ	วิน-เนอร์	0	W IH N ER
winter	ˈwɪn.tɚ	วิน-เทอร์	0	W IH N T ER
wire	ˈwaɪ.ɚ	ไว-เออร์	0	W AY ER
wise	waɪz	ไวซ์	0	W AY Z
wish	wɪʃ	วิช	0	W IH SH
wit	wɪt	วิท	0	W IH T
with	wɪð	วิธ	0	W IH DH
withdraw	wɪðˈdrɔː	วิธ-ดรอ	1	W IH DH D R AO
withdrawal	wɪðˈdrɔː.əl	วิธ-ดรอ-เอิล	1	W IH DH D R AO AH L
within	wɪˈðɪn	วิ-ธิน	1	W IH DH IH N
without	wɪˈθaʊt	วิ-เธาท์	1	W IH TH AW T
withstand	wɪθˈstænd	วิธ-สแตนด์	1	W IH TH S T AE N D
witness	ˈwɪt.nəs	วิท-เนิส	0	W IH T N AH S
woman	ˈwʊm.ən	วุม-เมิน	0	W UH M AH N
won't	woʊnt	โวนท์	0	W OW N T
wonder	ˈwʌn.dɚ	วัน-เดอร์	0	W AH N D ER
wonderful	ˈwʌn.dɚ.fəl	วัน-เดอร์-เฟิล	0	W AH N D ER F AH L
wood	wʊd	วุด	0	W UH D
wooden	ˈwʊd.ən	วุด-เดิน	0	W UH D AH N
wool	wʊl	วุล	0	W UH L
word	wɝːd	เวิร์ด	0	W ER D
work	wɝːk	เวิร์ค	0	W ER K
worked	wɝːkt	เวิร์คท์	0	W ER K T
worker	ˈwɝː.kɚ	เวอร์-เคอร์	0	W ER K ER
workforce	ˈwɝːkˌfɔːrs	เวิร์ค-ฟอร์ส์	0	W ER K F AO R S
working	ˈwɝː.kɪŋ	เวอร์-คิง	0	W ER K IH NG
workplace	ˈwɝːkˌpleɪs	เวิร์ค-เพลส	0	W ER K P L EY S
works	wɝːks	เวิร์คส์	0	W ER K S
workshop	ˈwɝːkˌʃɑːp	เวิร์ค-ชาป	0	W ER K SH AA P
world	wɝːld	เวิร์ลด์	0	W ER L D
worldwide	ˈwɝːlˈdwaɪd	เวิร์ล-ไดวด์	0	W ER L D W AY D
worried	ˈwɝː.id	เวอร์-อีด	0	W ER IY D
worry	ˈwɝː.i	เวอร์-อี	0	W ER IY
worse	wɝːs	เวิร์ส	0	W ER S
worship	ˈwɝː.ʃəp	เวอร์-เชิป	0	W ER SH AH P
worst	wɝːst	เวิร์สท์	0	W ER S T
worth	wɝːθ	เวิร์ธ	0	W ER TH
worthwhile	ˈwɝːˈθwaɪl	เวอร์-ไธวล์	0	W ER TH W AY L
worthy	ˈwɝː.ði	เวอร์-ธี	0	W ER DH IY
would	wʊd	วุด	0	W UH D
wound	waʊnd	เวาน์ด์	0	W AW N D
wow	waʊ	เวา	0	W AW
wrap	ræp	แรป	0	R AE P
wrist	rɪst	ริสท์	0	R IH S T
write	raɪt	ไรท์	0	R AY T
writer	ˈraɪ.tɚ	ไร-เทอร์	0	R AY T ER
writing	ˈraɪ.tɪŋ	ไร-ทิง	0	R AY T IH NG
written	ˈrɪt.ən	ริท-เทิน	0	R IH T AH N
wrong	rɔːŋ	รอง	0	R AO NG
yard	jɑːrd	ยาร์ด์	0	Y AA R D
yeah	jæ	แย	0	Y AE
year	jɪr	เยียร์	0	Y IH R
years	jɪrz	เยียร์ซ์	0	Y IH R Z
yellow	ˈjel.oʊ	เย็ล-โล	0	Y EH L OW
yes	jes	เย็ส	0	Y EH S
yesterday	ˈjes.tɚˌdeɪ	เย็ส-เทอร์-เด	0	Y EH S T ER D EY
yet	jet	เย็ท	0	Y EH T
yield	jiːld	ยีลด์	0	Y IY L D
you	juː	ยู	0	Y UW
young	jʌŋ	ยัง	0	Y AH NG
youngster	ˈjʌŋ.stɚ	ยัง-สเตอร์	0	Y AH NG S T ER
your	jɔːr	ยอร์	0	Y AO R
yours	jʊrz	ยัวร์ซ์	0	Y UH R Z
yourself	jɚˈself	เยอร์-เซ็ลฟ์	1	Y ER S EH L F
youth	juːθ	ยูธ	0	Y UW TH
zero	ˈzɪr.oʊ	ซิ-โร	0	Z IH R OW
zone	zoʊn	โซน	0	Z OW N
